round,phase,lr,gate,aux_scale,a_ratio,a_mean_weight,a_effective_mass_per_u,a_wrong_mass_per_u,b_ratio,b_mean_weight,b_effective_mass_per_u,b_wrong_mass_per_u,c_ratio,b_score_only_candidates,b_score_only_accuracy,b_score_only_admitted,L_sup_effective,L_A_effective,L_B_effective,L_proto_effective,loss_reconstructed,L_feature_effective,teacher_b_visits,teacher_b_precision,bc_feature_std,tail_gate,tail_b_old_mass,tail_b_new_mass,tail_b_old_wrong,tail_b_new_wrong,tail_a_guard_visits,tail_a_guard_correct,tail_a_removed_correct,tail_a_removed_wrong,tail_b_true_prob,tail_b_true_nll,tail_score_0_visits,tail_score_0_correct,tail_score_1_visits,tail_score_1_correct,tail_score_2_visits,tail_score_2_correct,loss_observed,u_visits,local_steps,trust_authority_mean,trust_valid_fraction,trust_refreshes,trusted_weight_gate
226,3,0.021414549027539767,1.0,1.0,0.7305304276315789,0.9023142161291624,0.65916799016689,0.049153276480807875,0.1892783717105263,0.5355413629030706,0.10136639715392927,0.03601994910614418,0.08019120065789474,0,0.0,0,0.003902269630519808,0.14256515291176344,0.0750393864649691,0.021448736869190868,0.2503105699447961,0.007355024068352864,36826,0.6402270135230543,0.03647495605247585,0.002012853002380466,0.0,0.0,0.0,0.0,0.0,0.0,0.0,0.0,21691.578345298767,46213.88064956665,0.0,0.0,0.0,0.0,0.0,0.0,0.2503105701192429,194560,760,0.44311376410095316,0.8353618421052632,40,1.0
227,3,0.020867982892622833,1.0,1.0,0.6947471217105263,0.8960098252490823,0.6225002471161516,0.06315450270562188,0.21421669407894736,0.5455237641502259,0.11686029729776476,0.04351511566936479,0.09103618421052631,0,0.0,0,0.005081390897095461,0.15005662712807719,0.08720569572117376,0.022064758074518884,0.2722228584984259,0.00781438667756064,41678,0.6586208551274053,0.03620538325784238,0.008035205700685166,0.0,0.0,0.0,0.0,0.0,0.0,0.0,0.0,25290.084789276123,48118.60486125946,0.0,0.0,0.0,0.0,0.0,0.0,0.27222285934380797,194560,760,0.4259443529734486,0.814710115131579,40,1.0
228,3,0.02032735294339415,1.0,1.0,0.700426603618421,0.9155661759825283,0.6412869070313478,0.05902925640908315,0.2114309210526316,0.5717544661612419,0.12088657339642707,0.03985584956520286,0.08814247532894737,0,0.0,0,0.004340470927395233,0.15343510529124424,0.0871741727974854,0.02012310011018264,0.2725684985392314,0.007495649412923836,41136,0.6480211979774407,0.036312074792620386,0.01801856965207338,0.0,0.0,0.0,0.0,0.0,0.0,0.0,0.0,24600.38447856903,49630.40572834015,0.0,0.0,0.0,0.0,0.0,0.0,0.27256850012038886,194560,760,0.38784215824776574,0.7300164473684211,40,1.0
229,3,0.01979271846601995,1.0,1.0,0.7092105263157895,0.9181947715317827,0.6511933971784617,0.05172165206259754,0.20363898026315788,0.5720610618470956,0.11649393128280185,0.040073655110992194,0.08715049342105263,0,0.0,0,0.00527077272934931,0.14661642660043742,0.0868976587601202,0.020033394026717076,0.26668395615080953,0.007865704034185527,39620,0.6171125694093892,0.036111787986010314,0.0318825646801314,0.0,0.0,0.0,0.0,0.0,0.0,0.0,0.0,22502.179901599884,53221.92406082153,0.0,0.0,0.0,0.0,0.0,0.0,0.26668395561803326,194560,760,0.39983042472679364,0.74951171875,40,1.0
230,3,0.019264138089195422,1.0,1.0,0.7109375,0.9035590602594555,0.6423740194032067,0.05492648650573469,0.2006321957236842,0.5466200995784235,0.10966959080511803,0.039077344032519154,0.08843030427631579,0,0.0,0,0.004645124472881434,0.14619617431767676,0.08811601705260967,0.021729552918358853,0.26856604569439174,0.00787917693286497,39035,0.6058409120020495,0.03620953696142686,0.04951556604879043,0.0,0.0,0.0,0.0,0.0,0.0,0.0,0.0,21837.521240234375,54440.349937438965,0.0,0.0,0.0,0.0,0.0,0.0,0.26856604577287246,194560,760,0.42957903276148596,0.81279296875,40,1.0
231,3,0.01874166977771553,1.0,1.0,0.7344983552631579,0.9123014995060502,0.6700839508913066,0.04968126576491877,0.1864771792763158,0.5484936297989638,0.10228154493593856,0.034652517480457105,0.07902446546052631,0,0.0,0,0.003991177922044268,0.14156498158546654,0.07555606791406477,0.021617329765699415,0.24940957542684994,0.006680018239574948,36281,0.6229431382817453,0.03636496034205744,0.07077560319906695,0.0,0.0,0.0,0.0,0.0,0.0,0.0,0.0,20459.46610403061,46519.95785903931,0.0,0.0,0.0,0.0,0.0,0.0,0.24940957563292038,194560,760,0.4206765007619795,0.7993678042763158,40,1.0
232,3,0.018225370826118276,1.0,1.0,0.7202765213815789,0.9100696337757525,0.6555017900310065,0.04996320118416885,0.19764597039473683,0.5509289652085896,0.1088888899472199,0.037847831950057295,0.08207750822368422,0,0.0,0,0.003709848258318073,0.14199115640336746,0.07907601636099187,0.021370800325745034,0.2525434509665923,0.006395629618169838,38454,0.6362146980808239,0.0363521574653293,0.09549150281252627,0.0,0.0,0.0,0.0,0.0,0.0,0.0,0.0,22276.006237983704,47100.04392147064,0.0,0.0,0.0,0.0,0.0,0.0,0.2525434508331512,194560,760,0.41858635483995865,0.7860145970394737,40,1.0
233,3,0.017715297852401824,1.0,1.0,0.7230622944078947,0.903657358313123,0.6534005628604638,0.05198503971516498,0.1947728207236842,0.5409711849974177,0.10536648363218104,0.03730925292352607,0.08216488486842105,0,0.0,0,0.003956112569989943,0.14102946541419153,0.07795553252247996,0.021916883462353754,0.25135007770530615,0.006492083736290959,37895,0.6376039055284338,0.03656405398230019,0.12346426699819452,0.0,0.0,0.0,0.0,0.0,0.0,0.0,0.0,22052.594029903412,47155.94781112671,0.0,0.0,0.0,0.0,0.0,0.0,0.2513500780357342,194560,760,0.43280763730014626,0.8238024259868421,40,1.0
234,3,0.017211506791815812,1.0,1.0,0.7176449424342105,0.918812401753616,0.6593810731643125,0.046504086002364366,0.19656661184210528,0.5698897575511679,0.1120212987653519,0.03793896895367652,0.08578844572368421,0,0.0,0,0.0038027707399650307,0.14471056713771663,0.08071702327334175,0.019811398279117914,0.2559140552726718,0.0068722958425305,38244,0.6391329358853677,0.036367959592883525,0.15446867550656762,0.0,0.0,0.0,0.0,0.0,0.0,0.0,0.0,22375.15268611908,46620.04707956314,0.0,0.0,0.0,0.0,0.0,0.0,0.25591405514431625,194560,760,0.3795020300110704,0.7163291529605263,40,1.0
235,3,0.01671405289072718,1.0,1.0,0.7330489309210526,0.9146932448481709,0.6705149052566604,0.05303956273832897,0.19014185855263158,0.5679343036879086,0.10798808403901364,0.03500898359772308,0.07680921052631579,0,0.0,0,0.003881612592828644,0.14149566426579105,0.07603232288046886,0.02111036972387841,0.2481520925614735,0.005632123098506494,36994,0.6774071471049359,0.03664584690214772,0.1882550990706332,0.0,0.0,0.0,0.0,0.0,0.0,0.0,0.0,22976.21550798416,40160.65048789978,0.0,0.0,0.0,0.0,0.0,0.0,0.24815209252073578,194560,760,0.4042689050106626,0.7589226973684211,40,1.0
236,3,0.01622299070056202,1.0,1.0,0.7136153371710526,0.909458647015319,0.6490036390329662,0.05548176424161188,0.20108963815789474,0.5627492247104596,0.11316303797066211,0.038075138685465054,0.08529502467105263,0,0.0,0,0.003779318507861861,0.1488535452585079,0.07955790413788667,0.020955456214907926,0.2600147067001672,0.0068684825810027845,39124,0.6639402924036397,0.036565736568483866,0.22455150927394874,0.0,0.0,0.0,0.0,0.0,0.0,0.0,0.0,24000.83520412445,45028.899134635925,0.0,0.0,0.0,0.0,0.0,0.0,0.26001470675201793,194560,760,0.39191091174357817,0.7496299342105263,40,1.0
237,3,0.015738374071823234,1.0,1.0,0.7288599917763158,0.9210086565797079,0.6712863618606015,0.050086966878734526,0.19313322368421051,0.5792621531739295,0.11187476700073794,0.037019389672327395,0.07800678453947368,0,0.0,0,0.003738291023220977,0.1409377275377904,0.07240979493791727,0.019692528345867207,0.2423281152484905,0.005549773403694608,37576,0.6786778794975517,0.036622431854668416,0.2630656687635007,0.0,0.0,0.0,0.0,0.0,0.0,0.0,0.0,23392.37144470215,38857.866936683655,0.0,0.0,0.0,0.0,0.0,0.0,0.24232811561148418,194560,760,0.36663296624625985,0.6929944490131579,40,1.0
238,3,0.015260256148185278,1.0,1.0,0.7318924753289474,0.9084580448899955,0.6648936072070347,0.04654429648255341,0.1879163240131579,0.5499496259762628,0.10334451210587041,0.03732549966325199,0.08019120065789474,0,0.0,0,0.0039989825276088116,0.1427262658400363,0.07758176903068824,0.020930207548172854,0.2512619760063152,0.006024751059809014,36561,0.6117994584393206,0.03670746809557864,0.30348748417303817,0.0,0.0,0.0,0.0,0.0,0.0,0.0,0.0,20418.497566223145,49558.04337501526,0.0,0.0,0.0,0.0,0.0,0.0,0.2512619756652336,194560,760,0.42695625124401165,0.8115491365131579,40,1.0
239,3,0.01478868936066642,1.0,1.0,0.716956208881579,0.9150189034093149,0.6560284840433221,0.049129949214463856,0.1971217105263158,0.5660261997318188,0.1115760526938462,0.03903258696051413,0.08592208059210527,0,0.0,0,0.0035757218312171875,0.1481591052522785,0.07948058118529029,0.019480479610593696,0.25682202716938546,0.006126139290005851,38352,0.6160043804755945,0.03654474620952418,0.3454915028125263,0.0,0.0,0.0,0.0,0.0,0.0,0.0,0.0,21656.399497032166,49609.06043148041,0.0,0.0,0.0,0.0,0.0,0.0,0.25682202769737494,194560,760,0.3929170899877423,0.7371556332236842,40,1.0
240,3,0.014323725421878951,1.0,1.0,0.7129625822368421,0.9163772867032448,0.6533427166311364,0.05578682806134518,0.20318153782894738,0.5728480624518107,0.1163921502712918,0.039006847244883444,0.08385587993421052,0,0.0,0,0.00372124446305526,0.15007001053737967,0.07905954741627762,0.019670011756059372,0.2582534830725682,0.0057326688997962165,39531,0.6665907768586679,0.03665847321972251,0.3887395330218428,0.0,0.0,0.0,0.0,0.0,0.0,0.0,0.0,24325.793538093567,44755.04032421112,0.0,0.0,0.0,0.0,0.0,0.0,0.2582534841997059,194560,760,0.3693390515878012,0.7004677220394737,40,1.0
241,3,0.013865415320358428,1.0,1.0,0.7395713404605263,0.9145493379900383,0.6763744798145797,0.04371709149379872,0.17971833881578947,0.5425888608619277,0.09751316873405717,0.034857199144378105,0.08071032072368421,0,0.0,0,0.0034826585069822613,0.14026616343640183,0.07679136282960443,0.02141365973180846,0.24711805109877452,0.005164206593977532,34966,0.5901447120059486,0.03636552382162527,0.43288336709117226,0.0,0.0,0.0,0.0,0.0,0.0,0.0,0.0,18664.103645801544,48564.58569812775,0.0,0.0,0.0,0.0,0.0,0.0,0.24711805079132318,194560,760,0.42743100796483063,0.7996402138157894,40,1.0
242,3,0.013413809314972196,1.0,1.0,0.7321803042763158,0.9097217225804506,0.6660803276457284,0.043825225985461944,0.18855365953947367,0.5553870271950762,0.10472025643838079,0.035953005003791894,0.07926603618421052,0,0.0,0,0.0031554882316605043,0.13936413902005082,0.07383476375161033,0.020922451191826872,0.24221937926884396,0.004942537073695444,36685,0.6264140656944255,0.03648154570377971,0.4775675848247425,0.0,0.0,0.0,0.0,0.0,0.0,0.0,0.0,20897.62276983261,46780.93491458893,0.0,0.0,0.0,0.0,0.0,0.0,0.2422193797697362,194560,760,0.40295627926917454,0.7616879111842105,40,1.0
243,3,0.012968956929407856,1.0,1.0,0.7290810032894737,0.9168461828329296,0.6684551348419566,0.047567024276787905,0.19031661184210527,0.562526544355813,0.10705814599304607,0.03726115049059062,0.08060238486842106,0,0.0,0,0.00377822237056343,0.14473236483570776,0.07612995562437726,0.02004559132123464,0.2500997804245976,0.0054136462727144945,37028,0.6329264340499082,0.036659360574068205,0.5224324151752573,0.0,0.0,0.0,0.0,0.0,0.0,0.0,0.0,21630.28465938568,46999.63275337219,0.0,0.0,0.0,0.0,0.0,0.0,0.2500997808124674,194560,760,0.40035206967670667,0.7590871710526316,40,1.0
244,3,0.012530906946742542,1.0,1.0,0.7160567434210526,0.9099200346005145,0.6515543767496159,0.05775672461298344,0.2032689144736842,0.5739631659342905,0.11666886968734233,0.03771716317125155,0.08067434210526316,0,0.0,0,0.0045036926882810226,0.14680394726854407,0.07825993553637282,0.021675693612349663,0.2564474412268656,0.0052041721213180086,39548,0.6842571052897745,0.03679334354145746,0.5671166329088276,0.0,0.0,0.0,0.0,0.0,0.0,0.0,0.0,25072.697061538696,42833.649908065796,0.0,0.0,0.0,0.0,0.0,0.0,0.2564474411700901,194560,760,0.3715540218314058,0.7181280838815789,40,1.0
245,3,0.012099707404093205,1.0,1.0,0.7425986842105263,0.9121338148317728,0.6773493707180023,0.04705622333383776,0.18229337993421052,0.5574653086066834,0.10162223530198006,0.03547098447023401,0.07510793585526315,0,0.0,0,0.0032118934649732088,0.13721229244807834,0.06888265211723353,0.021874839402735238,0.23578348578855332,0.004601808355532979,35467,0.6612907773423182,0.03691523340285609,0.6112604669781572,0.0,0.0,0.0,0.0,0.0,0.0,0.0,0.0,21605.74742603302,39813.111713409424,0.0,0.0,0.0,0.0,0.0,0.0,0.23578348585257405,194560,760,0.39417378429911637,0.7584806743421053,40,1.0
246,3,0.011675405587348866,1.0,1.0,0.7087736430921052,0.9132244748651986,0.6472694380110816,0.053380769641922884,0.20567434210526317,0.5680103243374434,0.11682514976710082,0.04017899813081481,0.08555201480263158,0,0.0,0,0.0038016913443387145,0.14839667701407483,0.07704590005849145,0.019111138973385098,0.2533337104629946,0.0049783030727044925,40016,0.6735805677728909,0.036670143823874624,0.6545084971874737,0.0,0.0,0.0,0.0,0.0,0.0,0.0,0.0,24798.62623500824,44878.5108127594,0.0,0.0,0.0,0.0,0.0,0.0,0.2533337101928498,194560,760,0.3789322193515928,0.7165861430921052,40,1.0
247,3,0.011258048025985219,1.0,1.0,0.7434673108552632,0.912055035718839,0.6780831047578861,0.04032650454564167,0.1789782072368421,0.5343870897404283,0.0956436432922553,0.03528528359326485,0.07755448190789474,0,0.0,0,0.003533479312892795,0.13679027525021842,0.07396072876688681,0.022099703607198443,0.2408312740305203,0.004447087093323812,34822,0.6008270633507553,0.03632898063545949,0.6965125158269618,0.0,0.0,0.0,0.0,0.0,0.0,0.0,0.0,19020.0239777565,47454.2564163208,0.0,0.0,0.0,0.0,0.0,0.0,0.24083127394122514,194560,760,0.43484427042697604,0.8314144736842105,40,1.0
248,3,0.010847680487962004,1.0,1.0,0.7120888157894737,0.9140648340184909,0.6508953452110291,0.05443537014561068,0.20293482730263157,0.564796632991308,0.11461690717719887,0.04102696279970635,0.08497635690789473,0,0.0,0,0.003761846981835429,0.1524095632233902,0.08038829114092023,0.021658172734866015,0.2629070267453943,0.004689152664382403,39483,0.6381987184357825,0.03649834146429049,0.7369343312364993,0.0,0.0,0.0,0.0,0.0,0.0,0.0,0.0,23293.362272262573,48838.6653842926,0.0,0.0,0.0,0.0,0.0,0.0,0.26290702613952915,194560,760,0.3817090480147224,0.7429224917763158,40,1.0
249,3,0.010444347974704237,1.0,1.0,0.7389699835526315,0.9116557116753048,0.6736862062623626,0.046390792748915326,0.18295127467105263,0.5520532421825274,0.1009988443435807,0.03681163330881023,0.07807874177631578,0,0.0,0,0.00365032083992494,0.14286498420038504,0.0739956857342469,0.020736536165013128,0.24533324298994558,0.004085716050375547,35595,0.6156763590391909,0.036516366041216414,0.7754484907260513,0.0,0.0,0.0,0.0,0.0,0.0,0.0,0.0,20057.16307401657,46001.11320877075,0.0,0.0,0.0,0.0,0.0,0.0,0.24533324230854447,194560,760,0.4176811491384318,0.789879728618421,40,1.0
250,3,0.010048094716167116,1.0,1.0,0.7352641858552632,0.9107770351873826,0.6696617352727212,0.04570203908339241,0.18539782072368421,0.5486120461181588,0.10171147777306798,0.037595897460184796,0.07933799342105263,0,0.0,0,0.003576735307682324,0.14151344899284213,0.07365245726939879,0.022162696115280454,0.24486977331895968,0.003964435633755975,36071,0.6122924232763162,0.036626305940904116,0.8117449009293667,0.0,0.0,0.0,0.0,0.0,0.0,0.0,0.0,20115.41065263748,46865.98172187805,0.0,0.0,0.0,0.0,0.0,0.0,0.2448697731290993,194560,760,0.41606050970915115,0.7899208470394737,40,1.0
251,3,0.00965896416598578,1.0,1.0,0.7119706003289473,0.9180069145423884,0.6535939340528689,0.04980392809834724,0.20227693256578946,0.5612869069803748,0.1135353938333298,0.039889306071410446,0.08575246710526316,0,0.0,0,0.0039126412356716555,0.15149548185106956,0.08044857770498647,0.020385913674376515,0.26092984638735195,0.004687231921247746,39355,0.616185999237708,0.03647713046030779,0.8455313244934324,0.0,0.0,0.0,0.0,0.0,0.0,0.0,0.0,22249.402667999268,51184.605600357056,0.0,0.0,0.0,0.0,0.0,0.0,0.26092984735181457,194560,760,0.3850688804921351,0.7363384046052631,40,1.0
252,3,0.009276998996710233,1.0,1.0,0.7511461759868421,0.9153963996325116,0.6875965050960842,0.037537533792323975,0.17278988486842106,0.5320596962881737,0.09193453366476062,0.03404041579924524,0.07606393914473684,0,0.0,0,0.0033357980829207103,0.13757957461731216,0.07246663252161326,0.020754712855345324,0.2378742766150926,0.0037375585379011587,33618,0.5566660717472782,0.0363533084084721,0.8765357330018054,0.0,0.0,0.0,0.0,0.0,0.0,0.0,0.0,16796.887145519257,50765.53866767883,0.0,0.0,0.0,0.0,0.0,0.0,0.23787427671057612,194560,760,0.4477737851636974,0.8393965871710526,40,1.0
253,3,0.008902241095125591,1.0,1.0,0.732262541118421,0.9250353179987977,0.6773687125820863,0.045325503834082105,0.18837890625,0.5784170279635963,0.10896156708415794,0.03709213928638124,0.07935855263157894,0,0.0,0,0.0034330411140935644,0.1431655072705134,0.07015351433503,0.018998167071687548,0.23966652893759985,0.00391629914627533,36651,0.6588633325148018,0.03668286770484165,0.9045084971874737,0.0,0.0,0.0,0.0,0.0,0.0,0.0,0.0,22114.426740646362,41070.570174217224,0.0,0.0,0.0,0.0,0.0,0.0,0.23966652925469373,194560,760,0.36185983552744516,0.6820261101973685,40,1.0
254,3,0.008534731557658892,1.0,1.0,0.74189453125,0.9174051583492545,0.6806178699198522,0.04175390249645142,0.18109066611842106,0.5556460307661033,0.10062230983749032,0.035065678686614296,0.07701480263157895,0,0.0,0,0.003928976489796217,0.14356741065061407,0.07317315141768439,0.02054688750521133,0.24492346129521858,0.0037070352319125578,35233,0.601311270683734,0.0366545242894637,0.929224396800933,0.0,0.0,0.0,0.0,0.0,0.0,0.0,0.0,19317.40238714218,47148.359025001526,0.0,0.0,0.0,0.0,0.0,0.0,0.24492346147369398,194560,760,0.3974343240849282,0.7628700657894737,40,1.0
255,3,0.008174510685872417,1.0,1.0,0.7258891858552632,0.9139544672677968,0.6634296641538018,0.04122800136377153,0.1895764802631579,0.5454235088539516,0.10339946906131349,0.03695599696795015,0.08453433388157895,0,0.0,0,0.003752626673782575,0.14493717812982046,0.07878675706880657,0.020921950481439893,0.25247503597515264,0.004076523621303127,36884,0.5985793297906952,0.0363962118857001,0.9504844339512095,0.0,0.0,0.0,0.0,0.0,0.0,0.0,0.0,19998.564282417297,51157.79576396942,0.0,0.0,0.0,0.0,0.0,0.0,0.2524750358964268,194560,760,0.41190671334533313,0.7857884457236842,40,1.0
256,3,0.00782161798204405,1.0,1.0,0.7313579358552632,0.9163843671123085,0.6702049791812896,0.04629647531669195,0.19131887335526315,0.579589386128266,0.11088638836272845,0.03769132573537431,0.07732319078947368,0,0.0,0,0.0038839054422983043,0.14245475518860315,0.07223703465669563,0.01993564396802532,0.24198210962129738,0.00347077036567498,37223,0.6694516830991591,0.03690957620151733,0.9681174353198686,0.0,0.0,0.0,0.0,0.0,0.0,0.0,0.0,22760.38134241104,40286.60994911194,0.0,0.0,0.0,0.0,0.0,0.0,0.2419821098250778,194560,760,0.3638917624362205,0.6868986430921052,40,1.0
257,3,0.007476092144835486,1.0,1.0,0.7385074013157895,0.9222751678070046,0.6811070374752346,0.03989857110703413,0.18333675986842105,0.5606457278612852,0.10278697118016059,0.03534651693434602,0.07815583881578947,0,0.0,0,0.003641483477564945,0.1401043955726843,0.07208457016753719,0.021387736226775148,0.24027773502247565,0.0030595495779140803,35670,0.6190075693860387,0.03653924109316186,0.9819814303479266,0.0,0.0,0.0,0.0,0.0,0.0,0.0,0.0,19914.08851146698,45856.131461143494,0.0,0.0,0.0,0.0,0.0,0.0,0.24027773498704558,194560,760,0.386765120002,0.7189555921052632,40,1.0
258,3,0.007137971065048547,1.0,1.0,0.70927734375,0.91673439709388,0.650218938095005,0.05174377582550637,0.20110505756578947,0.5637105688577255,0.11336504640057683,0.04246020694385822,0.08961759868421053,0,0.0,0,0.004084597134006847,0.15849641660522473,0.0832040435315943,0.020854627461613796,0.27081404361466416,0.004174358882224432,39127,0.6113681089784547,0.03647059606094109,0.9919647942993148,0.0,0.0,0.0,0.0,0.0,0.0,0.0,0.0,21830.462127685547,53188.91735649109,0.0,0.0,0.0,0.0,0.0,0.0,0.27081404345992366,194560,760,0.37982677356585076,0.7316457648026315,40,1.0
259,3,0.006807291821469861,1.0,1.0,0.7510279605263158,0.9165948025598742,0.6883883251955635,0.04284881482783117,0.17653166118421051,0.5493498773696447,0.09697764642340573,0.03584278866428098,0.07244037828947368,0,0.0,0,0.0035761213129214746,0.13941223682149462,0.06927142853260432,0.021411547355942036,0.2367892804699276,0.0031179464469651545,34346,0.6174809293658651,0.036778397269939124,0.9979871469976196,0.0,0.0,0.0,0.0,0.0,0.0,0.0,0.0,19272.953736782074,44158.10300159454,0.0,0.0,0.0,0.0,0.0,0.0,0.2367892808820072,194560,760,0.40510732602131994,0.7673622532894737,40,1.0
260,3,0.0064840906768049425,1.0,1.0,0.7335115131578948,0.9200401842891518,0.6748600677440041,0.047214156573050114,0.1906044407894737,0.5771067930185966,0.10999911755911614,0.04000180477619563,0.07588404605263158,0,0.0,0,0.003551771514129972,0.14689777498378565,0.07127243493634619,0.020558284910297705,0.24573293025718732,0.003452663912627797,37084,0.6404109589041096,0.03679851149944098,1.0,0.0,0.0,0.0,0.0,0.0,0.0,0.0,0.0,21707.604635238647,44110.88743686676,0.0,0.0,0.0,0.0,0.0,0.0,0.24573292982225356,194560,760,0.3603263566368505,0.6986430921052632,40,1.0
261,3,0.006168403073701431,1.0,1.0,0.7314967105263158,0.9193758644502842,0.6725204205826709,0.047177536380293435,0.18948396381578947,0.5611705220748694,0.10633281489932224,0.03863633518646422,0.07901932565789474,0,0.0,0,0.0036270451857585853,0.14653227774328306,0.07308235222130621,0.021634646959994973,0.24845372117248574,0.003577399062142879,36866,0.6204904247816416,0.036673759379865306,1.0,0.0,0.0,0.0,0.0,0.0,0.0,0.0,0.0,20835.179007530212,47946.53783035278,0.0,0.0,0.0,0.0,0.0,0.0,0.248453720570787,194560,760,0.37863067963013525,0.723401521381579,40,1.0
262,3,0.005860263630862453,1.0,1.0,0.7514854029605263,0.9235425611913332,0.6940287537480655,0.04371606691274792,0.17555509868421051,0.5607165832376575,0.0984366551041603,0.03550227437333792,0.07295949835526316,0,0.0,0,0.00436723540448216,0.14068278957060293,0.06897519875906016,0.02143355129384681,0.23840620025534393,0.0029474252273518544,34156,0.6258929617051177,0.03670827201812675,1.0,0.0,0.0,0.0,0.0,0.0,0.0,0.0,0.0,19437.97531890869,43474.72597503662,0.0,0.0,0.0,0.0,0.0,0.0,0.2384061995795683,194560,760,0.386973831390864,0.7209755345394737,40,1.0
263,3,0.005559706139250394,1.0,1.0,0.7337787828947369,0.9217492731744251,0.676360059804038,0.04219312280336836,0.18404605263157894,0.5459360932004143,0.10047738294264204,0.036800812417641285,0.08217516447368421,0,0.0,0,0.004326653781945903,0.1472599412118526,0.075047225936463,0.022474828660488128,0.2525182150527728,0.0034095654620231422,35808,0.5875502680965148,0.0364398142077813,1.0,0.0,0.0,0.0,0.0,0.0,0.0,0.0,0.0,18931.077219963074,51678.30191040039,0.0,0.0,0.0,0.0,0.0,0.0,0.25251821377559713,194560,760,0.39738670028746126,0.7556589226973685,40,1.0
264,3,0.0052667635583811484,1.0,1.0,0.7298622532894737,0.9207966580823905,0.6720547236894306,0.04114605352699168,0.18766447368421052,0.5526653077652536,0.10371564410528854,0.03652337071191716,0.08247327302631578,0,0.0,0,0.00395012031076476,0.14556080207816866,0.07387544906845218,0.021532510897438777,0.24830991064694613,0.0033910282921217577,36512,0.600761393514461,0.03649846753595691,1.0,0.0,0.0,0.0,0.0,0.0,0.0,0.0,0.0,19706.811076164246,49407.93878555298,0.0,0.0,0.0,0.0,0.0,0.0,0.24830991083658055,194560,760,0.38943241846404575,0.7366467927631579,40,1.0
265,3,0.004981468012709869,1.0,1.0,0.7494243421052632,0.9220891439939558,0.6910360501000755,0.04316881490675242,0.17930201480263158,0.5698191010987876,0.10216971290003704,0.03657678089864356,0.07127364309210527,0,0.0,0,0.004116359843235267,0.1441802356882315,0.06635037905928728,0.021925194853622664,0.2398838939652533,0.0033117245208766116,34885,0.6597104772824997,0.037014679262708676,1.0,0.0,0.0,0.0,0.0,0.0,0.0,0.0,0.0,21027.03756427765,39035.35796356201,0.0,0.0,0.0,0.0,0.0,0.0,0.23988389364982907,194560,760,0.36561152391919965,0.7135433799342106,40,1.0
266,3,0.004703850788108141,1.0,1.0,0.7453125,0.9237610652695872,0.6884906689587392,0.04288468361176599,0.18068976151315788,0.5707466503919706,0.10312807614375887,0.03543246073746367,0.0739977384868421,0,0.0,0,0.004113366415013412,0.14228491150823078,0.06905595796967023,0.02175769184372927,0.24042863604569759,0.0032167083090538845,35155,0.6458825202673872,0.036936692589599834,1.0,0.0,0.0,0.0,0.0,0.0,0.0,0.0,0.0,20597.028342723846,40957.67946434021,0.0,0.0,0.0,0.0,0.0,0.0,0.24042863647796606,194560,760,0.3586189926847031,0.6845960115131579,40,1.0
267,3,0.00443394232843309,1.0,1.0,0.7535002055921053,0.9116081592562598,0.6868969354190324,0.037840582799215455,0.17208573190789472,0.5382747525528787,0.09262940476060305,0.034413487815886344,0.0744140625,0,0.0,0,0.0035074542381105284,0.13861813673161363,0.06719226070287589,0.022778310116968657,0.23508562408491054,0.002989462295341869,33481,0.5907230966817001,0.036675065697023744,1.0,0.0,0.0,0.0,0.0,0.0,0.0,0.0,0.0,17808.376878738403,46517.75112056732,0.0,0.0,0.0,0.0,0.0,0.0,0.2350856242897479,194560,760,0.4190816524977747,0.7943410773026316,40,1.0
268,3,0.004171772232188926,1.0,1.0,0.7370014391447368,0.9160715173342653,0.6751460266348562,0.04103229158790782,0.18330078125,0.5476343394081247,0.10038180225283692,0.03745965571265276,0.07969777960526316,0,0.0,0,0.0038837664755670917,0.14391918407360973,0.07097183970219799,0.022949692940241413,0.2451148380680503,0.003390354876434063,35663,0.6069035134453075,0.03665246012571611,1.0,0.0,0.0,0.0,0.0,0.0,0.0,0.0,0.0,19643.095357894897,47476.08760547638,0.0,0.0,0.0,0.0,0.0,0.0,0.24511483886132115,194560,760,0.3956611272535826,0.7614103618421053,40,1.0
269,3,0.003917369249281083,1.0,1.0,0.7337119654605263,0.9226651398846032,0.6769704532466436,0.04146675812264316,0.18615337171052632,0.5552101217671506,0.10335423617476695,0.038371304580084,0.08013466282894736,0,0.0,0,0.004468687997570286,0.14809588213990393,0.07434219695431621,0.023730640629012336,0.25397379619257804,0.003336388471775296,36218,0.5821690871942128,0.0366503539740255,1.0,0.0,0.0,0.0,0.0,0.0,0.0,0.0,0.0,19189.571891784668,52341.582735061646,0.0,0.0,0.0,0.0,0.0,0.0,0.253973796375488,194560,760,0.39113697146898824,0.7526418585526315,40,1.0
270,3,0.0036707612778634855,1.0,1.0,0.7379677220394737,0.9223163827833111,0.6806397200022873,0.04200192781925005,0.18466282894736843,0.5603333327531868,0.1034727383797106,0.039050527709830356,0.0773694490131579,0,0.0,0,0.004477109769772811,0.1453974640192954,0.07218856863971604,0.022898709652455232,0.24824795245434966,0.00328610037311017,35928,0.6200456468492541,0.03659631777064581,1.0,0.0,0.0,0.0,0.0,0.0,0.0,0.0,0.0,20198.822752952576,45816.058992385864,0.0,0.0,0.0,0.0,0.0,0.0,0.2482479523279165,194560,760,0.3914531742859828,0.7440018503289474,40,1.0
271,3,0.0034319753612792373,1.0,1.0,0.7569284539473684,0.9207504298985709,0.6969421993745001,0.035095329277560504,0.17071854440789475,0.5439274376457612,0.0928585004184003,0.03420403064106052,0.07235300164473685,0,0.0,0,0.0037346474094910693,0.13894968776424466,0.06514041043670946,0.02249552439506117,0.23337915085337285,0.0030588808478665,33215,0.6085503537558332,0.0368504857007218,1.0,0.0,0.0,0.0,0.0,0.0,0.0,0.0,0.0,18226.540907382965,43367.462458610535,0.0,0.0,0.0,0.0,0.0,0.0,0.23337915089765662,194560,760,0.41514342156680006,0.7918739720394737,40,1.0
272,3,0.0032010376850949577,1.0,1.0,0.7344932154605263,0.9254930471563623,0.6797683640922371,0.041903077768112876,0.1846936677631579,0.5693090307684024,0.10514777298330476,0.039343737237964214,0.0808131167763158,0,0.0,0,0.003990074243483832,0.15200122088978166,0.07087876705795919,0.02092316046357155,0.2512523528731713,0.0034591302183750823,35934,0.5978738798909111,0.03663894623812092,1.0,0.0,0.0,0.0,0.0,0.0,0.0,0.0,0.0,19450.751341819763,48283.91087055206,0.0,0.0,0.0,0.0,0.0,0.0,0.25125235330901646,194560,760,0.35485321002963344,0.6697060032894737,40,1.0
273,3,0.0029779735742292705,1.0,1.0,0.7354132401315789,0.9303082894179835,0.6841610334421458,0.04333802359178662,0.18662109375,0.5742263788692211,0.10716275488467593,0.038577873757917824,0.07796566611842105,0,0.0,0,0.00450939820132733,0.1542115560683765,0.07158872573391388,0.022475779403589274,0.25628971882192053,0.0035042594147135357,36309,0.6227932468533972,0.03676683179249889,1.0,0.0,0.0,0.0,0.0,0.0,0.0,0.0,0.0,20570.168150901794,44123.003034591675,0.0,0.0,0.0,0.0,0.0,0.0,0.25628971913339277,194560,760,0.3528947647072767,0.6805150082236842,40,1.0
274,3,0.0027628074901756413,1.0,1.0,0.7467722039473684,0.9299150215969985,0.6944346901617552,0.03828253716714435,0.17980571546052632,0.5656228127782288,0.10170221453238475,0.035338946619365166,0.07342208059210527,0,0.0,0,0.004296855635153693,0.1457097861425657,0.07018510357623822,0.02174924917126957,0.24525168616142382,0.0033106916361966316,34983,0.5982620129777321,0.036853550678413165,1.0,0.0,0.0,0.0,0.0,0.0,0.0,0.0,0.0,18868.310868263245,45946.9741897583,0.0,0.0,0.0,0.0,0.0,0.0,0.24525168587110543,194560,760,0.3716451618232225,0.6949013157894737,40,1.0
275,3,0.0025555630283198762,1.0,1.0,0.7329358552631579,0.9193065324438237,0.673792719605722,0.04298921424135762,0.18712479440789473,0.5551620448506955,0.10388458350575284,0.038590429184688746,0.07993935032894736,0,0.0,0,0.0048763379109196215,0.150726195767914,0.07233218331331093,0.024480998823909386,0.255872264011521,0.0034565481954670855,36407,0.6230944598566209,0.03678108211606741,1.0,0.0,0.0,0.0,0.0,0.0,0.0,0.0,0.0,20503.513310432434,46431.13984489441,0.0,0.0,0.0,0.0,0.0,0.0,0.2558722635829135,194560,760,0.3809096271074132,0.7461348684210526,40,1.0
276,3,0.002356262915352669,1.0,1.0,0.7415296052631579,0.9210385156203972,0.682977326920158,0.03878179029929207,0.18030427631578946,0.547675016097631,0.0987481474337217,0.038351645347613254,0.07816611842105263,0,0.0,0,0.00407717206038988,0.14677862222061344,0.06815964575415771,0.02317249044579895,0.24549728966966014,0.003309359188700144,35080,0.5916476624857469,0.036774337576015996,1.0,0.0,0.0,0.0,0.0,0.0,0.0,0.0,0.0,18823.61233997345,48430.5890045166,0.0,0.0,0.0,0.0,0.0,0.0,0.24549729049597915,194560,760,0.4026653578210818,0.7626490542763158,40,1.0
277,3,0.002164929006777303,1.0,1.0,0.7508634868421052,0.9182345623920679,0.6894688052566428,0.03665765805114796,0.1767629523026316,0.5599313043923408,0.09897511045105363,0.03763352407350842,0.07237356085526316,0,0.0,0,0.004161408278588696,0.14369339887052773,0.06716298312929116,0.022805606095414415,0.24087205552033414,0.003048659146512172,34391,0.6188537698816551,0.03691663557271424,1.0,0.0,0.0,0.0,0.0,0.0,0.0,0.0,0.0,19185.460270881653,44121.58502101898,0.0,0.0,0.0,0.0,0.0,0.0,0.24087205559603478,194560,760,0.3878629372896332,0.7466591282894737,40,1.0
278,3,0.001981582284512978,1.0,1.0,0.7470446134868421,0.9338847014970375,0.6976535358711293,0.036306362001127315,0.1787571957236842,0.5780602225104546,0.10333242433537779,0.03622980869657017,0.07419819078947368,0,0.0,0,0.0052086827609424576,0.14657734219278945,0.07035383584320937,0.022912901292898157,0.24816380917019593,0.0031110470803564806,34779,0.6158313925069726,0.03690209741655149,1.0,0.0,0.0,0.0,0.0,0.0,0.0,0.0,0.0,19248.068077087402,44046.27150726318,0.0,0.0,0.0,0.0,0.0,0.0,0.24816380941161983,194560,760,0.3618878708858239,0.6884354440789474,40,1.0
279,3,0.0018062428545939505,1.0,1.0,0.7424753289473685,0.9406134448072843,0.6983822768456057,0.04043386800729327,0.18078227796052632,0.5780550546466896,0.10450210956562507,0.03684618239180724,0.07674239309210526,0,0.0,0,0.0054043643988399325,0.1545517136980044,0.0699033482416876,0.023354211933910848,0.256586830347323,0.0033731920748802,35173,0.6063173456912972,0.03699932129269368,1.0,0.0,0.0,0.0,0.0,0.0,0.0,0.0,0.0,19210.53603744507,45156.92420959473,0.0,0.0,0.0,0.0,0.0,0.0,0.25658682967095,194560,760,0.34393966031309803,0.6655324835526316,40,1.0
280,3,0.0016389299449645815,1.0,1.0,0.7377724095394737,0.9272341710570853,0.6840877885881224,0.03937914117092365,0.18317228618421053,0.5576917970078155,0.10215368144410221,0.03797832155036495,0.07905530427631578,0,0.0,0,0.005268825258367303,0.1562826684332992,0.07304756319101312,0.023148561790585522,0.2613942491288579,0.003646630455592745,35638,0.5989393344183175,0.03681248738675525,1.0,0.0,0.0,0.0,0.0,0.0,0.0,0.0,0.0,19115.027853012085,47853.552526474,0.0,0.0,0.0,0.0,0.0,0.0,0.26139424917729276,194560,760,0.39856176282230177,0.7618318256578948,40,1.0
281,3,0.0014796619033708685,1.0,1.0,0.7527292351973685,0.939993376215837,0.7075604951695392,0.037912851750336,0.1752467105263158,0.5793522994935596,0.10152958472210326,0.03511760696817778,0.0720240542763158,0,0.0,0,0.0057751712657351925,0.15205057453560203,0.06693102491553873,0.02370142812399488,0.2515508288266076,0.003092629985736781,34096,0.6175504458000939,0.03694368027836869,1.0,0.0,0.0,0.0,0.0,0.0,0.0,0.0,0.0,19001.68340778351,41831.297914505005,0.0,0.0,0.0,0.0,0.0,0.0,0.2515508285282474,194560,760,0.3485101613951357,0.6610865542763158,40,1.0
282,3,0.0013284561953483542,1.0,1.0,0.7126130756578948,0.928899332357994,0.6619458102081951,0.043561097444035114,0.19940378289473684,0.561298597300221,0.1119250636351736,0.04194785417425201,0.08798314144736842,0,0.0,0,0.0060911416593865545,0.1619383568238271,0.07794902745977436,0.02459668108115071,0.27447701350001524,0.0039018064758764874,38796,0.5944169502010517,0.036654443004609724,1.0,0.0,0.0,0.0,0.0,0.0,0.0,0.0,0.0,20726.554772377014,52665.89273452759,0.0,0.0,0.0,0.0,0.0,0.0,0.2744770131024875,194560,760,0.36604165381899006,0.6945363898026315,40,1.0
283,3,0.001185329402306859,1.0,1.0,0.7326428865131579,0.9274576708091005,0.6794952650603495,0.041821062262170014,0.18831208881578948,0.56924670916131,0.10719603685368048,0.041190371200393296,0.07904502467105264,0,0.0,0,0.005961337405958483,0.15797338833738314,0.07136341489508356,0.024785326333030273,0.26356903067766996,0.0034855637062144906,36638,0.6113597903815711,0.03684585034161022,1.0,0.0,0.0,0.0,0.0,0.0,0.0,0.0,0.0,20276.663994789124,46788.92584991455,0.0,0.0,0.0,0.0,0.0,0.0,0.26356902989117725,194560,760,0.3666927982121706,0.7078279194078947,40,1.0
284,3,0.0010502972197121263,1.0,1.0,0.7279502467105263,0.9359736046026481,0.6813422163850382,0.03968481479188133,0.19054790296052632,0.5719525451151846,0.10898435806463423,0.04069066449607674,0.08150185032894737,0,0.0,0,0.006567562754437524,0.16091645416852676,0.07496642616675481,0.0243820290875278,0.2703182650874614,0.0034857929102145137,37073,0.596768537749845,0.036845742783656245,1.0,0.0,0.0,0.0,0.0,0.0,0.0,0.0,0.0,19849.161789894104,49079.02778816223,0.0,0.0,0.0,0.0,0.0,0.0,0.27031826621999866,194560,760,0.36819043622205133,0.6963044819078947,40,1.0
285,3,0.0009233744553646754,1.0,1.0,0.7372892680921053,0.9298988400843115,0.6856044352054596,0.037299808904553124,0.1853721217105263,0.56975125449407,0.10561599889279981,0.03976980803877508,0.07733861019736842,0,0.0,0,0.005824845440541761,0.15448501629166697,0.07089776070788503,0.024308772563542188,0.258936441338232,0.0034200463345960565,36066,0.6196140409249709,0.037028464326929106,1.0,0.0,0.0,0.0,0.0,0.0,0.0,0.0,0.0,20184.873286247253,44264.778467178345,0.0,0.0,0.0,0.0,0.0,0.0,0.25893644155248213,194560,760,0.3827804656013062,0.736328125,40,1.0
286,3,0.0008045750277758751,1.0,1.0,0.7461348684210526,0.9424959734783511,0.7032291091586415,0.03585337944310404,0.17821237664473685,0.5867202394790392,0.10456080830312874,0.03618145336789128,0.07565275493421053,0,0.0,0,0.00712278208689225,0.16005672439932822,0.07132349944624462,0.023357842750847343,0.2652874714792798,0.003426622795967361,34673,0.6181178438554494,0.036995332903767886,1.0,0.0,0.0,0.0,0.0,0.0,0.0,0.0,0.0,19353.81452178955,42280.64573478699,0.0,0.0,0.0,0.0,0.0,0.0,0.2652874714841968,194560,760,0.3640622029179021,0.6879420230263158,40,1.0
287,3,0.0006939119646417304,1.0,1.0,0.7290964226973684,0.9339341854777357,0.6809280736665977,0.042424963982040556,0.19199732730263158,0.5844504532158542,0.11221292495825573,0.042735004176900376,0.07890625,0,0.0,0,0.006258249918066308,0.16386205801054052,0.07348470842024606,0.02312785073722664,0.2704034617693948,0.0036705946833152617,37355,0.6096908044438496,0.03708178405895045,1.0,0.0,0.0,0.0,0.0,0.0,0.0,0.0,0.0,20758.957611083984,46469.71059989929,0.0,0.0,0.0,0.0,0.0,0.0,0.27040346196215403,194560,760,0.35809102050567926,0.6816560444078947,40,1.0
288,3,0.0005913974014141678,1.0,1.0,0.7335063733552631,0.9314481312343954,0.6832231407102786,0.03965520544075652,0.18831722861842104,0.5607099791808714,0.10559134933803427,0.04061513665732683,0.07817639802631579,0,0.0,0,0.007019692338776383,0.1619746107902182,0.07238828766306764,0.02720112440617461,0.2718935678979094,0.0033098526996725827,36639,0.6127350637299053,0.03686136520026546,1.0,0.0,0.0,0.0,0.0,0.0,0.0,0.0,0.0,20212.9047498703,45910.37808418274,0.0,0.0,0.0,0.0,0.0,0.0,0.27189356763111916,194560,760,0.4083440175770145,0.7759765625,40,1.0
289,3,0.0004970425799702665,1.0,1.0,0.7171977796052632,0.942397542133705,0.6758854247237507,0.04202815812130115,0.1994140625,0.5983112397787036,0.11931167496368289,0.0443107873189116,0.08338815789473684,0,0.0,0,0.007998854785661312,0.17208749803861506,0.07913887425276794,0.023703676189639065,0.2869128287493828,0.003983925482699354,38798,0.6124800247435435,0.036921979040887794,1.0,0.0,0.0,0.0,0.0,0.0,0.0,0.0,0.0,21624.001858711243,48066.41494560242,0.0,0.0,0.0,0.0,0.0,0.0,0.28691282831132414,194560,760,0.3266175859264637,0.6259560032894737,40,1.0
290,3,0.00041085784737950325,1.0,1.0,0.7266138980263158,0.9439516528252961,0.6858883900077719,0.03757483796584175,0.1908460115131579,0.5860396727535522,0.1118433341334917,0.04143878634970047,0.08254009046052632,0,0.0,0,0.009438623730277054,0.1690879928340253,0.07452579256833385,0.02570018144422456,0.28256385854641464,0.0038112679695538982,37131,0.6310360615119442,0.03694689263540663,1.0,0.0,0.0,0.0,0.0,0.0,0.0,0.0,0.0,21296.26446533203,43611.27767753601,0.0,0.0,0.0,0.0,0.0,0.0,0.28256385794987804,194560,760,0.38413250634544777,0.7403782894736842,40,1.0
291,3,0.00033285265476900027,1.0,1.0,0.7187859786184211,0.9448557813893822,0.67914908747924,0.041514929675644165,0.19584189967105264,0.5857363677014205,0.11471172295706837,0.041701247657061014,0.08537212171052631,0,0.0,0,0.009197798377135769,0.1736637756620583,0.07636135349197215,0.02568049304383366,0.28860958909836454,0.0037061685233646512,38103,0.6250688922132116,0.036778256703952426,1.0,0.0,0.0,0.0,0.0,0.0,0.0,0.0,0.0,21577.29748249054,46078.862466812134,0.0,0.0,0.0,0.0,0.0,0.0,0.2886095892834036,194560,760,0.35799723312650855,0.6733192845394737,40,1.0
292,3,0.0002630355562871722,1.0,1.0,0.7353258634868421,0.9449167659480748,0.6948217368439624,0.037020847088301945,0.1891858552631579,0.5921716581243869,0.11203050160486447,0.03853354723756447,0.07548828125,0,0.0,0,0.009769569007269304,0.16186305184505487,0.0703441605290496,0.026597891202882716,0.2720520998923549,0.003477427308098413,36808,0.6686318191697457,0.037206241954118015,1.0,0.0,0.0,0.0,0.0,0.0,0.0,0.0,0.0,22592.56899166107,37890.319672584534,0.0,0.0,0.0,0.0,0.0,0.0,0.2720521007125315,194560,760,0.360113049847515,0.6902035361842105,40,1.0
293,3,0.0002014142081656428,1.0,1.0,0.7202097039473684,0.9382953655232793,0.6757694274187088,0.038525763185890884,0.19658203125,0.5907122235761068,0.11612340879479521,0.04384724603671777,0.08320826480263158,0,0.0,0,0.009548673070477028,0.1700313400379137,0.07511012068900623,0.025604854214348296,0.2841472698981555,0.0038522818864102624,38247,0.6414097837738908,0.037034672582031865,1.0,0.0,0.0,0.0,0.0,0.0,0.0,0.0,0.0,22450.79767894745,43572.30403804779,0.0,0.0,0.0,0.0,0.0,0.0,0.28414726935719187,194560,760,0.3724636168268166,0.7145816200657895,40,1.0
294,3,0.00014799536787963308,1.0,1.0,0.7194233141447368,0.9419091042324169,0.6776313693899857,0.03960962714259758,0.1969006990131579,0.6046753392222904,0.11906099696888735,0.04319924083905981,0.08367598684210527,0,0.0,0,0.010354698934028612,0.17185850103238695,0.07568792918893068,0.025729836878415784,0.28751066480009624,0.0038796987663341784,38309,0.6490641885718761,0.03707630711754686,1.0,0.0,0.0,0.0,0.0,0.0,0.0,0.0,0.0,22782.058658599854,41972.52846336365,0.0,0.0,0.0,0.0,0.0,0.0,0.28751066523162944,194560,760,0.34623264086089633,0.6694541529605263,40,1.0
295,3,0.0001027848934069625,1.0,1.0,0.7151315789473685,0.9375293064029697,0.6704568131973869,0.04148262190528361,0.20060135690789474,0.5880332717967836,0.11796027222942365,0.0476693690644185,0.08426706414473684,0,0.0,0,0.011503693906706757,0.17776954875964868,0.07799785118550062,0.025625005591856802,0.2967193717516554,0.0038232723079425724,39029,0.6289425811576007,0.03697594963504296,1.0,0.0,0.0,0.0,0.0,0.0,0.0,0.0,0.0,22676.762754440308,46059.18792152405,0.0,0.0,0.0,0.0,0.0,0.0,0.2967193721940643,194560,760,0.38438423830819757,0.7364309210526315,40,1.0
296,3,9.999999999999999e-05,1.0,1.0,0.72900390625,0.948465322882539,0.6914349253240385,0.03928301010991594,0.1940172697368421,0.6063190686623146,0.11763637029124718,0.043943758213304374,0.07697882401315789,0,0.0,0,0.012159873879404346,0.17012260931691056,0.07446119683353525,0.026838377727881856,0.2870512794225023,0.00346922166477031,37748,0.6620218289710713,0.03710515366278981,1.0,0.0,0.0,0.0,0.0,0.0,0.0,0.0,0.0,23249.84752845764,38769.53545856476,0.0,0.0,0.0,0.0,0.0,0.0,0.28705127919582946,194560,760,0.3570144201187711,0.7,40,1.0
297,3,9.999999999999999e-05,1.0,1.0,0.7273643092105263,0.9440924124409201,0.6866991254059892,0.03809457558305248,0.19366776315789475,0.5977546282128418,0.11576580176326005,0.04141044341591432,0.07896792763157895,0,0.0,0,0.012034116181128315,0.16987666493575823,0.07448382409485547,0.02747507164352819,0.28743837160545427,0.0035686947501840463,37680,0.6561836518046709,0.03709229929862838,1.0,0.0,0.0,0.0,0.0,0.0,0.0,0.0,0.0,22685.689735412598,40179.94832801819,0.0,0.0,0.0,0.0,0.0,0.0,0.2874383726206265,194560,760,0.35748538794486145,0.6877878289473685,40,1.0
298,3,9.999999999999999e-05,1.0,1.0,0.7204975328947368,0.9492943269955753,0.6839642205912816,0.039026112826295985,0.19627364309210527,0.5973531154269249,0.11724467217726142,0.04211975491826275,0.0832288240131579,0,0.0,0,0.010350731328607685,0.17239196466183976,0.07650627396559637,0.02736375055815044,0.2900626531838268,0.003449932669632529,38187,0.6485976903134575,0.03698530071169922,1.0,0.0,0.0,0.0,0.0,0.0,0.0,0.0,0.0,22880.902591705322,41617.16062736511,0.0,0.0,0.0,0.0,0.0,0.0,0.2900626528812082,194560,760,0.34517526616783517,0.6678967927631579,40,1.0
299,3,9.999999999999999e-05,1.0,1.0,0.7099660773026316,0.9376575839396866,0.6657050767227223,0.042316025301912114,0.20284745065789472,0.581649759516172,0.11798617089363306,0.044835478531833936,0.08718647203947369,0,0.0,0,0.011036183449476468,0.17592392761848474,0.07663640857576147,0.0279090780313862,0.2954298760122497,0.0039242783371408125,39466,0.6442000709471444,0.036892025559944544,1.0,0.0,0.0,0.0,0.0,0.0,0.0,0.0,0.0,23431.18237876892,44499.35527229309,0.0,0.0,0.0,0.0,0.0,0.0,0.29542987576048624,194560,760,0.3622098967629044,0.7007041529605263,40,1.0
300,3,9.999999999999999e-05,1.0,1.0,0.7114925986842106,0.9418922713888161,0.6701493798510024,0.043959036392257796,0.20172697368421053,0.5942795337874501,0.11988221187340586,0.04650869591553745,0.08678042763157895,0,0.0,0,0.009736386184752184,0.17570394819700405,0.07800412818936533,0.02539603180399067,0.292654400332402,0.0038139059572897265,39248,0.6299174480228292,0.036863266818813585,1.0,0.0,0.0,0.0,0.0,0.0,0.0,0.0,0.0,22833.87580680847,46180.36415100098,0.0,0.0,0.0,0.0,0.0,0.0,0.29265440016200667,194560,760,0.3432261118175168,0.6563013980263158,40,1.0
