phase,round,acc,loss,L_sup,L_A,L_B,L_proto,best_acc,best_round,gate,a_ratio,b_ratio,c_ratio,m_a,geom_drop_rate,a_prec,b_prec,hce_rate,proto_a_share,proto_a_dirty,proto_a_unique,proto_lab_mass,proto_a_mass,lab_mult,rel_r,rel_m,rel_alpha,tau0,delta0,eta_B,tau_warmup,cap_a,cap_b,lambda_A_scale,lambda_B_scale,use_a_for_proto,lr,cnt_u,cnt_a,cnt_b,cnt_c,pass_s,geom_drop,a_total,a_correct,b_total,b_correct,hce_hc,hce_den_hc,n_batches
1,1,0.1,1.18716,1.15546,0.0317,0.0,2.06962,0.1,1,0.0,0.0539,0.0,0.9461,0.0539,0.0,0.4671,0.0,0.5329,0.09546,0.53295,4998.7196,97280.0,10266.23547,48.64,0.58399,0.0,1.0,0.92,0.1,0.6,0.95,0.0,0.0,1.0,1.0,1.0,0.15,194560,10486,0,184074,10486,0,10486,4898,0,0,5588,10486,760
1,2,0.2229,1.00552,0.94449,0.06103,0.0,2.18277,0.2229,2,0.0,0.09189,0.0,0.90811,0.09189,0.0,0.46622,0.0,0.53378,0.15285,0.53342,6930.98108,97280.0,17551.67761,48.64,0.61361,0.0,1.0,0.92,0.1,0.6,0.95,0.0,0.0,1.0,1.0,1.0,0.14998,194560,17878,0,176682,17878,0,17878,8335,0,0,9543,17878,760
1,3,0.3347,0.83738,0.74774,0.08964,0.0,2.20971,0.3347,3,0.0,0.14249,0.0,0.85751,0.14249,0.0,0.47563,0.0,0.52437,0.21872,0.52399,9651.13513,97280.0,27234.05151,48.64,0.67395,0.0,1.0,0.92,0.1,0.6,0.95,0.0,0.0,1.0,1.0,1.0,0.14996,194560,27723,0,166837,27723,0,27723,13186,0,0,14537,27723,760
1,4,0.3128,0.74755,0.63129,0.11625,0.0,2.01257,0.3347,3,0.0,0.19288,0.0,0.80712,0.19288,0.0,0.50742,0.0,0.49258,0.27508,0.49205,11556.14087,97280.0,36914.76978,48.64,0.71118,0.0,1.0,0.92,0.1,0.6,0.95,0.0,0.0,1.0,1.0,1.0,0.14993,194560,37527,0,157033,37527,0,37527,19042,0,0,18485,37527,760
1,5,0.2616,0.79995,0.68685,0.11311,0.0,2.14087,0.3347,3,0.0,0.1875,0.0,0.8125,0.1875,0.0,0.54986,0.0,0.45014,0.26966,0.44946,11016.27332,97280.0,35918.49585,48.64,0.68861,0.0,1.0,0.92,0.1,0.6,0.95,0.0,0.0,1.0,1.0,1.0,0.1499,194560,36480,0,158080,36480,0,36480,20059,0,0,16421,36480,760
1,6,0.4375,0.60324,0.45531,0.14793,0.0,2.13026,0.4375,6,0.0,0.23797,0.0,0.76203,0.23797,0.0,0.54738,0.0,0.45262,0.31906,0.45196,13174.85083,97280.0,45582.33838,48.64,0.73716,0.0,1.0,0.92,0.1,0.6,0.95,0.0,0.0,1.0,1.0,1.0,0.14985,194560,46299,0,148261,46299,0,46299,25343,0,0,20956,46299,760
1,7,0.3511,0.60301,0.44674,0.15628,0.0,2.14687,0.4375,6,0.0,0.25628,0.0,0.74372,0.25628,0.0,0.5056,0.0,0.4944,0.33554,0.49361,13396.17139,97280.0,49124.63232,48.64,0.74908,0.0,1.0,0.92,0.1,0.6,0.95,0.0,0.0,1.0,1.0,1.0,0.1498,194560,49862,0,144698,49862,0,49862,25210,0,0,24652,49862,760
1,8,0.4971,0.55108,0.37045,0.18064,0.0,2.08006,0.4971,8,0.0,0.30703,0.0,0.69297,0.30703,0.0,0.65177,0.0,0.34823,0.37715,0.3472,14662.48328,97280.0,58905.31934,48.64,0.7773,0.0,1.0,0.92,0.1,0.6,0.95,0.0,0.0,1.0,1.0,1.0,0.14974,194560,59736,0,134824,59736,0,59736,38934,0,0,20802,59736,760
1,9,0.3836,0.49145,0.30352,0.18792,0.0,2.07256,0.4971,8,0.0,0.34425,0.0,0.65575,0.34425,0.0,0.5355,0.0,0.4645,0.40465,0.46377,15112.46143,97280.0,66118.92627,48.64,0.79026,0.0,1.0,0.92,0.1,0.6,0.95,0.0,0.0,1.0,1.0,1.0,0.14967,194560,66977,0,127583,66977,0,66977,35866,0,0,31111,66977,760
1,10,0.479,0.45659,0.25334,0.20325,0.0,1.9877,0.4971,8,0.0,0.38253,0.0,0.61747,0.38253,0.0,0.54594,0.0,0.45406,0.43044,0.45322,15940.38806,97280.0,73519.71289,48.64,0.80954,0.0,1.0,0.92,0.1,0.6,0.95,0.0,0.0,1.0,1.0,1.0,0.14959,194560,74426,0,120134,74426,0,74426,40632,0,0,33794,74426,760
1,11,0.5396,0.45203,0.25017,0.20187,0.0,2.0079,0.5396,11,0.0,0.36233,0.0,0.63767,0.36233,0.0,0.46465,0.0,0.53535,0.4171,0.53459,15813.72729,97280.0,69608.4082,48.64,0.80219,0.0,1.0,0.92,0.1,0.6,0.95,0.0,0.0,1.0,1.0,1.0,0.1495,194560,70494,0,124066,70494,0,70494,32755,0,0,37739,70494,760
1,12,0.4563,0.41351,0.19743,0.21608,0.0,2.04239,0.5396,11,0.0,0.40475,0.0,0.59525,0.40475,0.0,0.66021,0.0,0.33979,0.44446,0.33866,16108.60034,97280.0,77829.17236,48.64,0.81819,0.0,1.0,0.92,0.1,0.6,0.95,0.0,0.0,1.0,1.0,1.0,0.14941,194560,78749,0,115811,78749,0,78749,51991,0,0,26758,78749,760
1,13,0.5495,0.40392,0.18684,0.21708,0.0,1.94772,0.5495,13,0.0,0.412,0.0,0.588,0.412,0.0,0.50933,0.0,0.49067,0.44887,0.48974,16457.28564,97280.0,79229.80078,48.64,0.82241,0.0,1.0,0.92,0.1,0.6,0.95,0.0,0.0,1.0,1.0,1.0,0.14931,194560,80159,0,114401,80159,0,80159,40827,0,0,39332,80159,760
1,14,0.531,0.38024,0.1636,0.21663,0.0,1.89761,0.5495,13,0.0,0.42385,0.0,0.57615,0.42385,0.0,0.50771,0.0,0.49229,0.45595,0.49158,16606.56726,97280.0,81525.78906,48.64,0.82701,0.0,1.0,0.92,0.1,0.6,0.95,0.0,0.0,1.0,1.0,1.0,0.1492,194560,82464,0,112096,82464,0,82464,41868,0,0,40596,82464,760
1,15,0.5453,0.38482,0.16176,0.22306,0.0,1.8982,0.5495,13,0.0,0.44316,0.0,0.55684,0.44316,0.0,0.63353,0.0,0.36647,0.46715,0.36548,16786.2561,97280.0,85285.43555,48.64,0.83381,0.0,1.0,0.92,0.1,0.6,0.95,0.0,0.0,1.0,1.0,1.0,0.14908,194560,86222,0,108338,86222,0,86222,54624,0,0,31598,86222,760
1,16,0.611,0.36917,0.1432,0.22596,0.0,1.93512,0.611,16,0.0,0.44936,0.0,0.55064,0.44936,0.0,0.59442,0.0,0.40558,0.47062,0.40462,16806.26624,97280.0,86483.25781,48.64,0.83486,0.0,1.0,0.92,0.1,0.6,0.95,0.0,0.0,1.0,1.0,1.0,0.14895,194560,87428,0,107132,87428,0,87428,51969,0,0,35459,87428,760
1,17,0.4937,0.37523,0.14946,0.22577,0.0,1.87087,0.611,16,0.0,0.45821,0.0,0.54179,0.45821,0.0,0.54315,0.0,0.45685,0.47553,0.45609,17103.17908,97280.0,88202.14648,48.64,0.83933,0.0,1.0,0.92,0.1,0.6,0.95,0.0,0.0,1.0,1.0,1.0,0.14881,194560,89149,0,105411,89149,0,89149,48421,0,0,40728,89149,760
1,18,0.4727,0.39339,0.17512,0.21828,0.0,1.81231,0.611,16,0.0,0.45412,0.0,0.54588,0.45412,0.0,0.64245,0.0,0.35755,0.47328,0.35648,16872.54053,97280.0,87409.51953,48.64,0.8366,0.0,1.0,0.92,0.1,0.6,0.95,0.0,0.0,1.0,1.0,1.0,0.14867,194560,88354,0,106206,88354,0,88354,56763,0,0,31591,88354,760
1,19,0.5921,0.35188,0.1298,0.22208,0.0,1.868,0.611,16,0.0,0.4488,0.0,0.5512,0.4488,0.0,0.53693,0.0,0.46307,0.47032,0.46191,16981.9762,97280.0,86376.95898,48.64,0.83476,0.0,1.0,0.92,0.1,0.6,0.95,0.0,0.0,1.0,1.0,1.0,0.14852,194560,87318,0,107242,87318,0,87318,46884,0,0,40434,87318,760
1,20,0.5541,0.34852,0.1227,0.22582,0.0,1.81382,0.611,16,0.0,0.48156,0.0,0.51844,0.48156,0.0,0.57287,0.0,0.42713,0.48806,0.42629,17220.84302,97280.0,92742.89355,48.64,0.84718,0.0,1.0,0.92,0.1,0.6,0.95,0.0,0.0,1.0,1.0,1.0,0.14836,194560,93692,0,100868,93692,0,93692,53673,0,0,40019,93692,760
1,21,0.6159,0.33733,0.11412,0.22321,0.0,1.82799,0.6159,21,0.0,0.50432,0.0,0.49568,0.50432,0.0,0.6147,0.0,0.3853,0.49974,0.38447,17278.53638,97280.0,97177.79395,48.64,0.85421,0.0,1.0,0.92,0.1,0.6,0.95,0.0,0.0,1.0,1.0,1.0,0.14819,194560,98121,0,96439,98121,0,98121,60315,0,0,37806,98121,760
1,22,0.531,0.32742,0.10154,0.22588,0.0,1.81293,0.6159,21,0.0,0.50112,0.0,0.49888,0.50112,0.0,0.66675,0.0,0.33325,0.49815,0.33223,17396.56165,97280.0,96562.1875,48.64,0.85359,0.0,1.0,0.92,0.1,0.6,0.95,0.0,0.0,1.0,1.0,1.0,0.14802,194560,97498,0,97062,97498,0,97498,65007,0,0,32491,97498,760
1,23,0.5876,0.34958,0.11776,0.23182,0.0,1.7925,0.6159,21,0.0,0.47239,0.0,0.52761,0.47239,0.0,0.58155,0.0,0.41845,0.48322,0.41751,17282.43237,97280.0,90963.01855,48.64,0.84396,0.0,1.0,0.92,0.1,0.6,0.95,0.0,0.0,1.0,1.0,1.0,0.14784,194560,91908,0,102652,91908,0,91908,53449,0,0,38459,91908,760
1,24,0.617,0.30481,0.07905,0.22577,0.0,1.77607,0.617,24,0.0,0.53453,0.0,0.46547,0.53453,0.0,0.61416,0.0,0.38584,0.51443,0.38495,17628.61011,97280.0,103063.6543,48.64,0.865,0.0,1.0,0.92,0.1,0.6,0.95,0.0,0.0,1.0,1.0,1.0,0.14764,194560,103999,0,90561,103999,0,103999,63872,0,0,40127,103999,760
1,25,0.6458,0.33368,0.10207,0.23162,0.0,1.83915,0.6458,25,0.0,0.5336,0.0,0.4664,0.5336,0.0,0.74016,0.0,0.25984,0.51401,0.25861,17787.39941,97280.0,102887.89941,48.64,0.86564,0.0,1.0,0.92,0.1,0.6,0.95,0.0,0.0,1.0,1.0,1.0,0.14744,194560,103818,0,90742,103818,0,103818,76842,0,0,26976,103818,760
1,26,0.6862,0.30372,0.07034,0.23339,0.0,1.81592,0.6862,26,0.0,0.53539,0.0,0.46461,0.53539,0.0,0.65756,0.0,0.34244,0.51486,0.34131,17765.11499,97280.0,103239.74121,48.64,0.86597,0.0,1.0,0.92,0.1,0.6,0.95,0.0,0.0,1.0,1.0,1.0,0.14724,194560,104165,0,90395,104165,0,104165,68495,0,0,35670,104165,760
1,27,0.6383,0.29958,0.06897,0.23061,0.0,1.78303,0.6862,26,0.0,0.54138,0.0,0.45862,0.54138,0.0,0.59212,0.0,0.40788,0.51765,0.40694,17865.22534,97280.0,104399.19531,48.64,0.86881,0.0,1.0,0.92,0.1,0.6,0.95,0.0,0.0,1.0,1.0,1.0,0.14702,194560,105331,0,89229,105331,0,105331,62369,0,0,42962,105331,760
1,28,0.6379,0.30374,0.07134,0.2324,0.0,1.78184,0.6862,26,0.0,0.55323,0.0,0.44677,0.55323,0.0,0.58349,0.0,0.41651,0.52314,0.41567,18060.10083,97280.0,106723.16406,48.64,0.87194,0.0,1.0,0.92,0.1,0.6,0.95,0.0,0.0,1.0,1.0,1.0,0.1468,194560,107637,0,86923,107637,0,107637,62805,0,0,44832,107637,760
1,29,0.5659,0.31862,0.08674,0.23188,0.0,1.8248,0.6862,26,0.0,0.53152,0.0,0.46848,0.53152,0.0,0.68488,0.0,0.31512,0.51305,0.31409,17719.79614,97280.0,102495.50098,48.64,0.86418,0.0,1.0,0.92,0.1,0.6,0.95,0.0,0.0,1.0,1.0,1.0,0.14657,194560,103413,0,91147,103413,0,103413,70825,0,0,32588,103413,760
1,30,0.614,0.32353,0.08769,0.23584,0.0,1.77185,0.6862,26,0.0,0.52876,0.0,0.47124,0.52876,0.0,0.56762,0.0,0.43238,0.51171,0.43142,17901.38428,97280.0,101944.39258,48.64,0.86351,0.0,1.0,0.92,0.1,0.6,0.95,0.0,0.0,1.0,1.0,1.0,0.14633,194560,102875,0,91685,102875,0,102875,58394,0,0,44481,102875,760
1,31,0.5585,0.31837,0.0911,0.22721,0.0,1.73978,0.6862,26,0.0,0.54818,0.0,0.45182,0.54818,0.0,0.66529,0.0,0.33471,0.52084,0.33357,17935.31543,97280.0,105740.24707,48.64,0.8697,0.0,1.0,0.92,0.1,0.6,0.95,0.0,0.0,1.0,1.0,1.0,0.14608,194560,106654,0,87906,106654,0,106654,70956,0,0,35698,106654,760
1,32,0.6067,0.326,0.09834,0.2274,0.0,1.75943,0.6862,26,0.0,0.50272,0.0,0.49728,0.50272,0.0,0.56606,0.0,0.43394,0.49895,0.43293,17696.93457,97280.0,96872.12305,48.64,0.85516,0.0,1.0,0.92,0.1,0.6,0.95,0.0,0.0,1.0,1.0,1.0,0.14583,194560,97809,0,96751,97809,0,97809,55366,0,0,42443,97809,760
1,33,0.6315,0.29766,0.07026,0.22698,0.0,1.72186,0.6862,26,0.0,0.53129,0.0,0.46871,0.53129,0.0,0.62248,0.0,0.37752,0.51292,0.37639,17771.26367,97280.0,102442.12109,48.64,0.86351,0.0,1.0,0.92,0.1,0.6,0.95,0.0,0.0,1.0,1.0,1.0,0.14557,194560,103368,0,91192,103368,0,103368,64344,0,0,39024,103368,760
1,34,0.6581,0.30097,0.07292,0.2275,0.0,1.70927,0.6862,26,0.0,0.54896,0.0,0.45104,0.54896,0.0,0.59774,0.0,0.40226,0.52123,0.40136,17854.31445,97280.0,105908.62988,48.64,0.8685,0.0,1.0,0.92,0.1,0.6,0.95,0.0,0.0,1.0,1.0,1.0,0.1453,194560,106806,0,87754,106806,0,106806,63842,0,0,42964,106806,760
1,35,0.6537,0.28464,0.05435,0.22983,0.0,1.70896,0.6862,26,0.0,0.57513,0.0,0.42487,0.57513,0.0,0.59269,0.0,0.40731,0.53294,0.4065,18186.2666,97280.0,111000.04004,48.64,0.87793,0.0,1.0,0.92,0.1,0.6,0.95,0.0,0.0,1.0,1.0,1.0,0.14502,194560,111897,0,82663,111897,0,111897,66320,0,0,45577,111897,760
1,36,0.6676,0.29057,0.05708,0.23303,0.0,1.68178,0.6862,26,0.0,0.56652,0.0,0.43348,0.56652,0.0,0.63049,0.0,0.36951,0.52916,0.36858,18174.75415,97280.0,109327.4707,48.64,0.87619,0.0,1.0,0.92,0.1,0.6,0.95,0.0,0.0,1.0,1.0,1.0,0.14473,194560,110223,0,84337,110223,0,110223,69495,0,0,40728,110223,760
1,37,0.6921,0.28774,0.06052,0.22669,0.0,1.66834,0.6921,37,0.0,0.53556,0.0,0.46444,0.53556,0.0,0.59645,0.0,0.40355,0.51497,0.40262,17909.24585,97280.0,103285.30078,48.64,0.86498,0.0,1.0,0.92,0.1,0.6,0.95,0.0,0.0,1.0,1.0,1.0,0.14444,194560,104199,0,90361,104199,0,104199,62149,0,0,42050,104199,760
1,38,0.676,0.28303,0.04942,0.23314,0.0,1.71491,0.6921,37,0.0,0.59574,0.0,0.40426,0.59574,0.0,0.74173,0.0,0.25827,0.54181,0.25732,18301.02637,97280.0,115035.00781,48.64,0.88435,0.0,1.0,0.92,0.1,0.6,0.95,0.0,0.0,1.0,1.0,1.0,0.14414,194560,115908,0,78652,115908,0,115908,85972,0,0,29936,115908,760
1,39,0.7003,0.27408,0.04677,0.22687,0.0,1.71397,0.7003,39,0.0,0.60111,0.0,0.39889,0.60111,0.0,0.72435,0.0,0.27565,0.54403,0.27465,18397.68945,97280.0,116067.83691,48.64,0.88599,0.0,1.0,0.92,0.1,0.6,0.95,0.0,0.0,1.0,1.0,1.0,0.14383,194560,116951,0,77609,116951,0,116951,84714,0,0,32237,116951,760
1,40,0.6219,0.27488,0.05093,0.22363,0.0,1.73968,0.7003,39,0.0,0.61315,0.0,0.38685,0.61315,0.0,0.7123,0.0,0.2877,0.54903,0.2868,18319.0105,97280.0,118430.85645,48.64,0.88994,0.0,1.0,0.92,0.1,0.6,0.95,0.0,0.0,1.0,1.0,1.0,0.14352,194560,119295,0,75265,119295,0,119295,84974,0,0,34321,119295,760
1,41,0.6435,0.28047,0.0542,0.22593,0.0,1.65668,0.7003,39,0.0,0.62444,0.0,0.37556,0.62444,0.0,0.70945,0.0,0.29055,0.55361,0.28955,18654.22827,97280.0,120645.73535,48.64,0.89388,0.0,1.0,0.92,0.1,0.6,0.95,0.0,0.0,1.0,1.0,1.0,0.14319,194560,121491,0,73069,121491,0,121491,86192,0,0,35299,121491,760
1,42,0.5799,0.28809,0.06432,0.2234,0.0,1.65478,0.7003,39,0.0,0.56772,0.0,0.43228,0.56772,0.0,0.62893,0.0,0.37107,0.52971,0.37015,18243.75537,97280.0,109570.32031,48.64,0.87547,0.0,1.0,0.92,0.1,0.6,0.95,0.0,0.0,1.0,1.0,1.0,0.14286,194560,110456,0,84104,110456,0,110456,69469,0,0,40987,110456,760
1,43,0.6229,0.28038,0.05822,0.22174,0.0,1.66973,0.7003,39,0.0,0.56355,0.0,0.43645,0.56355,0.0,0.6463,0.0,0.3537,0.52784,0.35251,18274.16992,97280.0,108753.10547,48.64,0.87489,0.0,1.0,0.92,0.1,0.6,0.95,0.0,0.0,1.0,1.0,1.0,0.14252,194560,109645,0,84915,109645,0,109645,70864,0,0,38781,109645,760
1,44,0.551,0.27604,0.06324,0.21231,0.0,1.64901,0.7003,39,0.0,0.56168,0.0,0.43832,0.56168,0.0,0.61982,0.0,0.38018,0.52704,0.37919,18100.61743,97280.0,108404.69336,48.64,0.87321,0.0,1.0,0.92,0.1,0.6,0.95,0.0,0.0,1.0,1.0,1.0,0.14218,194560,109280,0,85280,109280,0,109280,67734,0,0,41546,109280,760
1,45,0.6086,0.2826,0.06328,0.21882,0.0,1.57819,0.7003,39,0.0,0.56523,0.0,0.43477,0.56523,0.0,0.54828,0.0,0.45172,0.52861,0.45077,18368.53247,97280.0,109087.92676,48.64,0.8757,0.0,1.0,0.92,0.1,0.6,0.95,0.0,0.0,1.0,1.0,1.0,0.14183,194560,109971,0,84589,109971,0,109971,60295,0,0,49676,109971,760
1,46,0.6139,0.26373,0.05254,0.21075,0.0,1.60296,0.7003,39,0.0,0.60478,0.0,0.39522,0.60478,0.0,0.67888,0.0,0.32112,0.54561,0.31993,18416.89966,97280.0,116809.80371,48.64,0.88693,0.0,1.0,0.92,0.1,0.6,0.95,0.0,0.0,1.0,1.0,1.0,0.14147,194560,117666,0,76894,117666,0,117666,79881,0,0,37785,117666,760
1,47,0.6977,0.27135,0.0542,0.21666,0.0,1.61158,0.7003,39,0.0,0.58833,0.0,0.41167,0.58833,0.0,0.7117,0.0,0.2883,0.53868,0.28716,18231.47046,97280.0,113593.82324,48.64,0.88183,0.0,1.0,0.92,0.1,0.6,0.95,0.0,0.0,1.0,1.0,1.0,0.1411,194560,114466,0,80094,114466,0,114466,81465,0,0,33001,114466,760
1,48,0.6148,0.25392,0.04164,0.21184,0.0,1.56454,0.7003,39,0.0,0.61815,0.0,0.38185,0.61815,0.0,0.71069,0.0,0.28931,0.55103,0.28825,18429.12769,97280.0,119395.77734,48.64,0.89206,0.0,1.0,0.92,0.1,0.6,0.95,0.0,0.0,1.0,1.0,1.0,0.14072,194560,120268,0,74292,120268,0,120268,85473,0,0,34795,120268,760
1,49,0.6593,0.25076,0.04695,0.20331,0.0,1.62033,0.7003,39,0.0,0.61052,0.0,0.38948,0.61052,0.0,0.70836,0.0,0.29164,0.54794,0.29067,18449.83154,97280.0,117913.98438,48.64,0.88898,0.0,1.0,0.92,0.1,0.6,0.95,0.0,0.0,1.0,1.0,1.0,0.14034,194560,118782,0,75778,118782,0,118782,84141,0,0,34641,118782,760
1,50,0.722,0.25341,0.04487,0.20796,0.0,1.56692,0.722,50,0.0,0.585,0.0,0.415,0.585,0.0,0.6506,0.0,0.3494,0.53721,0.34836,18320.92505,97280.0,112922.56348,48.64,0.88173,0.0,1.0,0.92,0.1,0.6,0.95,0.0,0.0,1.0,1.0,1.0,0.13995,194560,113817,0,80743,113817,0,113817,74049,0,0,39768,113817,760
1,51,0.7237,0.24996,0.04186,0.20756,0.0,1.60413,0.7237,51,0.0,0.60716,0.0,0.39284,0.60716,0.0,0.78438,0.0,0.21562,0.54661,0.21443,18285.12183,97280.0,117281.02441,48.64,0.88808,0.0,1.0,0.92,0.1,0.6,0.95,0.0,0.0,1.0,1.0,1.0,0.13956,194560,118130,0,76430,118130,0,118130,92659,0,0,25471,118130,760
1,52,0.7179,0.23886,0.03228,0.20601,0.0,1.58798,0.7237,51,0.0,0.59517,0.0,0.40483,0.59517,0.0,0.71027,0.0,0.28973,0.54161,0.28851,18323.24023,97280.0,114941.09375,48.64,0.88434,0.0,1.0,0.92,0.1,0.6,0.95,0.0,0.0,1.0,1.0,1.0,0.13915,194560,115796,0,78764,115796,0,115796,82247,0,0,33549,115796,760
1,53,0.6787,0.24367,0.03888,0.20418,0.0,1.54861,0.7237,51,0.0,0.60658,0.0,0.39342,0.60658,0.0,0.65206,0.0,0.34794,0.54635,0.34708,18639.62598,97280.0,117160.28125,48.64,0.88849,0.0,1.0,0.92,0.1,0.6,0.95,0.0,0.0,1.0,1.0,1.0,0.13874,194560,118016,0,76544,118016,0,118016,76954,0,0,41062,118016,760
1,54,0.5959,0.25682,0.04424,0.21199,0.0,1.53781,0.7237,51,0.0,0.60262,0.0,0.39738,0.60262,0.0,0.63899,0.0,0.36101,0.54469,0.35994,18676.14258,97280.0,116374.49316,48.64,0.88897,0.0,1.0,0.92,0.1,0.6,0.95,0.0,0.0,1.0,1.0,1.0,0.13832,194560,117245,0,77315,117245,0,117245,74918,0,0,42327,117245,760
1,55,0.6942,0.24761,0.04718,0.19985,0.0,1.55009,0.7237,51,0.0,0.62219,0.0,0.37781,0.62219,0.0,0.71514,0.0,0.28486,0.5527,0.28386,18583.11597,97280.0,120203.34473,48.64,0.89356,0.0,1.0,0.92,0.1,0.6,0.95,0.0,0.0,1.0,1.0,1.0,0.1379,194560,121053,0,73507,121053,0,121053,86570,0,0,34483,121053,760
1,56,0.7064,0.2405,0.04012,0.19972,0.0,1.54496,0.7237,51,0.0,0.61028,0.0,0.38972,0.61028,0.0,0.72383,0.0,0.27617,0.54787,0.27513,18486.4458,97280.0,117880.50781,48.64,0.88896,0.0,1.0,0.92,0.1,0.6,0.95,0.0,0.0,1.0,1.0,1.0,0.13747,194560,118736,0,75824,118736,0,118736,85945,0,0,32791,118736,760
1,57,0.7261,0.23686,0.03334,0.20284,0.0,1.53823,0.7261,57,0.0,0.61221,0.0,0.38779,0.61221,0.0,0.72471,0.0,0.27529,0.54866,0.27414,18401.08521,97280.0,118257.86523,48.64,0.88984,0.0,1.0,0.92,0.1,0.6,0.95,0.0,0.0,1.0,1.0,1.0,0.13703,194560,119111,0,75449,119111,0,119111,86321,0,0,32790,119111,760
1,58,0.72,0.23899,0.02943,0.20886,0.0,1.55991,0.7261,57,0.0,0.60645,0.0,0.39355,0.60645,0.0,0.68967,0.0,0.31033,0.54627,0.30935,18328.50708,97280.0,117120.02637,48.64,0.88805,0.0,1.0,0.92,0.1,0.6,0.95,0.0,0.0,1.0,1.0,1.0,0.13659,194560,117991,0,76569,117991,0,117991,81375,0,0,36616,117991,760
1,59,0.7046,0.23967,0.03094,0.20806,0.0,1.52989,0.7261,57,0.0,0.62515,0.0,0.37485,0.62515,0.0,0.70939,0.0,0.29061,0.55388,0.28961,18688.5061,97280.0,120779.70996,48.64,0.8939,0.0,1.0,0.92,0.1,0.6,0.95,0.0,0.0,1.0,1.0,1.0,0.13613,194560,121630,0,72930,121630,0,121630,86283,0,0,35347,121630,760
1,60,0.6715,0.24109,0.03737,0.20294,0.0,1.55061,0.7261,57,0.0,0.61032,0.0,0.38968,0.61032,0.0,0.65156,0.0,0.34844,0.54785,0.34749,18709.29736,97280.0,117871.58301,48.64,0.89002,0.0,1.0,0.92,0.1,0.6,0.95,0.0,0.0,1.0,1.0,1.0,0.13568,194560,118744,0,75816,118744,0,118744,77369,0,0,41375,118744,760
1,61,0.6726,0.24337,0.04051,0.20213,0.0,1.52756,0.7261,57,0.0,0.63234,0.0,0.36766,0.63234,0.0,0.75337,0.0,0.24663,0.55676,0.24555,18657.02612,97280.0,122194.5791,48.64,0.89656,0.0,1.0,0.92,0.1,0.6,0.95,0.0,0.0,1.0,1.0,1.0,0.13521,194560,123028,0,71532,123028,0,123028,92686,0,0,30342,123028,760
1,62,0.7331,0.23854,0.04022,0.19754,0.0,1.52606,0.7331,62,0.0,0.62627,0.0,0.37373,0.62627,0.0,0.74087,0.0,0.25913,0.55439,0.25804,18516.95386,97280.0,121025.44238,48.64,0.89319,0.0,1.0,0.92,0.1,0.6,0.95,0.0,0.0,1.0,1.0,1.0,0.13474,194560,121847,0,72713,121847,0,121847,90273,0,0,31574,121847,760
1,63,0.7333,0.22554,0.0313,0.19331,0.0,1.5512,0.7333,63,0.0,0.6321,0.0,0.3679,0.6321,0.0,0.69268,0.0,0.30732,0.55664,0.30633,18767.45142,97280.0,122134.91699,48.64,0.89715,0.0,1.0,0.92,0.1,0.6,0.95,0.0,0.0,1.0,1.0,1.0,0.13426,194560,122981,0,71579,122981,0,122981,85187,0,0,37794,122981,760
1,64,0.7593,0.23999,0.025,0.19855,0.26349,1.53883,0.7593,64,0.0,0.61214,0.28634,0.10152,0.61214,0.0,0.73539,0.44494,0.26461,0.54863,0.2636,18393.57397,97280.0,118241.1416,48.64,0.88928,0.0,1.0,0.92,0.1,0.6,0.95,0.0,0.0,1.0,1.0,1.0,0.13378,194560,119098,55711,19751,119098,0,119098,87584,55711,24788,31514,119098,760
1,65,0.7197,0.24322,0.0235,0.19095,0.22626,1.48564,0.7593,64,0.0,0.64564,0.26323,0.09113,0.64564,0.0,0.78432,0.44664,0.21568,0.56194,0.21455,18543.66699,97280.0,124790.96387,48.64,0.89936,0.0,1.0,0.92,0.1,0.6,0.95,0.0,0.0,1.0,1.0,1.0,0.13329,194560,125616,51214,17730,125616,0,125616,98523,51214,22874,27093,125616,760
1,66,0.7032,0.2757,0.03442,0.19147,0.28807,1.5117,0.7593,64,0.0,0.61186,0.28437,0.10376,0.61186,0.0,0.73852,0.41485,0.26148,0.5486,0.26034,18288.1792,97280.0,118225.21387,48.64,0.88825,0.0,1.0,0.92,0.1,0.6,0.95,0.0,0.0,1.0,1.0,1.0,0.13279,194560,119044,55328,20188,119044,0,119044,87916,55328,22953,31128,119044,760
1,67,0.7505,0.26974,0.02611,0.18782,0.22057,1.4726,0.7593,64,0.0,0.64112,0.26575,0.09313,0.64112,0.0,0.7722,0.45224,0.2278,0.56023,0.22676,18376.67505,97280.0,123925.62109,48.64,0.89759,0.0,1.0,0.92,0.1,0.6,0.95,0.0,0.0,1.0,1.0,1.0,0.13228,194560,124736,51705,18119,124736,0,124736,96321,51705,23383,28415,124736,760
1,68,0.6673,0.27975,0.02443,0.18297,0.23972,1.43408,0.7593,64,0.0,0.61259,0.28651,0.1009,0.61259,0.0,0.69592,0.40668,0.30408,0.5488,0.30304,18298.22607,97280.0,118322.28027,48.64,0.88954,0.0,1.0,0.92,0.1,0.6,0.95,0.0,0.0,1.0,1.0,1.0,0.13177,194560,119185,55744,19631,119185,0,119185,82943,55744,22670,36242,119185,760
1,69,0.7375,0.30824,0.03272,0.18634,0.24872,1.46046,0.7593,64,0.0,0.58294,0.30321,0.11385,0.58294,0.0,0.71894,0.41807,0.28106,0.53639,0.2799,17947.94287,97280.0,112551.17871,48.64,0.87874,0.0,1.0,0.92,0.1,0.6,0.95,0.0,0.0,1.0,1.0,1.0,0.13126,194560,113416,58993,22151,113416,0,113416,81539,58993,24663,31877,113416,760
1,70,0.7584,0.29876,0.02579,0.17935,0.21211,1.44456,0.7593,64,0.0,0.64258,0.26218,0.09525,0.64258,0.0,0.8216,0.49409,0.1784,0.56079,0.17741,18155.08472,97280.0,124207.78516,48.64,0.89743,0.0,1.0,0.92,0.1,0.6,0.95,0.0,0.0,1.0,1.0,1.0,0.13074,194560,125020,51009,18531,125020,0,125020,102717,51009,25203,22303,125020,760
1,71,0.7539,0.30727,0.02217,0.18109,0.2033,1.42899,0.7593,64,0.0,0.63496,0.26563,0.09941,0.63496,0.0,0.81206,0.48331,0.18794,0.55784,0.18692,18081.12354,97280.0,122731.08594,48.64,0.89444,0.0,1.0,0.92,0.1,0.6,0.95,0.0,0.0,1.0,1.0,1.0,0.13021,194560,123537,51681,19342,123537,0,123537,100319,51681,24978,23218,123537,760
1,72,0.7738,0.3156,0.02133,0.1809,0.19802,1.36871,0.7738,72,0.0,0.61572,0.28076,0.10353,0.61572,0.0,0.76645,0.46016,0.23355,0.55013,0.23251,17939.90918,97280.0,118960.23242,48.64,0.88913,0.0,1.0,0.92,0.1,0.6,0.95,0.0,0.0,1.0,1.0,1.0,0.12967,194560,119794,54624,20142,119794,0,119794,91816,54624,25136,27978,119794,760
1,73,0.7768,0.32808,0.01998,0.1804,0.19811,1.40312,0.7768,73,0.0,0.59869,0.29192,0.1094,0.59869,0.0,0.75496,0.45802,0.24504,0.54309,0.24402,17859.69458,97280.0,115628.96094,48.64,0.88368,0.0,1.0,0.92,0.1,0.6,0.95,0.0,0.0,1.0,1.0,1.0,0.12913,194560,116481,56795,21284,116481,0,116481,87938,56795,26013,28543,116481,760
1,74,0.776,0.34101,0.01987,0.18563,0.18873,1.37394,0.7768,73,0.0,0.60707,0.28679,0.10614,0.60707,0.0,0.78465,0.48926,0.21535,0.54654,0.21433,18028.92773,97280.0,117247.82129,48.64,0.88663,0.0,1.0,0.92,0.1,0.6,0.95,0.0,0.0,1.0,1.0,1.0,0.12859,194560,118112,55798,20650,118112,0,118112,92676,55798,27300,25436,118112,760
1,75,0.769,0.34084,0.0181,0.18138,0.17336,1.38117,0.7768,73,0.0,0.64504,0.26088,0.09408,0.64504,0.0,0.80182,0.49176,0.19818,0.56172,0.19733,18211.44141,97280.0,124680.34277,48.64,0.89808,0.0,1.0,0.92,0.1,0.6,0.95,0.0,0.0,1.0,1.0,1.0,0.12803,194560,125499,50756,18305,125499,0,125499,100628,50756,24960,24871,125499,760
1,76,0.7789,0.34197,0.01568,0.17802,0.16603,1.33733,0.7789,76,0.0,0.61888,0.27908,0.10204,0.61888,0.0,0.77092,0.48168,0.22908,0.55139,0.22819,18019.81885,97280.0,119567.55078,48.64,0.89042,0.0,1.0,0.92,0.1,0.6,0.95,0.0,0.0,1.0,1.0,1.0,0.12747,194560,120410,54298,19852,120410,0,120410,92827,54298,26154,27583,120410,760
1,77,0.7473,0.35832,0.02138,0.17699,0.17093,1.33218,0.7789,76,0.0,0.64424,0.25865,0.09711,0.64424,0.0,0.83663,0.51838,0.16337,0.56145,0.16248,18099.34277,97280.0,124541.82031,48.64,0.89638,0.0,1.0,0.92,0.1,0.6,0.95,0.0,0.0,1.0,1.0,1.0,0.12691,194560,125344,50322,18894,125344,0,125344,104867,50322,26086,20477,125344,760
1,78,0.7594,0.34437,0.01411,0.16939,0.15316,1.30799,0.7789,76,0.0,0.65361,0.25294,0.09345,0.65361,0.0,0.85101,0.52288,0.14899,0.56503,0.14804,18041.25659,97280.0,126368.16406,48.64,0.89996,0.0,1.0,0.92,0.1,0.6,0.95,0.0,0.0,1.0,1.0,1.0,0.12634,194560,127167,49212,18181,127167,0,127167,108221,49212,25732,18946,127167,760
1,79,0.7713,0.39689,0.02369,0.18299,0.18174,1.31538,0.7789,76,0.0,0.60873,0.28065,0.11061,0.60873,0.0,0.79734,0.48152,0.20266,0.54731,0.20161,17984.41455,97280.0,117612.09277,48.64,0.88469,0.0,1.0,0.92,0.1,0.6,0.95,0.0,0.0,1.0,1.0,1.0,0.12577,194560,118435,54604,21521,118435,0,118435,94433,54604,26293,24002,118435,760
1,80,0.7769,0.37007,0.01633,0.17425,0.1487,1.28322,0.7789,76,0.0,0.62376,0.27503,0.10122,0.62376,0.0,0.79532,0.50393,0.20468,0.55335,0.20381,18002.55664,97280.0,120519.67969,48.64,0.89137,0.0,1.0,0.92,0.1,0.6,0.95,0.0,0.0,1.0,1.0,1.0,0.12518,194560,121358,53509,19693,121358,0,121358,96518,53509,26965,24840,121358,760
1,81,0.7795,0.39695,0.01751,0.18341,0.15873,1.25939,0.7795,81,0.0,0.62288,0.26866,0.10847,0.62288,0.0,0.81817,0.4961,0.18183,0.55308,0.18087,17893.65503,97280.0,120388.76367,48.64,0.88834,0.0,1.0,0.92,0.1,0.6,0.95,0.0,0.0,1.0,1.0,1.0,0.1246,194560,121187,52270,21103,121187,0,121187,99152,52270,25931,22035,121187,760
1,82,0.7796,0.42438,0.02156,0.18749,0.17228,1.24651,0.7796,82,0.0,0.57341,0.30414,0.12245,0.57341,0.0,0.73117,0.46667,0.26883,0.53227,0.26791,17598.27686,97280.0,110703.42969,48.64,0.87359,0.0,1.0,0.92,0.1,0.6,0.95,0.0,0.0,1.0,1.0,1.0,0.12401,194560,111563,59174,23823,111563,0,111563,81571,59174,27615,29992,111563,760
1,83,0.748,0.42145,0.01983,0.18531,0.15853,1.24041,0.7796,82,0.0,0.61303,0.27828,0.10869,0.61303,0.0,0.78566,0.49659,0.21434,0.54907,0.21351,17860.42993,97280.0,118452.84082,48.64,0.88609,0.0,1.0,0.92,0.1,0.6,0.95,0.0,0.0,1.0,1.0,1.0,0.12341,194560,119271,54143,21146,119271,0,119271,93706,54143,26887,25565,119271,760
1,84,0.7781,0.42345,0.02019,0.18201,0.15719,1.19282,0.7796,82,0.0,0.61565,0.27641,0.10794,0.61565,0.0,0.81615,0.52751,0.18385,0.55009,0.18297,17912.55615,97280.0,118939.87793,48.64,0.88717,0.0,1.0,0.92,0.1,0.6,0.95,0.0,0.0,1.0,1.0,1.0,0.12281,194560,119780,53779,21001,119780,0,119780,97758,53779,28369,22022,119780,760
1,85,0.7908,0.40669,0.01787,0.17647,0.1339,1.19269,0.7908,85,0.0,0.63946,0.26027,0.10027,0.63946,0.0,0.82975,0.50693,0.17025,0.55958,0.16925,18037.04883,97280.0,123599.71484,48.64,0.89469,0.0,1.0,0.92,0.1,0.6,0.95,0.0,0.0,1.0,1.0,1.0,0.1222,194560,124413,50638,19509,124413,0,124413,103232,50638,25670,21181,124413,760
1,86,0.7732,0.41175,0.01537,0.17436,0.13525,1.17112,0.7908,85,0.0,0.63277,0.2617,0.10553,0.63277,0.0,0.86523,0.5432,0.13477,0.55699,0.13391,17727.24573,97280.0,122306.99707,48.64,0.89103,0.0,1.0,0.92,0.1,0.6,0.95,0.0,0.0,1.0,1.0,1.0,0.12159,194560,123112,50917,20531,123112,0,123112,106520,50917,27658,16592,123112,760
1,87,0.7763,0.45901,0.02111,0.19232,0.15103,1.18516,0.7908,85,0.0,0.60999,0.27718,0.11283,0.60999,0.0,0.79093,0.49421,0.20907,0.54784,0.20813,17866.67163,97280.0,117864.85156,48.64,0.88411,0.0,1.0,0.92,0.1,0.6,0.95,0.0,0.0,1.0,1.0,1.0,0.12097,194560,118680,53928,21952,118680,0,118680,93868,53928,26652,24812,118680,760
1,88,0.792,0.44452,0.0174,0.18298,0.14086,1.15616,0.792,88,0.0,0.62876,0.26592,0.10531,0.62876,0.0,0.82299,0.52035,0.17701,0.55541,0.1761,17941.35059,97280.0,121526.89258,48.64,0.89066,0.0,1.0,0.92,0.1,0.6,0.95,0.0,0.0,1.0,1.0,1.0,0.12034,194560,122332,51738,20490,122332,0,122332,100678,51738,26922,21654,122332,760
1,89,0.7789,0.47157,0.01965,0.19185,0.14912,1.11961,0.792,88,0.0,0.57845,0.29837,0.12319,0.57845,0.0,0.78581,0.50999,0.21419,0.53452,0.21328,17533.21509,97280.0,111708.94824,48.64,0.8739,0.0,1.0,0.92,0.1,0.6,0.95,0.0,0.0,1.0,1.0,1.0,0.11972,194560,112543,58050,23967,112543,0,112543,88437,58050,29605,24106,112543,760
1,90,0.7917,0.45299,0.01991,0.18418,0.13221,1.09473,0.792,88,0.0,0.62266,0.26697,0.11037,0.62266,0.0,0.8516,0.53689,0.1484,0.55296,0.1475,17794.65649,97280.0,120330.56152,48.64,0.88711,0.0,1.0,0.92,0.1,0.6,0.95,0.0,0.0,1.0,1.0,1.0,0.11908,194560,121144,51942,21474,121144,0,121144,103166,51942,27887,17978,121144,760
2,91,0.7836,0.4071,0.01947,0.19233,0.14324,0.44256,0.792,88,0.0012,0.59415,0.28503,0.12083,0.59415,0.0,0.78211,0.50544,0.21789,0.51856,0.19081,15867.2428,97280.0,104780.02148,48.64,0.74216,-0.61286,0.55363,0.92,0.1,0.6,0.95,0.0,0.0,1.0,1.0,1.0,0.11845,194560,115597,55455,23508,115597,0,115597,90410,55455,28029,25187,115597,760
2,92,0.7964,0.37951,0.01527,0.18166,0.13498,0.39193,0.7964,92,0.0049,0.6168,0.26884,0.11436,0.6168,0.0,0.82487,0.52064,0.17513,0.52935,0.15394,16083.7207,97280.0,109413.48926,48.64,0.75297,-0.55529,0.54895,0.92,0.1,0.6,0.95,0.0,0.0,1.0,1.0,1.0,0.1178,194560,120005,52305,22250,120005,0,120005,98989,52305,27232,21016,120005,760
2,93,0.7879,0.3733,0.01566,0.17544,0.13072,0.42441,0.7964,92,0.0109,0.62241,0.26643,0.11115,0.62241,0.0,0.85631,0.54887,0.14369,0.53345,0.12634,16183.58484,97280.0,111230.92969,48.64,0.76453,-0.4837,0.56098,0.92,0.1,0.6,0.95,0.0,0.0,1.0,1.0,1.0,0.11716,194560,121097,51837,21626,121097,0,121097,103697,51837,28452,17400,121097,760
2,94,0.7784,0.38285,0.01647,0.18502,0.13115,0.41098,0.7964,92,0.0194,0.61236,0.27158,0.11606,0.61236,0.0,0.81152,0.53052,0.18848,0.52781,0.16163,16004.88904,97280.0,108738.84863,48.64,0.75528,-0.57584,0.56575,0.92,0.1,0.6,0.95,0.0,0.0,1.0,1.0,1.0,0.1165,194560,119140,52839,22581,119140,0,119140,96684,52839,28032,22456,119140,760
2,95,0.7968,0.36923,0.01604,0.17936,0.12577,0.39883,0.7968,95,0.0302,0.62786,0.26227,0.10987,0.62786,0.0,0.85713,0.54181,0.14287,0.53461,0.12044,16195.83997,97280.0,111748.65723,48.64,0.76202,-0.54765,0.56687,0.92,0.1,0.6,0.95,0.0,0.0,1.0,1.0,1.0,0.11585,194560,122156,51027,21377,122156,0,122156,104704,51027,27647,17452,122156,760
2,96,0.8018,0.35908,0.01595,0.17442,0.12201,0.38711,0.8018,96,0.0432,0.64182,0.25353,0.10466,0.64182,0.0,0.84676,0.54888,0.15324,0.54003,0.13197,16245.45044,97280.0,114210.69922,48.64,0.76947,-0.53473,0.56872,0.92,0.1,0.6,0.95,0.0,0.0,1.0,1.0,1.0,0.11519,194560,124872,49326,20362,124872,0,124872,105737,49326,27074,19135,124872,760
2,97,0.7853,0.37741,0.01681,0.17869,0.13306,0.40391,0.8018,96,0.0585,0.643,0.2519,0.1051,0.643,0.0,0.85969,0.5388,0.14031,0.54121,0.12223,16271.02405,97280.0,114754.45215,48.64,0.76605,-0.50313,0.53845,0.92,0.1,0.6,0.95,0.0,0.0,1.0,1.0,1.0,0.11452,194560,125103,49009,20448,125103,0,125103,107550,49009,26406,17553,125103,760
2,98,0.804,0.37462,0.01829,0.17566,0.13196,0.39407,0.804,98,0.076,0.61366,0.27239,0.11394,0.61366,0.0,0.80378,0.50333,0.19622,0.52711,0.16772,16011.88354,97280.0,108435.26465,48.64,0.75164,-0.62154,0.55881,0.92,0.1,0.6,0.95,0.0,0.0,1.0,1.0,1.0,0.11385,194560,119394,52997,22169,119394,0,119394,95967,52997,26675,23427,119394,760
2,99,0.7993,0.36017,0.01536,0.17401,0.12622,0.35507,0.804,98,0.0955,0.63416,0.25492,0.11092,0.63416,0.0,0.87758,0.56462,0.12242,0.53625,0.103,15958.02905,97280.0,112486.47949,48.64,0.75894,-0.60477,0.55426,0.92,0.1,0.6,0.95,0.0,0.0,1.0,1.0,1.0,0.11318,194560,123382,49598,21580,123382,0,123382,108277,49598,28004,15105,123382,760
2,100,0.8084,0.35723,0.01495,0.17474,0.12241,0.36257,0.8084,100,0.117,0.63309,0.25471,0.1122,0.63309,0.0,0.84719,0.53207,0.15281,0.53651,0.12918,16111.45654,97280.0,112603.72949,48.64,0.75855,-0.57479,0.5493,0.92,0.1,0.6,0.95,0.0,0.0,1.0,1.0,1.0,0.1125,194560,123174,49557,21829,123174,0,123174,104352,49557,26368,18822,123174,760
2,101,0.8094,0.36038,0.01362,0.17688,0.12345,0.36489,0.8094,101,0.1403,0.63759,0.25543,0.10698,0.63759,0.0,0.83421,0.52661,0.16579,0.53655,0.13862,16073.33044,97280.0,112625.41406,48.64,0.75641,-0.66246,0.54781,0.92,0.1,0.6,0.95,0.0,0.0,1.0,1.0,1.0,0.11182,194560,124049,49697,20814,124049,0,124049,103483,49697,26171,20566,124049,760
2,102,0.7972,0.37713,0.01538,0.18063,0.13567,0.34981,0.8094,101,0.1654,0.61764,0.2638,0.11855,0.61764,0.0,0.81919,0.54124,0.18081,0.52974,0.15315,15887.39661,97280.0,109583.71387,48.64,0.75467,-0.62382,0.56241,0.92,0.1,0.6,0.95,0.0,0.0,1.0,1.0,1.0,0.11113,194560,120169,51325,23066,120169,0,120169,98441,51325,27779,21728,120169,760
2,103,0.8091,0.36068,0.0143,0.17302,0.12703,0.35703,0.8094,101,0.1922,0.63123,0.2583,0.11046,0.63123,0.0,0.85348,0.55216,0.14652,0.53278,0.12313,15927.73621,97280.0,110928.32031,48.64,0.75033,-0.71542,0.53862,0.92,0.1,0.6,0.95,0.0,0.0,1.0,1.0,1.0,0.11044,194560,122813,50255,21492,122813,0,122813,104818,50255,27749,17995,122813,760
2,104,0.8145,0.3734,0.01573,0.17938,0.1298,0.38768,0.8145,104,0.2204,0.61412,0.26863,0.11725,0.61412,0.0,0.8441,0.5317,0.1559,0.52773,0.12925,15843.10901,97280.0,108705.5332,48.64,0.74889,-0.67416,0.55378,0.92,0.1,0.6,0.95,0.0,0.0,1.0,1.0,1.0,0.10975,194560,119483,52264,22813,119483,0,119483,100856,52264,27789,18627,119483,760
2,105,0.8047,0.36555,0.01688,0.17451,0.12974,0.34116,0.8145,104,0.25,0.61142,0.27178,0.1168,0.61142,0.0,0.81018,0.53563,0.18982,0.52725,0.16263,15991.8844,97280.0,108495.31641,48.64,0.75576,-0.65536,0.58007,0.92,0.1,0.6,0.95,0.0,0.0,1.0,1.0,1.0,0.10905,194560,118957,52878,22725,118957,0,118957,96377,52878,28323,22580,118957,760
2,106,0.8098,0.36189,0.01393,0.17756,0.12673,0.33326,0.8145,104,0.2808,0.63324,0.25639,0.11037,0.63324,0.0,0.85302,0.53932,0.14698,0.53663,0.1261,16071.72009,97280.0,112660.91602,48.64,0.76023,-0.64341,0.56201,0.92,0.1,0.6,0.95,0.0,0.0,1.0,1.0,1.0,0.10835,194560,123204,49883,21473,123204,0,123204,105096,49883,26903,18108,123204,760
2,107,0.8073,0.36908,0.01637,0.1748,0.13263,0.34152,0.8145,104,0.3127,0.61619,0.2666,0.11721,0.61619,0.0,0.82931,0.52458,0.17069,0.52631,0.14544,15965.33704,97280.0,108086.08691,48.64,0.74309,-0.76185,0.54735,0.92,0.1,0.6,0.95,0.0,0.0,1.0,1.0,1.0,0.10764,194560,119886,51870,22804,119886,0,119886,99423,51870,27210,20463,119886,760
2,108,0.8042,0.35168,0.01375,0.17387,0.12031,0.33927,0.8145,104,0.3455,0.63656,0.25537,0.10807,0.63656,0.0,0.83006,0.53324,0.16994,0.53422,0.14562,16075.04675,97280.0,111575.04492,48.64,0.75072,-0.71944,0.55349,0.92,0.1,0.6,0.95,0.0,0.0,1.0,1.0,1.0,0.10693,194560,123849,49685,21026,123849,0,123849,102802,49685,26494,21047,123849,760
2,109,0.7873,0.33623,0.01244,0.16761,0.11471,0.33351,0.8145,104,0.379,0.67632,0.22944,0.09424,0.67632,0.0,0.89746,0.58468,0.10254,0.55185,0.08269,16146.40015,97280.0,119788.08691,48.64,0.77552,-0.55922,0.5445,0.92,0.1,0.6,0.95,0.0,0.0,1.0,1.0,1.0,0.10622,194560,131584,44640,18336,131584,0,131584,118091,44640,26100,13493,131584,760
2,110,0.8049,0.36251,0.01494,0.17615,0.12892,0.31827,0.8145,104,0.4132,0.60955,0.27618,0.11427,0.60955,0.0,0.80963,0.52364,0.19037,0.52585,0.16184,16304.45349,97280.0,107888.54785,48.64,0.75653,-0.69291,0.60187,0.92,0.1,0.6,0.95,0.0,0.0,1.0,1.0,1.0,0.10551,194560,118594,53733,22233,118594,0,118594,96017,53733,28137,22577,118594,760
2,111,0.7996,0.37298,0.0183,0.17827,0.13248,0.33667,0.8145,104,0.4477,0.61452,0.26477,0.12071,0.61452,0.0,0.84421,0.52736,0.15579,0.52819,0.13279,15943.41125,97280.0,108906.51953,48.64,0.74911,-0.6654,0.55967,0.92,0.1,0.6,0.95,0.0,0.0,1.0,1.0,1.0,0.10479,194560,119561,51513,23486,119561,0,119561,100934,51513,27166,18627,119561,760
2,112,0.8142,0.3472,0.01578,0.16916,0.11977,0.33169,0.8145,104,0.4826,0.64181,0.25461,0.10358,0.64181,0.0,0.83468,0.52801,0.16532,0.53904,0.14161,16301.4624,97280.0,113756.71973,48.64,0.76226,-0.65039,0.5748,0.92,0.1,0.6,0.95,0.0,0.0,1.0,1.0,1.0,0.10406,194560,124870,49537,20153,124870,0,124870,104227,49537,26156,20643,124870,760
2,113,0.8051,0.34603,0.01398,0.17088,0.11683,0.33559,0.8145,104,0.5174,0.65541,0.24228,0.10231,0.65541,0.0,0.87168,0.56167,0.12832,0.54558,0.10897,16125.27844,97280.0,116797.24609,48.64,0.76821,-0.59297,0.55024,0.92,0.1,0.6,0.95,0.0,0.0,1.0,1.0,1.0,0.10334,194560,127516,47138,19906,127516,0,127516,111153,47138,26476,16363,127516,760
2,114,0.8016,0.33921,0.01115,0.17108,0.11429,0.31012,0.8145,104,0.5523,0.64169,0.25078,0.10753,0.64169,0.0,0.85614,0.55467,0.14386,0.53803,0.12148,16019.05798,97280.0,113296.28027,48.64,0.7556,-0.70618,0.5545,0.92,0.1,0.6,0.95,0.0,0.0,1.0,1.0,1.0,0.10261,194560,124847,48791,20922,124847,0,124847,106887,48791,27063,17960,124847,760
2,115,0.8085,0.36281,0.0132,0.17834,0.1278,0.32823,0.8145,104,0.5868,0.63168,0.25532,0.113,0.63168,0.0,0.85613,0.53141,0.14387,0.5331,0.11942,15885.79065,97280.0,111073.58301,48.64,0.74587,-0.80378,0.54205,0.92,0.1,0.6,0.95,0.0,0.0,1.0,1.0,1.0,0.10188,194560,122900,49675,21985,122900,0,122900,105218,49675,26398,17682,122900,760
2,116,0.816,0.37204,0.01762,0.17887,0.1315,0.32527,0.816,116,0.621,0.61527,0.26663,0.1181,0.61527,0.0,0.81535,0.52457,0.18465,0.52838,0.15747,16088.79285,97280.0,108987.92871,48.64,0.74987,-0.69873,0.55723,0.92,0.1,0.6,0.95,0.0,0.0,1.0,1.0,1.0,0.10114,194560,119707,51875,22978,119707,0,119707,97603,51875,27212,22104,119707,760
2,117,0.8155,0.34972,0.01154,0.17389,0.12517,0.29953,0.816,116,0.6545,0.64487,0.24842,0.10671,0.64487,0.0,0.85069,0.54517,0.14931,0.54251,0.12537,16285.03284,97280.0,115359.0752,48.64,0.7684,-0.57327,0.55118,0.92,0.1,0.6,0.95,0.0,0.0,1.0,1.0,1.0,0.10041,194560,125466,48332,20762,125466,0,125466,106733,48332,26349,18733,125466,760
2,118,0.8104,0.35941,0.01275,0.17754,0.12762,0.30528,0.816,116,0.6873,0.60983,0.27508,0.11509,0.60983,0.0,0.80187,0.51865,0.19813,0.52341,0.16832,15969.39136,97280.0,106838.82324,48.64,0.74142,-0.7892,0.56345,0.92,0.1,0.6,0.95,0.0,0.0,1.0,1.0,1.0,0.09966,194560,118648,53520,22392,118648,0,118648,95140,53520,27758,23508,118648,760
2,119,0.7872,0.34998,0.01204,0.1761,0.12175,0.30698,0.816,116,0.7192,0.64869,0.24778,0.10353,0.64869,0.0,0.8242,0.53552,0.1758,0.54077,0.14897,16169.00269,97280.0,114552.87598,48.64,0.76036,-0.70231,0.56035,0.92,0.1,0.6,0.95,0.0,0.0,1.0,1.0,1.0,0.09892,194560,126209,48209,20142,126209,0,126209,104022,48209,25817,22187,126209,760
2,120,0.8175,0.35881,0.01747,0.17446,0.12553,0.31142,0.8175,120,0.75,0.60426,0.27517,0.12057,0.60426,0.0,0.80396,0.52344,0.19604,0.52367,0.16853,16091.39844,97280.0,106946.76367,48.64,0.7464,-0.74011,0.5742,0.92,0.1,0.6,0.95,0.0,0.0,1.0,1.0,1.0,0.09818,194560,117564,53538,23458,117564,0,117564,94517,53538,28024,23047,117564,760
2,121,0.8235,0.33158,0.01177,0.16891,0.10924,0.32101,0.8235,121,0.7796,0.65086,0.24845,0.10069,0.65086,0.0,0.84918,0.54988,0.15082,0.54065,0.12468,16151.797,97280.0,114498.18457,48.64,0.75891,-0.77391,0.56543,0.92,0.1,0.6,0.95,0.0,0.0,1.0,1.0,1.0,0.09743,194560,126632,48338,19590,126632,0,126632,107533,48338,26580,19099,126632,760
2,122,0.8212,0.36864,0.01551,0.17779,0.13159,0.31265,0.8235,121,0.8078,0.59867,0.27743,0.1239,0.59867,0.0,0.825,0.52918,0.175,0.51998,0.14426,15790.42139,97280.0,105377.67773,48.64,0.74024,-0.82246,0.57532,0.92,0.1,0.6,0.95,0.0,0.0,1.0,1.0,1.0,0.09668,194560,116478,53976,24106,116478,0,116478,96094,53976,28563,20384,116478,760
2,123,0.8059,0.33489,0.01216,0.17247,0.11159,0.29988,0.8235,121,0.8346,0.66104,0.2395,0.09946,0.66104,0.0,0.85467,0.54751,0.14533,0.54711,0.12055,16298.21472,97280.0,117520.4082,48.64,0.76751,-0.64295,0.5538,0.92,0.1,0.6,0.95,0.0,0.0,1.0,1.0,1.0,0.09592,194560,128612,46598,19350,128612,0,128612,109921,46598,25513,18691,128612,760
2,124,0.8124,0.36222,0.01379,0.1772,0.13078,0.30189,0.8235,121,0.8597,0.59372,0.28125,0.12503,0.59372,0.0,0.79518,0.52336,0.20482,0.51787,0.17493,16022.13452,97280.0,104492.40039,48.64,0.73904,-0.80401,0.5786,0.92,0.1,0.6,0.95,0.0,0.0,1.0,1.0,1.0,0.09517,194560,115515,54720,24325,115515,0,115515,91855,54720,28638,23660,115515,760
2,125,0.8179,0.35575,0.01326,0.17986,0.1208,0.31083,0.8235,121,0.883,0.63711,0.2542,0.10869,0.63711,0.0,0.84351,0.54343,0.15649,0.53748,0.13128,16160.93787,97280.0,113046.11719,48.64,0.75758,-0.63918,0.54605,0.92,0.1,0.6,0.95,0.0,0.0,1.0,1.0,1.0,0.09441,194560,123956,49458,21146,123956,0,123956,104558,49458,26877,19398,123956,760
2,126,0.8308,0.34405,0.01094,0.17438,0.11649,0.30363,0.8308,126,0.9045,0.6231,0.26372,0.11318,0.6231,0.0,0.84887,0.56092,0.15113,0.52971,0.12401,15893.39307,97280.0,109570.24316,48.64,0.74884,-0.79503,0.57848,0.92,0.1,0.6,0.95,0.0,0.0,1.0,1.0,1.0,0.09365,194560,121230,51309,22021,121230,0,121230,102909,51309,28780,18321,121230,760
2,127,0.8305,0.33865,0.01084,0.16975,0.1195,0.29603,0.8308,126,0.924,0.64575,0.24734,0.10691,0.64575,0.0,0.82501,0.55393,0.17499,0.54011,0.14527,16215.35315,97280.0,114248.06055,48.64,0.76301,-0.7128,0.58237,0.92,0.1,0.6,0.95,0.0,0.0,1.0,1.0,1.0,0.09289,194560,125637,48123,20800,125637,0,125637,103652,48123,26657,21985,125637,760
2,128,0.8247,0.34671,0.01106,0.17725,0.12105,0.27242,0.8308,126,0.9415,0.61956,0.26516,0.11528,0.61956,0.0,0.81568,0.54562,0.18432,0.52932,0.15112,16146.49585,97280.0,109401.78418,48.64,0.75333,-0.8164,0.59403,0.92,0.1,0.6,0.95,0.0,0.0,1.0,1.0,1.0,0.09213,194560,120542,51589,22429,120542,0,120542,98324,51589,28148,22218,120542,760
2,129,0.815,0.34863,0.01088,0.17616,0.12233,0.2741,0.8308,126,0.9568,0.63389,0.25747,0.10864,0.63389,0.0,0.84161,0.54381,0.15839,0.53706,0.13342,16276.37134,97280.0,112853.86914,48.64,0.76261,-0.67244,0.57247,0.92,0.1,0.6,0.95,0.0,0.0,1.0,1.0,1.0,0.09136,194560,123330,50093,21137,123330,0,123330,103796,50093,27241,19534,123330,760
2,130,0.8159,0.35427,0.01435,0.1749,0.12408,0.30907,0.8308,126,0.9698,0.62108,0.26371,0.11521,0.62108,0.0,0.83477,0.54065,0.16523,0.53028,0.13538,16031.52808,97280.0,109821.80957,48.64,0.74896,-0.77736,0.56127,0.92,0.1,0.6,0.95,0.0,0.0,1.0,1.0,1.0,0.09059,194560,120838,51307,22415,120838,0,120838,100872,51307,27739,19966,120838,760
2,131,0.828,0.33,0.01085,0.16566,0.11516,0.28313,0.8308,126,0.9806,0.62671,0.26285,0.11044,0.62671,0.0,0.80501,0.52509,0.19499,0.53108,0.16313,16156.04089,97280.0,110177.31934,48.64,0.75043,-0.75691,0.57541,0.92,0.1,0.6,0.95,0.0,0.0,1.0,1.0,1.0,0.08982,194560,121932,51140,21488,121932,0,121932,98156,51140,26853,23776,121932,760
2,132,0.8259,0.33085,0.00918,0.16835,0.11594,0.2781,0.8308,126,0.9891,0.63164,0.25716,0.11119,0.63164,0.0,0.82881,0.53612,0.17119,0.53518,0.14528,16052.63,97280.0,112003.29004,48.64,0.75824,-0.70175,0.58422,0.92,0.1,0.6,0.95,0.0,0.0,1.0,1.0,1.0,0.08905,194560,122892,50034,21634,122892,0,122892,101854,50034,26824,21038,122892,760
2,133,0.8256,0.33541,0.00987,0.17127,0.11637,0.28374,0.8308,126,0.9951,0.64028,0.25406,0.10566,0.64028,0.0,0.85226,0.55021,0.14774,0.5376,0.12067,16029.04944,97280.0,113100.83008,48.64,0.75779,-0.77497,0.57345,0.92,0.1,0.6,0.95,0.0,0.0,1.0,1.0,1.0,0.08828,194560,124572,49430,20558,124572,0,124572,106168,49430,27197,18404,124572,760
2,134,0.8148,0.3453,0.0109,0.17431,0.12153,0.28829,0.8308,126,0.9988,0.63288,0.25591,0.11121,0.63288,0.0,0.84444,0.55219,0.15556,0.53597,0.12971,16070.04639,97280.0,112362.07812,48.64,0.75939,-0.75485,0.5859,0.92,0.1,0.6,0.95,0.0,0.0,1.0,1.0,1.0,0.08751,194560,123134,49789,21637,123134,0,123134,103979,49789,27493,19155,123134,760
2,135,0.8252,0.32602,0.00887,0.16594,0.1145,0.28289,0.8308,126,1.0,0.64489,0.25063,0.10449,0.64489,0.0,0.84375,0.54311,0.15625,0.53739,0.12873,15989.40442,97280.0,113006.24023,48.64,0.75333,-0.82533,0.56776,0.92,0.1,0.6,0.95,0.0,0.0,1.0,1.0,1.0,0.08673,194560,125469,48762,20329,125469,0,125469,105865,48762,26483,19604,125469,760
3,136,0.8268,0.33977,0.01126,0.17409,0.11662,0.28007,0.8308,126,1.0,0.63293,0.25429,0.11278,0.63293,0.0,0.81751,0.51434,0.18249,0.53273,0.15427,15977.92542,97280.0,110909.33691,48.64,0.74661,-0.79946,0.5549,0.92,0.1,0.6,0.95,0.0,0.0,1.0,1.0,1.0,0.08596,194560,123142,49475,21943,123142,0,123142,100670,49475,25447,22472,123142,760
3,137,0.8178,0.34428,0.00901,0.17752,0.11813,0.27489,0.8308,126,1.0,0.60413,0.27497,0.1209,0.60413,0.0,0.80526,0.54307,0.19474,0.51989,0.15966,15691.25439,97280.0,105338.88477,48.64,0.73181,-0.96223,0.57227,0.92,0.1,0.6,0.95,0.0,0.0,1.0,1.0,1.0,0.08518,194560,117539,53498,23523,117539,0,117539,94650,53498,29053,22889,117539,760
3,138,0.8282,0.34259,0.01268,0.17104,0.11962,0.30475,0.8308,126,1.0,0.65139,0.24576,0.10285,0.65139,0.0,0.84175,0.54504,0.15825,0.5408,0.13209,16184.55725,97280.0,114565.31152,48.64,0.75751,-0.72861,0.56158,0.92,0.1,0.6,0.95,0.0,0.0,1.0,1.0,1.0,0.0844,194560,126735,47815,20010,126735,0,126735,106679,47815,26061,20056,126735,760
3,139,0.8411,0.32686,0.01066,0.16816,0.10835,0.29393,0.8411,139,1.0,0.65133,0.24167,0.107,0.65133,0.0,0.85976,0.55783,0.14024,0.54346,0.11695,16197.82446,97280.0,115800.20605,48.64,0.76263,-0.73593,0.56081,0.92,0.1,0.6,0.95,0.0,0.0,1.0,1.0,1.0,0.08362,194560,126722,47020,20818,126722,0,126722,108951,47020,26229,17771,126722,760
3,140,0.8199,0.31258,0.00854,0.15992,0.10836,0.27102,0.8411,139,1.0,0.67404,0.22634,0.09961,0.67404,0.0,0.86791,0.56895,0.13209,0.5501,0.10783,16180.32336,97280.0,118943.71094,48.64,0.76582,-0.72342,0.55326,0.92,0.1,0.6,0.95,0.0,0.0,1.0,1.0,1.0,0.08284,194560,131142,44037,19381,131142,0,131142,113820,44037,25055,17322,131142,760
3,141,0.831,0.33065,0.00872,0.17018,0.11429,0.26557,0.8411,139,1.0,0.63611,0.25348,0.1104,0.63611,0.0,0.85013,0.55158,0.14987,0.53609,0.1236,15951.88269,97280.0,112416.21094,48.64,0.75586,-0.80252,0.58209,0.92,0.1,0.6,0.95,0.0,0.0,1.0,1.0,1.0,0.08206,194560,123762,49318,21480,123762,0,123762,105214,49318,27203,18548,123762,760
3,142,0.8409,0.33065,0.00929,0.17196,0.11076,0.28503,0.8411,139,1.0,0.65232,0.24499,0.10269,0.65232,0.0,0.83899,0.53555,0.16101,0.53918,0.13077,16012.55151,97280.0,113821.03809,48.64,0.75108,-0.82815,0.55578,0.92,0.1,0.6,0.95,0.0,0.0,1.0,1.0,1.0,0.08128,194560,126915,47665,19980,126915,0,126915,106481,47665,25527,20434,126915,760
3,143,0.8052,0.33398,0.00965,0.17047,0.11745,0.26153,0.8411,139,1.0,0.65091,0.24486,0.10424,0.65091,0.0,0.79855,0.52709,0.20145,0.54168,0.16703,16344.74512,97280.0,114972.02441,48.64,0.76218,-0.75253,0.57418,0.92,0.1,0.6,0.95,0.0,0.0,1.0,1.0,1.0,0.08049,194560,126641,47639,20280,126641,0,126641,101129,47639,25110,25512,126641,760
3,144,0.8338,0.33791,0.01204,0.17293,0.11429,0.28293,0.8411,139,1.0,0.64658,0.2545,0.09892,0.64658,0.0,0.82775,0.55504,0.17225,0.53969,0.14153,16177.48926,97280.0,114056.49805,48.64,0.76349,-0.70921,0.58236,0.92,0.1,0.6,0.95,0.0,0.0,1.0,1.0,1.0,0.07971,194560,125799,49515,19246,125799,0,125799,104130,49515,27483,21669,125799,760
3,145,0.8125,0.31785,0.01013,0.16432,0.10799,0.26785,0.8411,139,1.0,0.65859,0.24086,0.10054,0.65859,0.0,0.85554,0.56235,0.14446,0.54505,0.11895,16167.77222,97280.0,116543.59668,48.64,0.76404,-0.75042,0.56566,0.92,0.1,0.6,0.95,0.0,0.0,1.0,1.0,1.0,0.07893,194560,128136,46862,19562,128136,0,128136,109625,46862,26353,18511,128136,760
3,146,0.8162,0.3379,0.01317,0.16899,0.11685,0.28572,0.8411,139,1.0,0.65782,0.24319,0.09899,0.65782,0.0,0.82192,0.5252,0.17808,0.5445,0.14661,16289.62244,97280.0,116287.81738,48.64,0.76489,-0.73074,0.57306,0.92,0.1,0.6,0.95,0.0,0.0,1.0,1.0,1.0,0.07814,194560,127985,47315,19260,127985,0,127985,105194,47315,24850,22791,127985,760
3,147,0.834,0.32501,0.01134,0.16479,0.11001,0.29022,0.8411,139,1.0,0.6385,0.25395,0.10755,0.6385,0.0,0.82482,0.54008,0.17518,0.53316,0.13834,15713.28052,97280.0,111099.16406,48.64,0.7446,-0.91468,0.55953,0.92,0.1,0.6,0.95,0.0,0.0,1.0,1.0,1.0,0.07736,194560,124227,49409,20924,124227,0,124227,102465,49409,26685,21762,124227,760
3,148,0.8373,0.30093,0.00774,0.16127,0.09559,0.26855,0.8411,139,1.0,0.66592,0.23535,0.09873,0.66592,0.0,0.86518,0.56938,0.13482,0.54614,0.10608,16017.42908,97280.0,117058.58398,48.64,0.76178,-0.81096,0.57009,0.92,0.1,0.6,0.95,0.0,0.0,1.0,1.0,1.0,0.07657,194560,129561,45790,19209,129561,0,129561,112094,45790,26072,17467,129561,760
3,149,0.8438,0.31989,0.00845,0.16656,0.10991,0.24576,0.8438,149,1.0,0.65584,0.2381,0.10606,0.65584,0.0,0.86859,0.56735,0.13141,0.54319,0.10728,15888.74719,97280.0,115674.95996,48.64,0.75878,-0.77482,0.56787,0.92,0.1,0.6,0.95,0.0,0.0,1.0,1.0,1.0,0.07579,194560,127601,46324,20635,127601,0,127601,110833,46324,26282,16768,127601,760
3,150,0.8402,0.30258,0.0072,0.16102,0.09871,0.25918,0.8438,149,1.0,0.6842,0.21976,0.09604,0.6842,0.0,0.88231,0.5806,0.11769,0.55465,0.09375,16085.52209,97280.0,121155.71289,48.64,0.77194,-0.71046,0.55488,0.92,0.1,0.6,0.95,0.0,0.0,1.0,1.0,1.0,0.075,194560,133118,42756,18686,133118,0,133118,117451,42756,24824,15667,133118,760
3,151,0.8361,0.32445,0.0092,0.16978,0.10942,0.26856,0.8438,149,1.0,0.65403,0.23947,0.1065,0.65403,0.0,0.85549,0.56913,0.14451,0.54422,0.11908,16222.53882,97280.0,116157.91211,48.64,0.76342,-0.7484,0.56515,0.92,0.1,0.6,0.95,0.0,0.0,1.0,1.0,1.0,0.07421,194560,127248,46592,20720,127248,0,127248,108860,46592,26517,18388,127248,760
3,152,0.8463,0.30365,0.00762,0.16006,0.10145,0.25992,0.8463,152,1.0,0.6948,0.20954,0.09566,0.6948,0.0,0.89983,0.57555,0.10017,0.55817,0.08223,15989.48218,97280.0,122893.33691,48.64,0.77105,-0.74288,0.53166,0.92,0.1,0.6,0.95,0.0,0.0,1.0,1.0,1.0,0.07343,194560,135180,40768,18612,135180,0,135180,121639,40768,23464,13541,135180,760
3,153,0.8342,0.32215,0.00812,0.16629,0.11202,0.26033,0.8463,152,1.0,0.66288,0.22846,0.10866,0.66288,0.0,0.88602,0.57728,0.11398,0.54647,0.09244,15842.50684,97280.0,117214.66797,48.64,0.75707,-0.80341,0.53048,0.92,0.1,0.6,0.95,0.0,0.0,1.0,1.0,1.0,0.07264,194560,128969,44450,21141,128969,0,128969,114269,44450,25660,14700,128969,760
3,154,0.8233,0.30393,0.00833,0.15963,0.10165,0.25595,0.8463,152,1.0,0.6782,0.22442,0.09738,0.6782,0.0,0.86432,0.56544,0.13568,0.55035,0.10983,16171.5791,97280.0,119064.99902,48.64,0.76271,-0.76867,0.54427,0.92,0.1,0.6,0.95,0.0,0.0,1.0,1.0,1.0,0.07186,194560,131951,43663,18946,131951,0,131951,114048,43663,24689,17903,131951,760
3,155,0.8302,0.30458,0.00919,0.15671,0.10478,0.24552,0.8463,152,1.0,0.68103,0.2264,0.09257,0.68103,0.0,0.84722,0.55455,0.15278,0.55164,0.12627,16305.20154,97280.0,119689.81934,48.64,0.76975,-0.77394,0.57438,0.92,0.1,0.6,0.95,0.0,0.0,1.0,1.0,1.0,0.07107,194560,132502,44048,18010,132502,0,132502,112259,44048,24427,20243,132502,760
3,156,0.8297,0.30932,0.00907,0.16193,0.10467,0.24616,0.8463,152,1.0,0.66139,0.23977,0.09884,0.66139,0.0,0.84189,0.54792,0.15811,0.54467,0.12673,16176.60706,97280.0,116366.67578,48.64,0.76465,-0.77316,0.58412,0.92,0.1,0.6,0.95,0.0,0.0,1.0,1.0,1.0,0.07029,194560,128680,46649,19231,128680,0,128680,108334,46649,25560,20346,128680,760
3,157,0.8092,0.31708,0.00762,0.16607,0.10661,0.26634,0.8463,152,1.0,0.65563,0.24306,0.10131,0.65563,0.0,0.83783,0.55923,0.16217,0.54442,0.12826,16355.10144,97280.0,116249.58398,48.64,0.76894,-0.73163,0.58826,0.92,0.1,0.6,0.95,0.0,0.0,1.0,1.0,1.0,0.06951,194560,127560,47290,19710,127560,0,127560,106874,47290,26446,20686,127560,760
3,158,0.8418,0.30514,0.00832,0.16038,0.10091,0.26656,0.8463,152,1.0,0.68074,0.22321,0.09606,0.68074,0.0,0.86892,0.56218,0.13108,0.55297,0.10714,16263.48376,97280.0,120334.20898,48.64,0.771,-0.71936,0.5571,0.92,0.1,0.6,0.95,0.0,0.0,1.0,1.0,1.0,0.06872,194560,132444,43427,18689,132444,0,132444,115083,43427,24414,17361,132444,760
3,159,0.8264,0.32811,0.00947,0.17016,0.11493,0.23581,0.8463,152,1.0,0.65264,0.24066,0.1067,0.65264,0.0,0.84776,0.54852,0.15224,0.54245,0.12313,16080.9718,97280.0,115330.76074,48.64,0.75931,-0.79414,0.56215,0.92,0.1,0.6,0.95,0.0,0.0,1.0,1.0,1.0,0.06794,194560,126978,46822,20760,126978,0,126978,107647,46822,25683,19331,126978,760
3,160,0.8386,0.31722,0.00933,0.1627,0.10851,0.26562,0.8463,152,1.0,0.66447,0.23021,0.10532,0.66447,0.0,0.87377,0.55849,0.12623,0.54853,0.1056,16127.74011,97280.0,118195.31543,48.64,0.76627,-0.74009,0.5616,0.92,0.1,0.6,0.95,0.0,0.0,1.0,1.0,1.0,0.06716,194560,129280,44789,20491,129280,0,129280,112961,44789,25014,16319,129280,760
3,161,0.825,0.3212,0.00819,0.16908,0.10922,0.25041,0.8463,152,1.0,0.66269,0.23465,0.10266,0.66269,0.0,0.86175,0.5587,0.13825,0.54739,0.11357,16119.71484,97280.0,117652.24023,48.64,0.76703,-0.726,0.56259,0.92,0.1,0.6,0.95,0.0,0.0,1.0,1.0,1.0,0.06638,194560,128933,45654,19973,128933,0,128933,111108,45654,25507,17825,128933,760
3,162,0.8357,0.30715,0.0088,0.15936,0.10515,0.25339,0.8463,152,1.0,0.66033,0.2395,0.10017,0.66033,0.0,0.84019,0.553,0.15981,0.54438,0.1303,16275.17798,97280.0,116229.80371,48.64,0.76129,-0.78347,0.56587,0.92,0.1,0.6,0.95,0.0,0.0,1.0,1.0,1.0,0.0656,194560,128473,46597,19490,128473,0,128473,107942,46597,25768,20531,128473,760
3,163,0.8302,0.30458,0.00787,0.16003,0.10169,0.25055,0.8463,152,1.0,0.64993,0.24514,0.10493,0.64993,0.0,0.82929,0.55116,0.17071,0.53994,0.13936,16090.45422,97280.0,114172.88672,48.64,0.75733,-0.86226,0.57506,0.92,0.1,0.6,0.95,0.0,0.0,1.0,1.0,1.0,0.06482,194560,126451,47694,20415,126451,0,126451,104865,47694,26287,21586,126451,760
3,164,0.8417,0.31118,0.0087,0.16067,0.10544,0.26617,0.8463,152,1.0,0.67091,0.23122,0.09787,0.67091,0.0,0.85982,0.53908,0.14018,0.54816,0.11539,16115.65662,97280.0,118016.95898,48.64,0.76069,-0.78518,0.5582,0.92,0.1,0.6,0.95,0.0,0.0,1.0,1.0,1.0,0.06404,194560,130532,44986,19042,130532,0,130532,112234,44986,24251,18298,130532,760
3,165,0.8465,0.30827,0.00695,0.16041,0.10509,0.25711,0.8465,165,1.0,0.66677,0.23164,0.1016,0.66677,0.0,0.84722,0.56403,0.15278,0.5471,0.12458,16143.5332,97280.0,117514.87012,48.64,0.76331,-0.80451,0.56811,0.92,0.1,0.6,0.95,0.0,0.0,1.0,1.0,1.0,0.06327,194560,129726,45067,19767,129726,0,129726,109907,45067,25419,19819,129726,760
3,166,0.8258,0.29605,0.00712,0.15907,0.09685,0.23791,0.8465,165,1.0,0.67865,0.22518,0.09617,0.67865,0.0,0.87463,0.58408,0.12537,0.55223,0.09748,16130.83142,97280.0,119975.34473,48.64,0.77266,-0.79818,0.58916,0.92,0.1,0.6,0.95,0.0,0.0,1.0,1.0,1.0,0.06249,194560,132039,43811,18710,132039,0,132039,115485,43811,25589,16554,132039,760
3,167,0.8424,0.31732,0.00724,0.16442,0.11037,0.24484,0.8465,165,1.0,0.66148,0.23231,0.1062,0.66148,0.0,0.86872,0.56329,0.13128,0.54398,0.10719,15794.90967,97280.0,116041.88867,48.64,0.75269,-0.87371,0.54799,0.92,0.1,0.6,0.95,0.0,0.0,1.0,1.0,1.0,0.06172,194560,128698,45199,20663,128698,0,128698,111802,45199,25460,16896,128698,760
3,168,0.8409,0.29475,0.00585,0.1589,0.09642,0.24106,0.8465,165,1.0,0.67457,0.2272,0.09822,0.67457,0.0,0.87354,0.57043,0.12646,0.54873,0.09956,15873.62732,97280.0,118291.63379,48.64,0.75942,-0.9061,0.56304,0.92,0.1,0.6,0.95,0.0,0.0,1.0,1.0,1.0,0.06095,194560,131245,44205,19110,131245,0,131245,114648,44205,25216,16597,131245,760
3,169,0.8425,0.30243,0.00786,0.15808,0.10149,0.26349,0.8465,165,1.0,0.67119,0.23059,0.09822,0.67119,0.0,0.85744,0.55055,0.14256,0.54728,0.11525,15993.23938,97280.0,117596.7207,48.64,0.75903,-0.8623,0.55479,0.92,0.1,0.6,0.95,0.0,0.0,1.0,1.0,1.0,0.06018,194560,130587,44864,19109,130587,0,130587,111971,44864,24700,18616,130587,760
3,170,0.8437,0.29789,0.00727,0.1576,0.09892,0.24324,0.8465,165,1.0,0.6788,0.22814,0.09306,0.6788,0.0,0.83901,0.55663,0.16099,0.55329,0.13229,16470.02747,97280.0,120491.20215,48.64,0.77621,-0.74133,0.59097,0.92,0.1,0.6,0.95,0.0,0.0,1.0,1.0,1.0,0.05941,194560,132067,44387,18106,132067,0,132067,110805,44387,24707,21262,132067,760
3,171,0.8332,0.3044,0.00723,0.16003,0.10294,0.2515,0.8465,165,1.0,0.69291,0.211,0.09609,0.69291,0.0,0.88589,0.57783,0.11411,0.55563,0.09173,15986.79028,97280.0,121635.29199,48.64,0.76476,-0.79098,0.53515,0.92,0.1,0.6,0.95,0.0,0.0,1.0,1.0,1.0,0.05864,194560,134812,41052,18696,134812,0,134812,119429,41052,23721,15383,134812,760
3,172,0.8447,0.29851,0.0075,0.15853,0.09977,0.24781,0.8465,165,1.0,0.68412,0.22105,0.09483,0.68412,0.0,0.86309,0.54524,0.13691,0.55432,0.11059,16260.53796,97280.0,120994.1875,48.64,0.7727,-0.73657,0.56134,0.92,0.1,0.6,0.95,0.0,0.0,1.0,1.0,1.0,0.05787,194560,133103,43007,18450,133103,0,133103,114880,43007,23449,18223,133103,760
3,173,0.8404,0.29131,0.00783,0.15455,0.09813,0.22209,0.8465,165,1.0,0.67429,0.22566,0.10005,0.67429,0.0,0.85226,0.54716,0.14774,0.54924,0.11973,16107.20044,97280.0,118533.13379,48.64,0.76405,-0.81639,0.56868,0.92,0.1,0.6,0.95,0.0,0.0,1.0,1.0,1.0,0.05711,194560,131190,43905,19465,131190,0,131190,111808,43905,24023,19382,131190,760
3,174,0.8394,0.32572,0.00871,0.16751,0.1131,0.25724,0.8465,165,1.0,0.64049,0.24924,0.11027,0.64049,0.0,0.82007,0.56251,0.17993,0.53626,0.14501,16015.57678,97280.0,112492.31738,48.64,0.75249,-0.88011,0.58295,0.92,0.1,0.6,0.95,0.0,0.0,1.0,1.0,1.0,0.05635,194560,124614,48492,21454,124614,0,124614,102192,48492,27277,22422,124614,760
3,175,0.8408,0.30561,0.00826,0.16136,0.10135,0.25122,0.8465,165,1.0,0.67708,0.22861,0.09431,0.67708,0.0,0.84633,0.55753,0.15367,0.55174,0.12167,16196.67578,97280.0,119736.53711,48.64,0.7706,-0.81882,0.56856,0.92,0.1,0.6,0.95,0.0,0.0,1.0,1.0,1.0,0.05559,194560,131733,44478,18349,131733,0,131733,111490,44478,24798,20243,131733,760
3,176,0.8513,0.30829,0.00704,0.16412,0.10284,0.23618,0.8513,176,1.0,0.64772,0.24674,0.10554,0.64772,0.0,0.83974,0.56491,0.16026,0.53967,0.13131,15980.01135,97280.0,114045.54688,48.64,0.75703,-0.87221,0.59551,0.92,0.1,0.6,0.95,0.0,0.0,1.0,1.0,1.0,0.05483,194560,126020,48006,20534,126020,0,126020,105824,48006,27119,20196,126020,760
3,177,0.8326,0.28854,0.00634,0.15593,0.09316,0.24457,0.8513,176,1.0,0.68162,0.22594,0.09244,0.68162,0.0,0.87315,0.58409,0.12685,0.55324,0.09948,16107.85913,97280.0,120463.6709,48.64,0.77285,-0.82963,0.5932,0.92,0.1,0.6,0.95,0.0,0.0,1.0,1.0,1.0,0.05408,194560,132616,43959,17985,132616,0,132616,115793,43959,25676,16823,132616,760
3,178,0.8426,0.29272,0.00784,0.1558,0.09624,0.24088,0.8513,176,1.0,0.70029,0.21225,0.08746,0.70029,0.0,0.86561,0.54957,0.13439,0.55821,0.11165,16213.05347,97280.0,122913.22754,48.64,0.77326,-0.78388,0.56658,0.92,0.1,0.6,0.95,0.0,0.0,1.0,1.0,1.0,0.05332,194560,136248,41296,17016,136248,0,136248,117938,41296,22695,18310,136248,760
3,179,0.8362,0.30306,0.00659,0.16054,0.10308,0.23073,0.8513,176,1.0,0.6601,0.23537,0.10453,0.6601,0.0,0.84676,0.56387,0.15324,0.54478,0.12244,15926.0542,97280.0,116417.12012,48.64,0.76179,-0.86191,0.5964,0.92,0.1,0.6,0.95,0.0,0.0,1.0,1.0,1.0,0.05257,194560,128429,45794,20337,128429,0,128429,108749,45794,25822,19680,128429,760
3,180,0.8426,0.32688,0.0087,0.16878,0.11497,0.24828,0.8513,176,1.0,0.67664,0.22233,0.10102,0.67664,0.0,0.87511,0.56252,0.12489,0.55112,0.10329,16007.29443,97280.0,119438.54785,48.64,0.76427,-0.77208,0.54358,0.92,0.1,0.6,0.95,0.0,0.0,1.0,1.0,1.0,0.05182,194560,131648,43257,19655,131648,0,131648,115206,43257,24333,16442,131648,760
3,181,0.837,0.26983,0.0067,0.14257,0.09062,0.22529,0.8513,176,1.0,0.71115,0.20425,0.0846,0.71115,0.0,0.89762,0.59419,0.10238,0.56429,0.08344,16326.61035,97280.0,125987.43555,48.64,0.78702,-0.63263,0.56258,0.92,0.1,0.6,0.95,0.0,0.0,1.0,1.0,1.0,0.05108,194560,138362,39738,16460,138362,0,138362,124197,39738,23612,14165,138362,760
3,182,0.841,0.31118,0.00655,0.16142,0.10992,0.23003,0.8513,176,1.0,0.65051,0.24135,0.10814,0.65051,0.0,0.8462,0.54667,0.1538,0.53986,0.12256,15833.979,97280.0,114131.83789,48.64,0.7527,-0.8922,0.57006,0.92,0.1,0.6,0.95,0.0,0.0,1.0,1.0,1.0,0.05034,194560,126564,46957,21039,126564,0,126564,107099,46957,25670,19465,126564,760
3,183,0.8378,0.29201,0.00663,0.15416,0.09955,0.23335,0.8513,176,1.0,0.69195,0.21907,0.08898,0.69195,0.0,0.86256,0.58285,0.13744,0.55674,0.10887,16395.50586,97280.0,122185.22656,48.64,0.77907,-0.74726,0.57665,0.92,0.1,0.6,0.95,0.0,0.0,1.0,1.0,1.0,0.04959,194560,134626,42623,17311,134626,0,134626,116123,42623,24843,18503,134626,760
3,184,0.8427,0.27974,0.00717,0.15254,0.08807,0.23826,0.8513,176,1.0,0.69774,0.21232,0.08994,0.69774,0.0,0.86812,0.57513,0.13188,0.55794,0.10351,16220.63147,97280.0,122781.14355,48.64,0.77537,-0.82355,0.5849,0.92,0.1,0.6,0.95,0.0,0.0,1.0,1.0,1.0,0.04886,194560,135752,41309,17499,135752,0,135752,117849,41309,23758,17903,135752,760
3,185,0.8481,0.29472,0.00608,0.15778,0.09669,0.25567,0.8513,176,1.0,0.67986,0.22229,0.09785,0.67986,0.0,0.87253,0.57115,0.12747,0.55224,0.10004,16019.32178,97280.0,119977.01562,48.64,0.767,-0.88946,0.58067,0.92,0.1,0.6,0.95,0.0,0.0,1.0,1.0,1.0,0.04812,194560,132274,43248,19038,132274,0,132274,115413,43248,24701,16861,132274,760
3,186,0.8451,0.29173,0.00669,0.15709,0.09709,0.2233,0.8513,176,1.0,0.65918,0.23607,0.10474,0.65918,0.0,0.84664,0.5619,0.15336,0.54399,0.12001,16102.1001,97280.0,116050.57227,48.64,0.76184,-0.87821,0.58555,0.92,0.1,0.6,0.95,0.0,0.0,1.0,1.0,1.0,0.04739,194560,128251,45930,20379,128251,0,128251,108582,45930,25808,19669,128251,760
3,187,0.852,0.28177,0.00561,0.15263,0.0916,0.23189,0.852,187,1.0,0.68308,0.22259,0.09433,0.68308,0.0,0.86326,0.56711,0.13674,0.55192,0.10715,16018.43811,97280.0,119825.56836,48.64,0.76514,-0.8928,0.57151,0.92,0.1,0.6,0.95,0.0,0.0,1.0,1.0,1.0,0.04666,194560,132900,43307,18353,132900,0,132900,114727,43307,24560,18173,132900,760
3,188,0.8298,0.29588,0.00628,0.15574,0.10129,0.24423,0.852,187,1.0,0.67946,0.22557,0.09497,0.67946,0.0,0.82599,0.55164,0.17401,0.55087,0.14223,16243.8219,97280.0,119316.56836,48.64,0.7661,-0.85715,0.5712,0.92,0.1,0.6,0.95,0.0,0.0,1.0,1.0,1.0,0.04594,194560,132196,43887,18477,132196,0,132196,109193,43887,24210,23003,132196,760
3,189,0.8457,0.3134,0.00652,0.16647,0.10771,0.23358,0.852,187,1.0,0.64598,0.24393,0.11009,0.64598,0.0,0.84107,0.54118,0.15893,0.53832,0.12697,15791.90747,97280.0,113429.52832,48.64,0.74938,-0.92641,0.57345,0.92,0.1,0.6,0.95,0.0,0.0,1.0,1.0,1.0,0.04521,194560,125681,47459,21420,125681,0,125681,105706,47459,25684,19975,125681,760
3,190,0.842,0.28776,0.00551,0.15636,0.09367,0.23021,0.852,187,1.0,0.67987,0.22065,0.09948,0.67987,0.0,0.87624,0.57727,0.12376,0.55301,0.099,15931.02332,97280.0,120355.03223,48.64,0.76649,-0.79095,0.55568,0.92,0.1,0.6,0.95,0.0,0.0,1.0,1.0,1.0,0.04449,194560,132275,42930,19355,132275,0,132275,115904,42930,24782,16371,132275,760
3,191,0.84,0.30391,0.00733,0.16135,0.10201,0.23862,0.852,187,1.0,0.66217,0.23872,0.09911,0.66217,0.0,0.82045,0.55619,0.17955,0.54526,0.14485,16116.95056,97280.0,116644.9707,48.64,0.76335,-0.87512,0.58802,0.92,0.1,0.6,0.95,0.0,0.0,1.0,1.0,1.0,0.04378,194560,128832,46446,19282,128832,0,128832,105700,46446,25833,23132,128832,760
3,192,0.8439,0.28069,0.00607,0.15189,0.09,0.25073,0.852,187,1.0,0.71037,0.20499,0.08465,0.71037,0.0,0.88972,0.57036,0.11028,0.56377,0.08765,16147.995,97280.0,125720.11719,48.64,0.77991,-0.73623,0.54781,0.92,0.1,0.6,0.95,0.0,0.0,1.0,1.0,1.0,0.04307,194560,138209,39882,16469,138209,0,138209,122968,39882,22747,15241,138209,760
3,193,0.852,0.29362,0.00636,0.15895,0.09689,0.22517,0.852,187,1.0,0.66726,0.23389,0.09884,0.66726,0.0,0.83659,0.55035,0.16341,0.54741,0.13239,16202.02332,97280.0,117658.50879,48.64,0.7668,-0.81285,0.58892,0.92,0.1,0.6,0.95,0.0,0.0,1.0,1.0,1.0,0.04236,194560,129823,45506,19231,129823,0,129823,108609,45506,25044,21214,129823,760
3,194,0.838,0.28856,0.0058,0.15958,0.09134,0.23398,0.852,187,1.0,0.68323,0.2251,0.09167,0.68323,0.0,0.86622,0.58048,0.13378,0.55342,0.10139,16043.81213,97280.0,120554.50293,48.64,0.77234,-0.86714,0.59044,0.92,0.1,0.6,0.95,0.0,0.0,1.0,1.0,1.0,0.04165,194560,132930,43795,17835,132930,0,132930,115147,43795,25422,17783,132930,760
3,195,0.8522,0.29048,0.00635,0.15589,0.09699,0.22675,0.8522,195,1.0,0.67352,0.22637,0.10011,0.67352,0.0,0.85391,0.55013,0.14609,0.54906,0.11411,15996.30005,97280.0,118445.49512,48.64,0.76365,-0.88745,0.58312,0.92,0.1,0.6,0.95,0.0,0.0,1.0,1.0,1.0,0.04095,194560,131040,44042,19478,131040,0,131040,111897,44042,24229,19143,131040,760
3,196,0.8458,0.28109,0.00496,0.15379,0.09133,0.23124,0.8522,195,1.0,0.70108,0.20798,0.09094,0.70108,0.0,0.89329,0.58361,0.10671,0.5597,0.08365,15964.53198,97280.0,123662.65918,48.64,0.77544,-0.82901,0.57658,0.92,0.1,0.6,0.95,0.0,0.0,1.0,1.0,1.0,0.04025,194560,136403,40464,17693,136403,0,136403,121847,40464,23615,14556,136403,760
3,197,0.8321,0.27758,0.0051,0.15064,0.09155,0.22936,0.8522,195,1.0,0.70526,0.20561,0.08913,0.70526,0.0,0.88216,0.58102,0.11784,0.5601,0.09057,16142.30225,97280.0,123859.12012,48.64,0.7735,-0.85026,0.56066,0.92,0.1,0.6,0.95,0.0,0.0,1.0,1.0,1.0,0.03956,194560,137215,40004,17341,137215,0,137215,121045,40004,23243,16170,137215,760
3,198,0.8473,0.30423,0.00734,0.15891,0.10588,0.23073,0.8522,195,1.0,0.67062,0.22855,0.10084,0.67062,0.0,0.8536,0.54979,0.1464,0.54621,0.11477,15834.07312,97280.0,117093.12305,48.64,0.75321,-0.96534,0.55353,0.92,0.1,0.6,0.95,0.0,0.0,1.0,1.0,1.0,0.03887,194560,130475,44466,19619,130475,0,130475,111373,44466,24447,19102,130475,760
3,199,0.8461,0.27751,0.0061,0.15147,0.09015,0.21414,0.8522,195,1.0,0.6882,0.21936,0.09244,0.6882,0.0,0.87276,0.57691,0.12724,0.55627,0.10242,16092.81812,97280.0,121950.87402,48.64,0.77526,-0.76618,0.57664,0.92,0.1,0.6,0.95,0.0,0.0,1.0,1.0,1.0,0.03818,194560,133896,42679,17985,133896,0,133896,116859,42679,24622,17037,133896,760
3,200,0.8479,0.28449,0.00524,0.15315,0.0943,0.23093,0.8522,195,1.0,0.68632,0.21795,0.09573,0.68632,0.0,0.87332,0.56085,0.12668,0.55197,0.09958,15758.96228,97280.0,119848.21973,48.64,0.76002,-0.93278,0.56138,0.92,0.1,0.6,0.95,0.0,0.0,1.0,1.0,1.0,0.0375,194560,133530,42405,18625,133530,0,133530,116614,42405,23783,16916,133530,760
3,201,0.8503,0.28629,0.00495,0.15549,0.09415,0.22883,0.8522,195,1.0,0.68403,0.22041,0.09556,0.68403,0.0,0.85341,0.56237,0.14659,0.55171,0.11671,15887.02649,97280.0,119723.91113,48.64,0.76112,-0.91651,0.56395,0.92,0.1,0.6,0.95,0.0,0.0,1.0,1.0,1.0,0.03682,194560,133085,42883,18592,133085,0,133085,113576,42883,24116,19509,133085,760
3,202,0.8448,0.28015,0.00486,0.15507,0.08938,0.22131,0.8522,195,1.0,0.69195,0.21584,0.09221,0.69195,0.0,0.87161,0.58176,0.12839,0.55626,0.09934,15905.41394,97280.0,121949.6377,48.64,0.77306,-0.90064,0.59226,0.92,0.1,0.6,0.95,0.0,0.0,1.0,1.0,1.0,0.03615,194560,134626,41993,17941,134626,0,134626,117342,41993,24430,17284,134626,760
3,203,0.8488,0.27437,0.00536,0.15004,0.08948,0.21322,0.8522,195,1.0,0.69711,0.21224,0.09065,0.69711,0.0,0.87542,0.57516,0.12458,0.55855,0.09928,16191.40942,97280.0,123085.8125,48.64,0.77757,-0.81704,0.58213,0.92,0.1,0.6,0.95,0.0,0.0,1.0,1.0,1.0,0.03548,194560,135630,41293,17637,135630,0,135630,118733,41293,23750,16897,135630,760
3,204,0.843,0.30325,0.00624,0.16243,0.10356,0.21778,0.8522,195,1.0,0.67959,0.22294,0.09747,0.67959,0.0,0.85743,0.56704,0.14257,0.55278,0.11491,16015.88049,97280.0,120239.23242,48.64,0.76918,-0.81274,0.58361,0.92,0.1,0.6,0.95,0.0,0.0,1.0,1.0,1.0,0.03481,194560,132221,43376,18963,132221,0,132221,113370,43376,24596,18851,132221,760
3,205,0.8426,0.28721,0.00542,0.15518,0.09526,0.21407,0.8522,195,1.0,0.66013,0.23599,0.10388,0.66013,0.0,0.85732,0.56487,0.14268,0.54376,0.11486,15699.58191,97280.0,115938.80859,48.64,0.75574,-0.94386,0.58654,0.92,0.1,0.6,0.95,0.0,0.0,1.0,1.0,1.0,0.03415,194560,128435,45915,20210,128435,0,128435,110110,45915,25936,18325,128435,760
3,206,0.8485,0.2776,0.00532,0.15145,0.09111,0.21708,0.8522,195,1.0,0.68129,0.22765,0.09106,0.68129,0.0,0.85719,0.57891,0.14281,0.55406,0.11284,16200.30493,97280.0,120863.91602,48.64,0.77864,-0.77964,0.6096,0.92,0.1,0.6,0.95,0.0,0.0,1.0,1.0,1.0,0.0335,194560,132551,44292,17717,132551,0,132551,113622,44292,25641,18929,132551,760
3,207,0.8463,0.26693,0.00433,0.14697,0.08573,0.2159,0.8522,195,1.0,0.70359,0.2096,0.08681,0.70359,0.0,0.88237,0.5923,0.11763,0.55972,0.09228,16059.66357,97280.0,123670.88086,48.64,0.77536,-0.87996,0.57363,0.92,0.1,0.6,0.95,0.0,0.0,1.0,1.0,1.0,0.03284,194560,136890,40780,16890,136890,0,136890,120787,40780,24154,16103,136890,760
3,208,0.8524,0.26188,0.00407,0.14497,0.08119,0.23417,0.8524,208,1.0,0.71554,0.20049,0.08396,0.71554,0.0,0.88921,0.58265,0.11079,0.56241,0.08609,15970.94507,97280.0,125028.97852,48.64,0.77441,-0.88506,0.56742,0.92,0.1,0.6,0.95,0.0,0.0,1.0,1.0,1.0,0.0322,194560,139216,39008,16336,139216,0,139216,123792,39008,22728,15424,139216,760
3,209,0.8485,0.28339,0.00491,0.1547,0.09328,0.21707,0.8524,208,1.0,0.68085,0.22118,0.09797,0.68085,0.0,0.8716,0.57852,0.1284,0.55313,0.09883,15946.49878,97280.0,120413.75977,48.64,0.77059,-0.89161,0.60062,0.92,0.1,0.6,0.95,0.0,0.0,1.0,1.0,1.0,0.03155,194560,132466,43032,19062,132466,0,132466,115458,43032,24895,17008,132466,760
3,210,0.8512,0.27678,0.00475,0.15392,0.08676,0.23351,0.8524,208,1.0,0.69627,0.21676,0.08697,0.69627,0.0,0.86909,0.57612,0.13091,0.5585,0.10108,16090.61792,97280.0,123057.7002,48.64,0.77665,-0.86267,0.58567,0.92,0.1,0.6,0.95,0.0,0.0,1.0,1.0,1.0,0.03092,194560,135467,42172,16921,135467,0,135467,117733,42172,24296,17734,135467,760
3,211,0.8509,0.29033,0.00539,0.16238,0.09211,0.21786,0.8524,208,1.0,0.66985,0.23667,0.09348,0.66985,0.0,0.83514,0.55755,0.16486,0.54888,0.12997,16139.26709,97280.0,118359.3418,48.64,0.77059,-0.85605,0.61422,0.92,0.1,0.6,0.95,0.0,0.0,1.0,1.0,1.0,0.03028,194560,130326,46046,18188,130326,0,130326,108841,46046,25673,21485,130326,760
3,212,0.8335,0.2736,0.00514,0.15123,0.08932,0.2044,0.8524,208,1.0,0.7094,0.20355,0.08705,0.7094,0.0,0.89373,0.58785,0.10627,0.56541,0.08321,16212.77087,97280.0,126562.12305,48.64,0.79009,-0.69596,0.59115,0.92,0.1,0.6,0.95,0.0,0.0,1.0,1.0,1.0,0.02966,194560,138021,39602,16937,138021,0,138021,123354,39602,23280,14667,138021,760
3,213,0.8335,0.27311,0.00463,0.15201,0.08655,0.22286,0.8524,208,1.0,0.70096,0.21271,0.08634,0.70096,0.0,0.86831,0.5853,0.13169,0.56048,0.10419,16227.59998,97280.0,124050.44434,48.64,0.78356,-0.79292,0.6051,0.92,0.1,0.6,0.95,0.0,0.0,1.0,1.0,1.0,0.02903,194560,136378,41384,16798,136378,0,136378,118419,41384,24222,17959,136378,760
3,214,0.848,0.2728,0.00492,0.15079,0.08694,0.22154,0.8524,208,1.0,0.70418,0.20674,0.08908,0.70418,0.0,0.87439,0.57813,0.12561,0.56188,0.09788,16103.02551,97280.0,124757.21094,48.64,0.78175,-0.83326,0.59395,0.92,0.1,0.6,0.95,0.0,0.0,1.0,1.0,1.0,0.02841,194560,137006,40223,17331,137006,0,137006,119796,40223,23254,17210,137006,760
3,215,0.8474,0.27235,0.00468,0.15289,0.08553,0.21117,0.8524,208,1.0,0.69961,0.21381,0.08658,0.69961,0.0,0.85665,0.57779,0.14335,0.55958,0.11123,16193.90027,97280.0,123598.85156,48.64,0.78038,-0.89096,0.60816,0.92,0.1,0.6,0.95,0.0,0.0,1.0,1.0,1.0,0.0278,194560,136117,41598,16845,136117,0,136117,116604,41598,24035,19513,136117,760
3,216,0.85,0.27807,0.00571,0.15379,0.09013,0.20084,0.8524,208,1.0,0.697,0.21236,0.09065,0.697,0.0,0.88291,0.57602,0.11709,0.55921,0.092,16093.95386,97280.0,123415.22559,48.64,0.77933,-0.81921,0.59702,0.92,0.1,0.6,0.95,0.0,0.0,1.0,1.0,1.0,0.02719,194560,135608,41316,17636,135608,0,135608,119729,41316,23799,15879,135608,760
3,217,0.8492,0.25666,0.00444,0.1422,0.08142,0.21088,0.8524,208,1.0,0.71732,0.19908,0.0836,0.71732,0.0,0.89575,0.60855,0.10425,0.56641,0.07937,16099.35278,97280.0,127079.61914,48.64,0.78839,-0.83494,0.6028,0.92,0.1,0.6,0.95,0.0,0.0,1.0,1.0,1.0,0.02659,194560,139562,38733,16265,139562,0,139562,125013,38733,23571,14549,139562,760
3,218,0.8465,0.28029,0.00526,0.15298,0.09223,0.2181,0.8524,208,1.0,0.69834,0.21279,0.08887,0.69834,0.0,0.86304,0.56652,0.13696,0.55952,0.10731,16222.01794,97280.0,123568.25195,48.64,0.78005,-0.77643,0.59247,0.92,0.1,0.6,0.95,0.0,0.0,1.0,1.0,1.0,0.02599,194560,135869,41400,17291,135869,0,135869,117260,41400,23454,18609,135869,760
3,219,0.8498,0.25999,0.00476,0.14248,0.08328,0.21487,0.8524,208,1.0,0.71902,0.19829,0.08269,0.71902,0.0,0.91012,0.60039,0.08988,0.56786,0.0711,16113.19287,97280.0,127834.77832,48.64,0.78937,-0.74881,0.58287,0.92,0.1,0.6,0.95,0.0,0.0,1.0,1.0,1.0,0.0254,194560,139892,38580,16088,139892,0,139892,127318,38580,23163,12574,139892,760
3,220,0.852,0.26594,0.004,0.14889,0.08441,0.20397,0.8524,208,1.0,0.69645,0.21419,0.08937,0.69645,0.0,0.88541,0.58713,0.11459,0.5596,0.09102,16054.59802,97280.0,123607.81445,48.64,0.78019,-0.79078,0.59183,0.92,0.1,0.6,0.95,0.0,0.0,1.0,1.0,1.0,0.02482,194560,135501,41672,17387,135501,0,135501,119974,41672,24467,15527,135501,760
3,221,0.8517,0.25641,0.00389,0.14193,0.0814,0.21206,0.8524,208,1.0,0.72373,0.19219,0.08409,0.72373,0.0,0.91478,0.60441,0.08522,0.56838,0.0669,15922.80188,97280.0,128101.70215,48.64,0.78381,-0.81438,0.56204,0.92,0.1,0.6,0.95,0.0,0.0,1.0,1.0,1.0,0.02423,194560,140808,37392,16360,140808,0,140808,128808,37392,22600,12000,140808,760
3,222,0.8525,0.25701,0.00407,0.14377,0.08071,0.20921,0.8525,222,1.0,0.70464,0.20838,0.08699,0.70464,0.0,0.88615,0.60113,0.11385,0.56125,0.08588,15949.61279,97280.0,124440.50293,48.64,0.78078,-0.91255,0.60444,0.92,0.1,0.6,0.95,0.0,0.0,1.0,1.0,1.0,0.02366,194560,137094,40542,16924,137094,0,137094,121486,40542,24371,15608,137094,760
3,223,0.8523,0.27354,0.00425,0.15269,0.08643,0.21787,0.8525,222,1.0,0.69351,0.21464,0.09185,0.69351,0.0,0.87999,0.5759,0.12001,0.55574,0.09453,15632.05872,97280.0,121689.58301,48.64,0.77047,-0.90099,0.59073,0.92,0.1,0.6,0.95,0.0,0.0,1.0,1.0,1.0,0.02309,194560,134929,41761,17870,134929,0,134929,118736,41761,24050,16193,134929,760
3,224,0.854,0.26588,0.00471,0.14904,0.08471,0.19589,0.854,224,1.0,0.70483,0.20819,0.08698,0.70483,0.0,0.87333,0.58727,0.12667,0.56337,0.09798,16306.83215,97280.0,125518.32422,48.64,0.78853,-0.77073,0.61454,0.92,0.1,0.6,0.95,0.0,0.0,1.0,1.0,1.0,0.02253,194560,137131,40506,16923,137131,0,137131,119761,40506,23788,17370,137131,760
3,225,0.8528,0.27063,0.00409,0.1526,0.08423,0.21671,0.854,224,1.0,0.70399,0.20834,0.08767,0.70399,0.0,0.87741,0.58214,0.12259,0.56177,0.09324,15989.14758,97280.0,124702.19434,48.64,0.78177,-0.89208,0.60469,0.92,0.1,0.6,0.95,0.0,0.0,1.0,1.0,1.0,0.02197,194560,136968,40535,17057,136968,0,136968,120177,40535,23597,16791,136968,760
