round,phase,lr,gate,aux_scale,a_ratio,a_mean_weight,a_effective_mass_per_u,a_wrong_mass_per_u,b_ratio,b_mean_weight,b_effective_mass_per_u,b_wrong_mass_per_u,c_ratio,b_score_only_candidates,b_score_only_accuracy,b_score_only_admitted,L_sup_effective,L_A_effective,L_B_effective,L_proto_effective,loss_reconstructed,L_feature_effective,teacher_b_visits,teacher_b_precision,bc_feature_std,loss_observed,u_visits,local_steps,trust_authority_mean,trust_valid_fraction,trust_refreshes,trusted_weight_gate
1,1,0.1499958877024134,0.0,0.0,0.05389597039473684,1.0,0.05389597039473684,0.02872121710526316,0.0,0.0,0.0,0.0,0.9461040296052632,0,0.0,0,1.1554591883954248,0.031703642137946235,0.0,0.0,1.187162830533371,0.0,0,0.0,0.0,1.1871628301708321,194560,760,0.0,0.0,0,0.0
2,1,0.14998355126061344,0.0,0.0,0.09188939144736842,1.0,0.09188939144736842,0.04904913651315789,0.0,0.0,0.0,0.0,0.9081106085526316,0,0.0,0,0.9444903954079277,0.06102767757461391,0.0,0.0,1.0055180729825415,0.0,0,0.0,0.0,1.0055180719808527,194560,760,0.0,0.0,0,0.0
3,1,0.14996299202742983,0.0,0.0,0.14249074835526315,1.0,0.14249074835526315,0.07471731085526316,0.0,0.0,0.0,0.0,0.8575092516447368,0,0.0,0,0.7477427407314903,0.08963844274473894,0.0,0.0,0.8373811834762293,0.0,0,0.0,0.0,0.8373811825717751,194560,760,0.0,0.0,0,0.0
4,1,0.14993421225741438,0.0,0.0,0.19288137335526315,1.0,0.19288137335526315,0.09500925164473684,0.0,0.0,0.0,0.0,0.8071186266447369,0,0.0,0,0.6312946542509292,0.11625495128350131,0.0,0.0,0.7475496055344305,0.0,0,0.0,0.0,0.7475496047813641,194560,760,0.0,0.0,0,0.0
5,1,0.149897215106593,0.0,0.0,0.1875,1.0,0.1875,0.0844006990131579,0.0,0.0,0.0,0.0,0.8125,0,0.0,0,0.6868470145242387,0.11310764059874265,0.0,0.0,0.7999546551229814,0.0,0,0.0,0.0,0.799954655217497,194560,760,0.0,0.0,0,0.0
6,1,0.14985200463212037,0.0,0.0,0.2379677220394737,1.0,0.2379677220394737,0.10770970394736842,0.0,0.0,0.0,0.0,0.7620322779605263,0,0.0,0,0.45530760703902495,0.14793022270637027,0.0,0.0,0.6032378297453952,0.0,0,0.0,0.0,0.6032378292397449,194560,760,0.0,0.0,0,0.0
7,1,0.14979858579183433,0.0,0.0,0.25628083881578945,1.0,0.25628083881578945,0.12670641447368422,0.0,0.0,0.0,0.0,0.7437191611842106,0,0.0,0,0.446736195056062,0.1562769216343602,0.0,0.0,0.6030131166904222,0.0,0,0.0,0.0,0.6030131168859569,194560,760,0.0,0.0,0,0.0
8,1,0.14973696444371284,0.0,0.0,0.30703125,1.0,0.30703125,0.10691817434210527,0.0,0.0,0.0,0.0,0.69296875,0,0.0,0,0.3704472061491718,0.18063670493368256,0.0,0.0,0.5510839110828544,0.0,0,0.0,0.0,0.5510839100534979,194560,760,0.0,0.0,0,0.0
9,1,0.149667147345231,0.0,0.0,0.3442485608552632,1.0,0.3442485608552632,0.15990439967105263,0.0,0.0,0.0,0.0,0.6557514391447369,0,0.0,0,0.30352499693828194,0.18792449882511345,0.0,0.0,0.49144949576339536,0.0,0,0.0,0.0,0.4914494954637791,194560,760,0.0,0.0,0,0.0
10,1,0.14958914215262048,0.0,0.0,0.3825349506578947,1.0,0.3825349506578947,0.17369449013157895,0.0,0.0,0.0,0.0,0.6174650493421052,0,0.0,0,0.25334192971257785,0.20324513347035175,0.0,0.0,0.45658706318292963,0.0,0,0.0,0.0,0.4565870634623264,194560,760,0.0,0.0,0,0.0
11,1,0.1495029574200297,0.0,0.0,0.3623252467105263,1.0,0.3623252467105263,0.1939710115131579,0.0,0.0,0.0,0.0,0.6376747532894737,0,0.0,0,0.2501651401190381,0.20186643005275218,0.0,0.0,0.4520315701717903,0.0,0,0.0,0.0,0.45203157092787716,194560,760,0.0,0.0,0,0.0
12,1,0.14940860259858582,0.0,0.0,0.40475431743421053,1.0,0.40475431743421053,0.13753083881578948,0.0,0.0,0.0,0.0,0.5952456825657895,0,0.0,0,0.19742668504385572,0.21608487191168885,0.0,0.0,0.41351155695554453,0.0,0,0.0,0.0,0.41351155613205937,194560,760,0.0,0.0,0,0.0
13,1,0.14930608803535828,0.0,0.0,0.41200143914473686,1.0,0.41200143914473686,0.20215871710526315,0.0,0.0,0.0,0.0,0.5879985608552631,0,0.0,0,0.1868385466599935,0.21707826805742164,0.0,0.0,0.40391681471741514,0.0,0,0.0,0.0,0.4039168148056457,194560,760,0.0,0.0,0,0.0
14,1,0.14919542497222416,0.0,0.0,0.4238486842105263,1.0,0.4238486842105263,0.20865542763157896,0.0,0.0,0.0,0.0,0.5761513157894737,0,0.0,0,0.16360495967398347,0.21663399346564946,0.0,0.0,0.38023895313963296,0.0,0,0.0,0.0,0.38023895295827015,194560,760,0.0,0.0,0,0.0
15,1,0.14907662554463533,0.0,0.0,0.4431640625,1.0,0.4431640625,0.16240748355263157,0.0,0.0,0.0,0.0,0.5568359375,0,0.0,0,0.16176077296075067,0.223062912972742,0.0,0.0,0.3848236859334927,0.0,0,0.0,0.0,0.3848236867275677,194560,760,0.0,0.0,0,0.0
16,1,0.1489497027802879,0.0,0.0,0.4493626644736842,1.0,0.4493626644736842,0.1822522615131579,0.0,0.0,0.0,0.0,0.5506373355263158,0,0.0,0,0.14320190574875788,0.22596491058602144,0.0,0.0,0.3691668163347793,0.0,0,0.0,0.0,0.3691668160651859,194560,760,0.0,0.0,0,0.0
17,1,0.1488146705976931,0.0,0.0,0.4582082648026316,1.0,0.4582082648026316,0.20933388157894736,0.0,0.0,0.0,0.0,0.5417917351973685,0,0.0,0,0.1494623319196858,0.22577159540041497,0.0,0.0,0.37523392732010075,0.0,0,0.0,0.0,0.37523392780046716,194560,760,0.0,0.0,0,0.0
18,1,0.1486715438046516,0.0,0.0,0.4541221217105263,1.0,0.4541221217105263,0.16237150493421051,0.0,0.0,0.0,0.0,0.5458778782894737,0,0.0,0,0.1751150564027117,0.2182757145186004,0.0,0.0,0.3933907709213121,0.0,0,0.0,0.0,0.39339077141331996,194560,760,0.0,0.0,0,0.0
19,1,0.14852033809662915,0.0,0.0,0.44879728618421055,1.0,0.44879728618421055,0.20782277960526316,0.0,0.0,0.0,0.0,0.5512027138157894,0,0.0,0,0.12980293404237417,0.22207645308226348,0.0,0.0,0.3518793871246376,0.0,0,0.0,0.0,0.3518793865450119,194560,760,0.0,0.0,0,0.0
20,1,0.14836107005503543,0.0,0.0,0.48155838815789476,1.0,0.48155838815789476,0.2056897615131579,0.0,0.0,0.0,0.0,0.5184416118421052,0,0.0,0,0.122704286291264,0.22581551918073706,0.0,0.0,0.34851980547200107,0.0,0,0.0,0.0,0.3485198060540777,194560,760,0.0,0.0,0,0.0
21,1,0.14819375714540606,0.0,0.0,0.5043225740131579,1.0,0.5043225740131579,0.19431537828947368,0.0,0.0,0.0,0.0,0.4956774259868421,0,0.0,0,0.11412102822091823,0.22321168553868406,0.0,0.0,0.3373327137596023,0.0,0,0.0,0.0,0.33733271321183755,194560,760,0.0,0.0,0,0.0
22,1,0.14801841771548702,0.0,0.0,0.5011204769736842,1.0,0.5011204769736842,0.1669973273026316,0.0,0.0,0.0,0.0,0.4988795230263158,0,0.0,0,0.10154003708402773,0.22587922047823666,0.0,0.0,0.3274192575622644,0.0,0,0.0,0.0,0.32741925759535084,194560,760,0.0,0.0,0,0.0
23,1,0.1478350709932227,0.0,0.0,0.4723889802631579,1.0,0.4723889802631579,0.19767166940789474,0.0,0.0,0.0,0.0,0.5276110197368421,0,0.0,0,0.11776052847333056,0.23182056232502585,0.0,0.0,0.3495810907983564,0.0,0,0.0,0.0,0.3495810907922293,194560,760,0.0,0.0,0,0.0
24,1,0.14764373708464731,0.0,0.0,0.5345343338815789,1.0,0.5345343338815789,0.20624486019736843,0.0,0.0,0.0,0.0,0.46546566611842105,0,0.0,0,0.0790472082665043,0.22576501074394112,0.0,0.0,0.3048122190104454,0.0,0,0.0,0.0,0.3048122187586207,194560,760,0.0,0.0,0,0.0
25,1,0.1474444369716801,0.0,0.0,0.5336040296052632,1.0,0.5336040296052632,0.13865131578947368,0.0,0.0,0.0,0.0,0.46639597039473685,0,0.0,0,0.10206503458811264,0.23161650161798064,0.0,0.0,0.3336815362060933,0.0,0,0.0,0.0,0.33368153693644625,194560,760,0.0,0.0,0,0.0
26,1,0.14723719250982437,0.0,0.0,0.535387541118421,1.0,0.535387541118421,0.18333675986842105,0.0,0.0,0.0,0.0,0.4646124588815789,0,0.0,0,0.07033674075317226,0.233387413179796,0.0,0.0,0.30372415393296825,0.0,0,0.0,0.0,0.3037241543790227,194560,760,0.0,0.0,0,0.0
27,1,0.14702202642577075,0.0,0.0,0.5413805509868421,1.0,0.5413805509868421,0.22081620065789473,0.0,0.0,0.0,0.0,0.4586194490131579,0,0.0,0,0.06897052747050399,0.23061050459938615,0.0,0.0,0.2995810320698901,0.0,0,0.0,0.0,0.2995810322855648,194560,760,0.0,0.0,0,0.0
28,1,0.14679896231490497,0.0,0.0,0.5532329358552631,1.0,0.5532329358552631,0.23042763157894736,0.0,0.0,0.0,0.0,0.4467670641447368,0,0.0,0,0.07134339876448441,0.23239991432546,0.0,0.0,0.3037433130899444,0.0,0,0.0,0.0,0.30374331264511534,194560,760,0.0,0.0,0,0.0
29,1,0.14656802463872076,0.0,0.0,0.5315224095394737,1.0,0.5315224095394737,0.16749588815789473,0.0,0.0,0.0,0.0,0.46847759046052634,0,0.0,0,0.08673749261897204,0.23187901539433944,0.0,0.0,0.3186165080133115,0.0,0,0.0,0.0,0.3186165079474449,194560,760,0.0,0.0,0,0.0
30,1,0.14632923872213652,0.0,0.0,0.5287571957236842,1.0,0.5287571957236842,0.22862356085526317,0.0,0.0,0.0,0.0,0.47124280427631576,0,0.0,0,0.08769048632637254,0.23584052928184207,0.0,0.0,0.3235310156082146,0.0,0,0.0,0.0,0.3235310158643283,194560,760,0.0,0.0,0,0.0
31,1,0.14608263075071895,0.0,0.0,0.548180509868421,0.9998091704256122,0.5480759008150352,0.18342865907317518,0.0,0.0,0.0,0.0,0.45181949013157896,0,0.0,0,0.09109861140727604,0.2272109062950078,0.0,0.0,0.3183740203689013,6.450266661742813e-05,0,0.0,0.03613606428629473,0.3183740211748763,194560,760,0.00132035885916067,0.9780016447368421,40,0.0027390523158633555
32,1,0.14582822776781112,0.0,0.0,0.5027189555921052,0.9990862470292842,0.5022595946529979,0.21784073194660442,0.0,0.0,0.0,0.0,0.4972810444078947,0,0.0,0,0.09833889870205895,0.22740320349602322,0.0,0.0,0.32599694738382823,0.0002548451857460589,0,0.0,0.036699249105233894,0.32599694718067584,194560,760,0.005076610512026634,0.9761410361842106,40,0.010926199633097156
33,1,0.14556605767156694,0.0,0.0,0.5312911184210526,0.9980707205483146,0.5302661093834199,0.19993317400007263,0.0,0.0,0.0,0.0,0.46870888157894736,0,0.0,0,0.07026100665159328,0.22698218011738439,0.0,0.0,0.2976562072407672,0.00041302047178951875,0,0.0,0.03710164001309558,0.2976562065415477,194560,760,0.011503350768409866,0.9618832236842105,40,0.024471741852423234
34,1,0.14529614921189185,0.0,0.0,0.5489617598684211,0.9969160053061806,0.5472687647138771,0.21975817436254338,0.0,0.0,0.0,0.0,0.45103824013157895,0,0.0,0,0.07292381424095334,0.22749915133769574,0.0,0.0,0.3009736696787035,0.0005507041000543579,0,0.0,0.0364754864308787,0.3009736700081512,194560,760,0.02043117073021437,0.9615439967105263,40,0.04322727117869957
35,1,0.14501853198729012,0.0,0.0,0.5751284950657894,0.9945633176753833,0.5720017041422819,0.2322040585286327,0.0,0.0,0.0,0.0,0.42487150493421055,0,0.0,0,0.05435347903326865,0.22983003990038445,0.0,0.0,0.2846411569933384,0.00045763805968530695,0,0.0,0.036373639714561014,0.2846411578553288,194560,760,0.0326698030651498,0.9686266447368421,40,0.06698729810778065
36,1,0.14473323644161884,0.0,0.0,0.5665244654605263,0.994122514091129,0.5631947258977513,0.20751117557091148,0.0,0.0,0.0,0.0,0.4334755345394737,0,0.0,0,0.05708214958768191,0.2330318120749373,0.0,0.0,0.2905726617716745,0.0004587001090552995,0,0.0,0.03645991853585369,0.29057266151434497,194560,760,0.045800644904375076,0.9644582648026315,40,0.09549150281252627
37,1,0.14444029386074964,0.0,0.0,0.5355622944078947,0.9901918650261505,0.5303094271374377,0.21285853079079012,0.0,0.0,0.0,0.0,0.4644377055921053,0,0.0,0,0.06051822001800725,0.22669243776288472,0.0,0.0,0.2877441320372064,0.0005334742563144046,0,0.0,0.0366636521820175,0.2877441325470021,194560,760,0.05979522213977026,0.9538548519736842,40,0.12842758726130288
38,1,0.14413973636913752,0.0,0.0,0.5957442434210526,0.9880125595594607,0.5886027947852486,0.1503216815708009,0.0,0.0,0.0,0.0,0.40425575657894736,0,0.0,0,0.049419999185116276,0.23313892155297491,0.0,0.0,0.2830296429276227,0.00047072218953153903,0,0.0,0.03591671313992456,0.28302964326974595,194560,760,0.0804407606832683,0.9803299753289474,40,0.16543469682057088
39,1,0.14383159692629857,0.0,0.0,0.6011050575657895,0.9827868910781979,0.5907581707364634,0.16022099760164948,0.0,0.0,0.0,0.0,0.39889494243421053,0,0.0,0,0.046772772134710594,0.22687141998229843,0.0,0.0,0.27407731396838486,0.0004331218513758167,0,0.0,0.03642488694504688,0.2740773143344804,194560,760,0.09901995299089895,0.9598067434210527,40,0.2061073738537634
40,1,0.14351590932319505,0.0,0.0,0.6131527549342105,0.9846300979947459,0.60372865717662,0.17218235004448185,0.0,0.0,0.0,0.0,0.3868472450657895,0,0.0,0,0.050927270637322705,0.22363457662102423,0.0,0.0,0.27488337109551997,0.00032152383717306963,0,0.0,0.036076248089145675,0.27488337143471364,194560,760,0.11845748998028667,0.9441149259868421,40,0.24999999999999997
41,1,0.14319270817853014,0.0,0.0,0.6244397615131579,0.9760655813216143,0.6094941588216707,0.17404363410743443,0.0,0.0,0.0,0.0,0.3755602384868421,0,0.0,0,0.054196894022721896,0.22592616730222576,0.0,0.0,0.2804714969435927,0.0003484356186450704,0,0.0,0.036259617563337086,0.28047149691142537,194560,760,0.14551589073319185,0.9699886924342105,40,0.2966316784620998
42,1,0.14286202893495145,0.0,0.0,0.5677220394736842,0.9729590731267348,0.5523703093199354,0.20190612373775557,0.0,0.0,0.0,0.0,0.4322779605263158,0,0.0,0,0.06431985349014499,0.22340215671023256,0.0,0.0,0.28809248365683554,0.0003704734564579619,0,0.0,0.03559844151237293,0.2880924838546075,194560,760,0.16600861502321143,0.9666118421052632,40,0.3454915028125263
43,1,0.14252390785516453,0.0,0.0,0.5635536595394737,0.965809461983378,0.5442854567185829,0.18765355380938242,0.0,0.0,0.0,0.0,0.4364463404605263,0,0.0,0,0.05821570832294559,0.22173596108822446,0.0,0.0,0.2803831925060015,0.00043152309483143893,0,0.0,0.035952833726217874,0.28038319268901096,194560,760,0.18952415347295373,0.9567074424342106,40,0.39604415459112036
44,1,0.14217838201795596,0.0,0.0,0.5616776315789473,0.9662736371879522,0.542734287992904,0.2021594281112285,0.0,0.0,0.0,0.0,0.43832236842105265,0,0.0,0,0.063242738009553,0.21231061838763324,0.0,0.0,0.2760442274436316,0.0004908710464453754,0,0.0,0.0365192255887546,0.27604422782988924,194560,760,0.20966849585897043,0.9450709292763158,40,0.4477357683661733
45,1,0.14182548931412758,0.0,0.0,0.5652292351973685,0.9523582062009841,0.53830070052492,0.236229537579378,0.0,0.0,0.0,0.0,0.4347707648026316,0,0.0,0,0.06327701820348586,0.21882053623466116,0.0,0.0,0.2826043370037759,0.000506782565628926,0,0.0,0.03659043173844877,0.2826043368170136,194560,760,0.2373480082636601,0.9548365542763158,40,0.49999999999999994
46,1,0.14146526844234109,0.0,0.0,0.6047800164473685,0.9446422768245408,0.5713007717148254,0.177076682029292,0.0,0.0,0.0,0.0,0.3952199835526316,0,0.0,0,0.05253637314630109,0.2107507157188497,0.0,0.0,0.2637269469985959,0.00043985813344510176,0,0.0,0.036491452417287386,0.2637269470938726,194560,760,0.27154538723591126,0.9640059621710526,40,0.5522642316338265
47,1,0.14109775890487442,0.0,0.0,0.5883326480263158,0.9505011756639296,0.559210873630486,0.15486911355860924,0.0,0.0,0.0,0.0,0.4116673519736842,0,0.0,0,0.054202269680344646,0.21665509568625374,0.0,0.0,0.2713537601126231,0.0004963947460246824,0,0.0,0.03672603836381122,0.2713537606361665,194560,760,0.28780068200277653,0.9628135279605263,40,0.6039558454088796
48,1,0.14072300100328974,0.0,0.0,0.6181537828947369,0.9568304528846554,0.5914683640395341,0.16594054601645392,0.0,0.0,0.0,0.0,0.3818462171052632,0,0.0,0,0.04164372101337281,0.21183686623055684,0.0,0.0,0.25391737248922397,0.0004367852452943273,0,0.0,0.03680393541427819,0.25391737209927095,194560,760,0.31357950164299264,0.9428248355263158,40,0.6545084971874738
49,1,0.14034103583401422,0.0,0.0,0.6105160361842106,0.9428855742614317,0.5756467633733624,0.16103115524165332,0.0,0.0,0.0,0.0,0.3894839638157895,0,0.0,0,0.0469458521760412,0.20330760910322793,0.0,0.0,0.2507624982342685,0.0005090369549993499,0,0.0,0.03708169452453915,0.2507624983591469,194560,760,0.3322211571037769,0.9381270559210526,40,0.7033683215379
50,1,0.13995190528383286,0.0,0.0,0.5849969161184211,0.9386143304608365,0.5490864887441459,0.1839189542040817,0.0,0.0,0.0,0.0,0.41500308388157897,0,0.0,0,0.044870399508784575,0.20796338820731955,0.0,0.0,0.25340925101418654,0.0005754632980824681,0,0.0,0.03693040187323564,0.25340925149227445,194560,760,0.34754977643881974,0.9191457648026315,40,0.7499999999999999
51,1,0.13955565202529577,0.0,0.0,0.607164884868421,0.9445637798446569,0.5735059586402617,0.11737956166586005,0.0,0.0,0.0,0.0,0.3928351151315789,0,0.0,0,0.04186311662518787,0.20755846490593333,0.0,0.0,0.2499604456699193,0.0005388641387980897,0,0.0,0.03656703367045051,0.24996044573030973,194560,760,0.3791587680186096,0.95751953125,40,0.7938926261462365
52,1,0.13915231951203802,0.0,0.0,0.5951685855263158,0.929430817482142,0.5531680249854138,0.1489518221492242,0.0,0.0,0.0,0.0,0.4048314144736842,0,0.0,0,0.03228299947391191,0.20601060734571594,0.0,0.0,0.23886301509188151,0.0005694082722536558,0,0.0,0.036573959705664925,0.23886301494938764,194560,760,0.3965853689728599,0.9482524671052631,40,0.8345653031794289
53,1,0.1387419519740148,0.0,0.0,0.6065789473684211,0.9242452642922805,0.5606277195246596,0.1835064992590464,0.0,0.0,0.0,0.0,0.39342105263157895,0,0.0,0,0.03888280664380689,0.20418449648116765,0.0,0.0,0.24367013432466164,0.0006028311996870845,0,0.0,0.03655803895702488,0.24367013425615272,194560,760,0.40727789931391417,0.9295590049342105,40,0.8715724127386972
54,1,0.13832459441265113,0.0,0.0,0.6026161595394737,0.9265771208859145,0.5583703461054125,0.19192658373105684,0.0,0.0,0.0,0.0,0.3973838404605263,0,0.0,0,0.04423785951052866,0.21199134514716111,0.0,0.0,0.2568190740781766,0.0005898694204868087,0,0.0,0.03626255462142198,0.2568190743068331,194560,760,0.4211520754585141,0.9249280427631579,40,0.9045084971874735
55,1,0.1379002925959068,0.0,0.0,0.6221885279605263,0.9189373411305096,0.5717522715659518,0.1545831869442114,0.0,0.0,0.0,0.0,0.3778114720394737,0,0.0,0,0.04718126147850662,0.19985098945663163,0.0,0.0,0.2476070098589078,0.0005747589237695425,0,0.0,0.036012385452264234,0.2476070098284828,194560,760,0.4541345388285424,0.9424342105263158,40,0.9330127018922194
56,1,0.13746909305325744,0.0,0.0,0.6102796052631579,0.9304213851565798,0.5678171956617581,0.14583394965892169,0.0,0.0,0.0,0.0,0.3897203947368421,0,0.0,0,0.04011640396538975,0.19972150725753685,0.0,0.0,0.24049605163504326,0.0006581404121166806,0,0.0,0.036533357698078216,0.2404960513212963,194560,760,0.4445917557336782,0.9330951891447369,40,0.9567727288213005
57,1,0.13703104307059216,0.0,0.0,0.61220703125,0.9254806190219972,0.5665857422508691,0.14467484980797102,0.0,0.0,0.0,0.0,0.38779296875,0,0.0,0,0.033337054096045905,0.20284442159494287,0.0,0.0,0.23685614455446882,0.0006746688634800529,0,0.0,0.03670299951183169,0.23685614452942422,194560,760,0.46171016028445017,0.9405067845394737,40,0.9755282581475767
58,1,0.13658619068502784,0.0,0.0,0.6064504523026316,0.9257274677830011,0.5614078415459708,0.16393000318938375,0.0,0.0,0.0,0.0,0.39354954769736844,0,0.0,0,0.029431945717078634,0.20886165831041964,0.0,0.0,0.23899130279513836,0.0006976987676400887,0,0.0,0.03634862848312447,0.2389913033301893,194560,760,0.4534228019808468,0.9083367598684211,40,0.989073800366903
59,1,0.13613458467964154,0.0,0.0,0.6251541940789473,0.9216918975421103,0.5761995553970337,0.15706164566064743,0.0,0.0,0.0,0.0,0.37484580592105265,0,0.0,0,0.030935669092363432,0.20805640053004026,0.0,0.0,0.23967177698662118,0.0006797073642174885,0,0.0,0.03604083369044881,0.2396717768358557,194560,760,0.46785742128758057,0.9208059210526316,40,0.9972609476841364
60,1,0.13567627457812104,0.0,0.0,0.6103207236842105,0.9141063783991684,0.5578980663889332,0.18216605569775168,0.0,0.0,0.0,0.0,0.38967927631578947,0,0.0,0,0.03736596235202772,0.20293509968017276,0.0,0.0,0.24108607412505845,0.0007850120928579648,0,0.0,0.03633496648582973,0.2410860735432882,194560,760,0.46044119110232906,0.9065738075657894,40,1.0
61,1,0.13521131063933362,0.0,0.0,0.6323396381578947,0.9154454567468294,0.5788724488725788,0.1306731422125411,0.0,0.0,0.0,0.0,0.36766036184210527,0,0.0,0,0.040513428369166306,0.20213266938532654,0.0,0.0,0.2433680112317042,0.0007219134772113696,0,0.0,0.03574741175398231,0.24336801136010572,194560,760,0.47431601856492067,0.9293842516447368,40,1.0
62,1,0.13473974385181473,0.0,0.0,0.62626953125,0.912407270901112,0.5714128738563312,0.1368871457372351,0.0,0.0,0.0,0.0,0.37373046875,0,0.0,0,0.04021621021766853,0.19753986421580377,0.0,0.0,0.23854349177636322,0.000787417342890924,0,0.0,0.03636710042329995,0.2385434918595772,194560,760,0.4824994786593475,0.9569849917763158,40,1.0
63,1,0.13426162592817675,0.0,0.0,0.6320980674342105,0.9250631896703166,0.5847306544451337,0.16877161550801248,0.0,0.0,0.0,0.0,0.36790193256578946,0,0.0,0,0.031297048454565046,0.19330871782608722,0.0,0.0,0.2255420459352057,0.0009362796545534174,0,0.0,0.036435606693358796,0.2255420457179609,194560,760,0.46241310238838196,0.8908305921052632,40,1.0
64,1,0.13377700929943795,0.0,0.037037037037037035,0.6121402138157894,0.9277895181276617,0.5679372740027152,0.13968898995877488,0.2863435444078947,0.02380567414402262,0.006816601111418813,0.0034321389844224445,0.10151624177631578,0,0.0,0,0.024998982219135782,0.1985460257941955,0.009758836329055927,0.005699386792457127,0.23999100977540788,0.0009877786405635752,55711,0.5733158622175154,0.03660726840852907,0.2399910100784741,194560,760,0.44299006481703956,0.8835526315789474,40,1.0
65,1,0.1332859471092728,0.0,0.07407407407407407,0.6456414473684211,0.9239921218771006,0.5965676109257497,0.1172262935948215,0.2632298519736842,0.04581840922255506,0.012060773077322857,0.006082532597601561,0.09112870065789473,0,0.0,0,0.02349505935999332,0.1909474604321938,0.016760268289646673,0.011004743022993061,0.24321795148460257,0.0010104203797757355,51214,0.5523880189010817,0.03657825646529857,0.24321795127501614,194560,760,0.4637166205793619,0.9067948190789473,40,1.0
66,1,0.1327884932081842,0.0,0.1111111111111111,0.6118626644736842,0.918311237996474,0.5618803608966502,0.13428785684886144,0.284375,0.06846841002403484,0.019470704100584907,0.010469572125676726,0.1037623355263158,0,0.0,0,0.03441642714544861,0.19147414044526062,0.03200771173636554,0.016796676981867403,0.2756957259438586,0.0010007696349164593,55328,0.49745156159629844,0.03618228490905542,0.2756957261381965,194560,760,0.47217815826205833,0.9426809210526316,40,1.0
67,1,0.13228470214759813,0.0,0.14814814814814814,0.6411184210526316,0.9250364301142294,0.5930578954909977,0.1239366568104168,0.2657534950657895,0.09171007678306099,0.024372273437850374,0.01222740676296924,0.09312808388157895,0,0.0,0,0.02610712286045064,0.18782314304262399,0.03267687789616529,0.021816240428251595,0.26974303149014717,0.0013196472626556275,51705,0.5605067208200367,0.036894860349007345,0.2697430313221718,194560,760,0.469996250871765,0.9279039884868421,40,1.0
68,1,0.13177462917388172,0.0,0.18518518518518517,0.6125873766447368,0.9184310358092854,0.5626192588555186,0.1591915635257273,0.28651315789473686,0.11605795677302215,0.03325213169384944,0.018021956624732795,0.10089946546052632,0,0.0,0,0.024427822113380227,0.18296653753832767,0.04439211939053054,0.0265571166955472,0.27974723682382674,0.0014036410860410941,55744,0.5798471584385764,0.03655016831073322,0.27974723571617355,194560,760,0.4597896241435879,0.8985300164473684,40,1.0
69,1,0.13125833022228447,0.0,0.2222222222222222,0.5829358552631579,0.9182001398978132,0.535251783854083,0.13908490345102587,0.3032123766447368,0.13848534558778125,0.041990470766138877,0.02230046525487284,0.11385176809210526,0,0.0,0,0.032720231989591606,0.18633780602953937,0.055271852681990606,0.03245477707413902,0.3082432082405604,0.0014585404652998,58993,0.5268252165511162,0.036424476594517106,0.3082432086334417,194560,760,0.45870907798801597,0.8961862664473684,40,1.0
70,1,0.13073586191080455,0.0,0.25925925925925924,0.642578125,0.9235235256035792,0.5934360154757374,0.09644711245782674,0.26217619243421053,0.15892197412768558,0.04166555807092472,0.019294661667663603,0.09524568256578947,0,0.0,0,0.025787487788904016,0.17935164799227526,0.054990849973993346,0.037451470270607676,0.29875865441476174,0.0011771983889813879,51009,0.5557646689799839,0.03660145699487705,0.29875865194358325,194560,760,0.4784352286277633,0.92470703125,40,1.0
71,1,0.13020728153398006,0.0,0.2962962962962963,0.6349557976973684,0.9181060576715464,0.5829567642196228,0.09941207823760219,0.26563013980263156,0.1813737578958631,0.04817833666640677,0.022825218716599538,0.0994140625,0,0.0,0,0.022171136261558307,0.1810871225144518,0.060237914181475984,0.04234051604019968,0.30726522396572353,0.0014285349680377341,51681,0.5722799481434183,0.03680715674142304,0.30726522270001866,194560,760,0.4756464649383959,0.9170744243421053,40,1.0
72,1,0.12967264705660586,0.0,0.33333333333333326,0.6157175164473684,0.9124084831344915,0.5617858852210798,0.11689497449092175,0.28075657894736844,0.2016670516815951,0.05661935151652678,0.027505730278177286,0.10352590460526316,0,0.0,0,0.021327525566448458,0.18089672812309704,0.06600545545419055,0.04562376631979358,0.3156000814707327,0.001746606007203043,54624,0.5788847393087287,0.03711096357652231,0.31560008467028017,194560,760,0.468529487401247,0.9097964638157895,40,1.0
73,1,0.12913201710737718,0.0,0.37037037037037035,0.5986893503289473,0.9269004430289538,0.5549254240566178,0.12490841618150865,0.2919150904605263,0.2350599729549886,0.06861755326880437,0.033150153756631835,0.10939555921052632,0,0.0,0,0.019981449153151757,0.18040467527155812,0.07337538062705572,0.05196749626079731,0.3280839987834766,0.002354997470913651,56795,0.6430319570384717,0.03709319369181206,0.32808399657277687,194560,760,0.43448380106373835,0.8410670230263158,40,1.0
74,1,0.12858545097246024,0.0,0.4074074074074074,0.6070723684210526,0.9213408834725594,0.5593205922528317,0.10844606409388545,0.2867907072368421,0.2558135690729765,0.07336495439521969,0.03299143411047561,0.10613692434210527,0,0.0,0,0.01987352171594179,0.1856299012703331,0.07688825720808602,0.05597520047519174,0.3410115850494874,0.002644704379934793,55798,0.6369224703394387,0.036904129905528146,0.3410115825894632,194560,760,0.4339783279127196,0.8349763569078947,40,1.0
75,1,0.12803300858899105,0.0,0.4444444444444444,0.6450400904605263,0.926726004480057,0.5977754257619381,0.10653368921668611,0.26087582236842105,0.27546682533656786,0.07186263459489534,0.0325852405187968,0.09408408717105263,0,0.0,0,0.018099799709575325,0.1813789954703105,0.07704915677289864,0.06138542570565877,0.34084098582501327,0.002927608166570089,50756,0.626763338324533,0.03670571106240938,0.34084098768469534,194560,760,0.4509492429267419,0.8630859375,40,1.0
76,1,0.1274747505385024,0.0,0.48148148148148157,0.618883634868421,0.9155430586173104,0.566614615995633,0.11604882360215446,0.27908100328947366,0.2972732558031408,0.08296331848066889,0.03736694756601202,0.10203536184210527,0,0.0,0,0.015684261014547174,0.17802320959928788,0.07994145082208176,0.06439006316731548,0.3419678869987737,0.003928902395541388,54298,0.6599506427492725,0.036937533784657715,0.34196788870582456,194560,760,0.4314457656913682,0.8293996710526316,40,1.0
77,1,0.1269107380402805,0.0,0.5185185185185185,0.6442434210526315,0.9240264380681201,0.5952979536040833,0.08838103062160754,0.2586451480263158,0.3204973581831158,0.08289508664931514,0.03605295240566576,0.09711143092105264,0,0.0,0,0.02137602324602133,0.17698779345342988,0.08862925374219612,0.0690758258266988,0.35832036819199503,0.0022514719236488945,50322,0.6106076864989468,0.03694962781706923,0.3583203642972206,194560,760,0.4626331248369656,0.8830643503289474,40,1.0
78,1,0.12634103294465165,0.0,0.5555555555555556,0.65361328125,0.9176866510268801,0.5998121831370028,0.08038293705995832,0.2529399671052632,0.3387015812825083,0.08567116682809826,0.036311852710787206,0.09344675164473684,0,0.0,0,0.014111802806713201,0.16939379663059587,0.08509058673043698,0.07266596462468655,0.34436539105923947,0.003103240266806863,49212,0.6064374542794441,0.03733625368852364,0.34436539519382153,194560,760,0.45588972827321605,0.8704358552631579,40,1.0
79,1,0.12576569772619958,0.0,0.5925925925925926,0.6087325246710527,0.9166486145449846,0.5579938253681911,0.10058492621725523,0.28065378289473686,0.36498943865670364,0.10243566667563037,0.04683252935493855,0.11061369243421053,0,0.0,0,0.02368602384085534,0.18298775096865078,0.10769486768901,0.0779484972014994,0.39689234775711346,0.004575208057097993,54604,0.5857263204160867,0.03711868438771681,0.3968923474220853,194560,760,0.4461891593117463,0.8514288651315789,40,1.0
80,1,0.12518479547691438,0.0,0.6296296296296298,0.6237561677631579,0.9147645903827352,0.5705900553025698,0.10332300521457861,0.2750256990131579,0.3891556369148646,0.10702780106742131,0.04594318299970933,0.10121813322368421,0,0.0,0,0.016329166249603365,0.1742539799723186,0.09362489333481584,0.0807956250421485,0.37007206030171635,0.005068395702830074,53509,0.6645611018707134,0.03740695918861189,0.37007205998034853,194560,760,0.43051323582859413,0.8212325246710527,40,1.0
81,1,0.12459838989927391,0.0,0.6666666666666665,0.6228772615131579,0.9153725155230865,0.5701647257334308,0.09201544355110902,0.2686574835526316,0.40071794710766867,0.10765587528432279,0.04755767385879728,0.10846525493421053,0,0.0,0,0.01750958206669709,0.18341388163205824,0.10581824068764323,0.0839594713533134,0.3969546201127161,0.006253444373004114,52270,0.6016835660991008,0.03704052965009683,0.39695462472736837,194560,760,0.44854829040797134,0.8526572779605263,40,1.0
82,1,0.1240065452992579,0.0,0.7037037037037036,0.5734118009868421,0.911253113997664,0.5225232892522687,0.12314831915213481,0.3041426809210526,0.43750583466759246,0.13306419747440437,0.06123620927284815,0.12244551809210526,0,0.0,0,0.0215637087015478,0.18749112621145814,0.12123684042512818,0.08771713976506836,0.4243825250648519,0.006373709961649422,59174,0.6169770507317403,0.03737706541524906,0.4243825222708677,194560,760,0.4332413907702032,0.8548057154605263,40,1.0
83,1,0.1234093265792963,0.0,0.7407407407407407,0.6130293996710526,0.9246939991994334,0.5668646072086535,0.11056103935024064,0.27828433388157897,0.45454161771700985,0.12649181130783338,0.055658165739211986,0.10868626644736842,0,0.0,0,0.019826072909735988,0.18530760563321805,0.11743107501264902,0.09188190046806781,0.4214483038091575,0.007001649785486638,54143,0.624882256247345,0.03735119332314322,0.42144830048476395,194560,760,0.4441355820353094,0.847424958881579,40,1.0
84,1,0.12280679923115176,0.0,0.7777777777777779,0.6156455592105263,0.9130579919921753,0.562120098071663,0.09011608978004293,0.2764134457236842,0.47456136332618853,0.13117514164432098,0.05362378309211253,0.10794099506578947,0,0.0,0,0.020186745033424814,0.18200626535047043,0.12225562056842428,0.09277451089251113,0.42345268048842855,0.00622953864359787,53779,0.6246304319529928,0.03757709446118066,0.42345268506752815,194560,760,0.44036117799972235,0.8463199013157895,40,1.0
85,1,0.1221990293287378,0.0,0.8148148148148148,0.6394582648026316,0.916656836078396,0.5861637898181614,0.08663398185377254,0.26026932565789473,0.49352282108423046,0.1284488518403745,0.0546161893200693,0.10027240953947368,0,0.0,0,0.01786962783685579,0.1764722564992936,0.10910764429863491,0.09718226968777342,0.4066868775797225,0.006055079257164739,50638,0.650934081124847,0.03771808488588584,0.4066868736359634,194560,760,0.44140320302624453,0.85244140625,40,1.0
86,1,0.12158608352087329,0.0,0.8518518518518519,0.6327713815789474,0.9222560107680865,0.5835772101032106,0.06772772072642845,0.26170333059210527,0.5173691966597015,0.1353972419116058,0.053152891976979415,0.10552528782894736,0,0.0,0,0.015371116883761715,0.1743633304967692,0.11521605886809425,0.0997617965826282,0.4117547938156891,0.007042490984435733,50917,0.6462870946835045,0.037943692686722465,0.4117547972617965,194560,760,0.43085239260996644,0.8318410773026316,40,1.0
87,1,0.12096802902397326,0.0,0.8888888888888888,0.6099917763157895,0.9095771642337153,0.5548345901072025,0.10313762867774226,0.2771792763157895,0.531860026809586,0.14742057733237743,0.06491439495309206,0.11282894736842106,0,0.0,0,0.021105440749134254,0.19231816216519004,0.13424719407370214,0.10534719871498689,0.45900742239360826,0.00598942669059493,53928,0.6034156653315532,0.037508039504877834,0.4590074256454643,194560,760,0.4495290061556979,0.8599198190789473,40,1.0
88,1,0.12034493361467813,0.0,0.9259259259259258,0.6287623355263158,0.9125209901649598,0.5737588289929064,0.08982791863688219,0.26592310855263157,0.5508772615829929,0.14649099383111064,0.06187830330914278,0.10531455592105263,0,0.0,0,0.0174042401635425,0.1829804279302296,0.13043039773371196,0.1070516820249037,0.4445201044977972,0.0066533566454094585,51738,0.610151146159496,0.03752178274781296,0.4445200989709089,194560,760,0.46636839110992456,0.8815018503289473,40,1.0
89,1,0.1197168656224212,0.0,0.9629629629629631,0.5784488075657894,0.9063867377612882,0.524298327651463,0.09746002862720113,0.2983655427631579,0.5801486720102393,0.17309637340766035,0.07285423078819325,0.12318564967105264,0,0.0,0,0.019651183510799648,0.19184669255229989,0.14359775770520952,0.107814755522833,0.4715653492857431,0.008654959994601086,58050,0.6303186907838071,0.037588970676848764,0.4715653526547708,194560,760,0.44555494551988023,0.8604543585526315,40,1.0
90,1,0.11908389392193551,0.0,1.0,0.62265625,0.9134022277467263,0.5687356058704226,0.07314122401753832,0.2669716282894737,0.5916645525876166,0.15795764900547893,0.06366355601257008,0.11037212171052632,0,0.0,0,0.019909833321243672,0.18418389071563357,0.1322091920497386,0.10947269217748393,0.4529865604793457,0.007210952215245925,51942,0.6008047437526471,0.038090014389078865,0.4529865608795693,194560,760,0.44973215190203564,0.877600740131579,40,1.0
91,2,0.11844608792570092,0.0012179748700879012,1.0,0.5941457648026316,0.9064251126125745,0.5385486417695096,0.10276011941635883,0.2850277549342105,0.5908020234669032,0.16839497435936018,0.07187751127210887,0.1208264802631579,0,0.0,0,0.019474165286488928,0.19232566507631227,0.14324011255153699,0.044256211268274406,0.40709687231482294,0.007800718132210405,55455,0.6150752862681453,0.03767787350929881,0.40709687349827667,194560,760,0.4463705965170735,0.8605211759868421,40,1.0
92,2,0.1178035175763324,0.004865965629214818,1.0,0.6168020148026315,0.9117410908609195,0.5623637418213644,0.08656863401656185,0.26883737664473684,0.5876511163459022,0.15798258450078337,0.06531085329081275,0.11436060855263158,0,0.0,0,0.015268490794895976,0.18165975717925711,0.13497719860292579,0.0391927547772464,0.37951038237726986,0.008412181022944614,52305,0.619348054679285,0.03765997658728769,0.379510382347201,194560,760,0.45105075061713396,0.8471217105263158,40,1.0
93,2,0.1171562533389098,0.010926199633097156,1.0,0.6224146792763158,0.9185275471875843,0.5717050286892214,0.07223204748864334,0.2664319490131579,0.6017701779489595,0.1603308013689361,0.06228163841817724,0.11115337171052632,0,0.0,0,0.015662218093348203,0.17544274904618137,0.13072203805572108,0.042440928565828435,0.3732956979262465,0.009027764165167403,51837,0.6390416112043521,0.037746524149061815,0.3732956974718131,194560,760,0.439020712497203,0.8308285361842105,40,1.0
94,2,0.11650436619325077,0.019369152030840553,1.0,0.6123560855263158,0.912698089089873,0.5588962291024233,0.09033426538256831,0.27158203125,0.5976979913677075,0.16232403456968697,0.06398546775606902,0.11606188322368421,0,0.0,0,0.01647090848342295,0.18502100718844877,0.13115035393030236,0.04109771396964789,0.38284710862741217,0.009107125055590203,52839,0.6375783039043131,0.03742884271533081,0.38284710892721224,194560,760,0.4342469978489374,0.8403217516447369,40,1.0
95,2,0.115847927626127,0.03015368960704579,1.0,0.6278577302631579,0.9148028240155767,0.574366024724747,0.06917781064066252,0.26226870888157894,0.5942113107340413,0.15584303326904775,0.06023615693036271,0.10987356085526316,0,0.0,0,0.016036868033360838,0.17935704375176054,0.12576771811827234,0.039882848237298034,0.3692342574108931,0.008189779270201382,51027,0.6378387912281733,0.03737786972993298,0.3692342575051283,194560,760,0.43313001155069,0.8261975740131579,40,1.0
96,2,0.11518700962342474,0.04322727117869957,1.0,0.6418174342105263,0.9146221448536739,0.5870204382821134,0.07747136517121506,0.25352590460526314,0.598761815753716,0.15180163098205077,0.05769663230810118,0.10465666118421052,0,0.0,0,0.015952368375253986,0.17442066852787608,0.12201290870036342,0.03871102998719404,0.35907644692166574,0.00797947133097822,49326,0.6487045371609294,0.0376542246655414,0.35907644562815366,194560,760,0.43128227852284906,0.829749177631579,40,1.0
97,2,0.11452168466225081,0.0585262035705365,1.0,0.6430047286184211,0.9172797566343419,0.5898152209818364,0.07209268070781898,0.2518965871710526,0.5828200847007164,0.1468103902708543,0.058867947888364525,0.10509868421052632,0,0.0,0,0.016807647040006583,0.17868932680668015,0.13306247208169417,0.04039098739820091,0.37740995293573515,0.00845951960915332,49009,0.5796486359648227,0.037181672316632774,0.37740995307501995,194560,760,0.4615546011218899,0.8838147615131579,40,1.0
98,2,0.11385202570298474,0.07597595192178702,1.0,0.6136615953947369,0.908213681634879,0.5573358568313874,0.09347368480122992,0.27239412006578945,0.5922339189875172,0.1613210372357188,0.06749259160990875,0.11394428453947368,0,0.0,0,0.01828595424862885,0.1756635772456464,0.13195962716678256,0.03940726220999893,0.3746195544617551,0.00930313359069834,52997,0.6261297809309961,0.03698623039710679,0.37461955415967263,194560,760,0.44118929768079207,0.8465306332236842,40,1.0
99,2,0.11317810618127784,0.09549150281252627,1.0,0.6341591282894737,0.9116927704343697,0.5781582925664751,0.05954827504189636,0.25492393092105264,0.584285823139117,0.14894843881606665,0.05493667562565717,0.11091694078947369,0,0.0,0,0.015363367730644409,0.17401241833638204,0.12621753942834116,0.03550720730306287,0.3601744250639029,0.009073892265472464,49598,0.6064760675833702,0.03700466186886555,0.36017442516198284,194560,760,0.44573849539615606,0.8372378700657894,40,1.0
100,2,0.11249999999999998,0.116977778440511,1.0,0.6330900493421052,0.9141842627185821,0.5787609599922833,0.07476280295522883,0.2547131990131579,0.5814535507319768,0.1481038939845013,0.05849349988612199,0.11219675164473684,0,0.0,0,0.014946365744368736,0.1747427721949,0.12241225116886198,0.03625662095256542,0.3572275883404348,0.008869578279738657,49557,0.6357527695381077,0.0371948942738144,0.35722758730775434,194560,760,0.45069805907183574,0.8569592927631579,40,1.0
101,2,0.11181778152113558,0.1403300998306744,1.0,0.6375873766447369,0.9079107040947607,0.5788724040514545,0.08024209715046086,0.25543277138157894,0.5769288775393006,0.1473665420799271,0.05888873934868331,0.10697985197368422,0,0.0,0,0.01361935469291271,0.17687877724437337,0.12345012349909858,0.03648861123739105,0.36037737510409085,0.009940508430315133,49697,0.628146568203312,0.036908686739441594,0.360377373722823,194560,760,0.45219274471072773,0.8756167763157895,40,1.0
102,2,0.1111315255576286,0.16543469682057088,1.0,0.6176449424342105,0.9119133421171393,0.563238663696929,0.08625808782373114,0.2638003700657895,0.5962690052008315,0.1572959842307395,0.060896680140132574,0.1185546875,0,0.0,0,0.015384509279101621,0.1806347589351629,0.13567206902233395,0.034980889845051266,0.37712760753900515,0.010455380457355395,51325,0.6211982464685826,0.03693593795362272,0.37712760646092264,194560,760,0.43759026070566553,0.8446032072368421,40,1.0
103,2,0.11044130736517904,0.19216926233717083,1.0,0.6312345805921052,0.9032294516188237,0.5701496640710454,0.07020344444042023,0.25830078125,0.5779342307129757,0.14928086330427937,0.05700108494094916,0.11046463815789474,0,0.0,0,0.01430216051766796,0.17301931917471322,0.12702673649856527,0.035702964492926474,0.36067588149582186,0.010624700811948922,50255,0.6034225450203959,0.036733759748504353,0.36067588074426904,194560,760,0.46137808053509183,0.8764237253289474,40,1.0
104,2,0.10974720263398964,0.2204035482646266,1.0,0.6141190378289474,0.9097991754608756,0.5587249942516026,0.07221511740752153,0.2686266447368421,0.5828527114702625,0.15656976825802735,0.06275127689770767,0.11725431743421053,0,0.0,0,0.01573390309012642,0.17938031254238204,0.12979719845185939,0.03876795266411807,0.3734034576751047,0.009724090926618757,52264,0.6234501760293892,0.03696218108954398,0.37340345739534025,194560,760,0.4462209983287673,0.860582853618421,40,1.0
105,2,0.10904928748046602,0.24999999999999997,1.0,0.6114155016447368,0.9120548934254761,0.5576445001912744,0.09068952521499198,0.27178248355263157,0.6039136518819407,0.1641331521598132,0.06310794474557042,0.11680201480263158,0,0.0,0,0.016884156372964896,0.17451002760545203,0.1297409932129085,0.03411604370137579,0.3655512884812656,0.0103000675885644,52878,0.6709784787624343,0.03673116548084899,0.36555128807300014,194560,760,0.41992944528005627,0.8131167763157895,40,1.0
106,2,0.10834763843886955,0.28081442660546135,1.0,0.6332442434210527,0.9144257972474292,0.5790548721426412,0.07302080441119248,0.25638877467105264,0.5849521187225813,0.14997515696051875,0.05835037760951213,0.11036698190789473,0,0.0,0,0.013928559808961214,0.17756497813878874,0.12672603501399096,0.03332575183361769,0.36189301765863907,0.010347692863280444,49883,0.6140368462201552,0.03671524757519364,0.3618930172175169,194560,760,0.43799168469482347,0.8343595805921052,40,1.0
107,2,0.10764233245292454,0.31269670329204385,1.0,0.6161903782894737,0.9015738914880106,0.5555411572519101,0.08079774700852699,0.2666015625,0.5777167582985338,0.15402019044482393,0.062359351580839995,0.11720805921052632,0,0.0,0,0.016366569970207485,0.17480011798049275,0.13262628354622344,0.034152170021675136,0.36908126580902667,0.011136124290427879,51870,0.6516097937150569,0.036332474541115135,0.36908126544011266,194560,760,0.45265079444568407,0.8565481085526315,40,1.0
108,2,0.10693344686738046,0.3454915028125263,1.0,0.636559416118421,0.9008957880772599,0.5734736968420053,0.08351002033787633,0.25537109375,0.5747877663213794,0.14678418055961007,0.05869890522505892,0.10806949013157895,0,0.0,0,0.013754210096636885,0.17386710613377784,0.12031103347085025,0.03392723423673919,0.3516795823068089,0.009819998368804686,49685,0.652712086142699,0.03692789472345459,0.3516795820703632,194560,760,0.4465059229025715,0.8585731907894737,40,1.0
109,2,0.10622105941953008,0.37903905220016615,1.0,0.6763157894736842,0.9103545211400503,0.6156871366657709,0.05091041011925738,0.2294407894736842,0.581442010691089,0.1334065139661298,0.046906382602173835,0.09424342105263157,0,0.0,0,0.012443334891347484,0.1676118373184612,0.11470974796010476,0.03335053432144617,0.3362337906694647,0.008118336178105031,44640,0.6093862007168459,0.03686190126463771,0.33623379139523757,194560,760,0.45550464299556453,0.8623560855263158,40,1.0
110,2,0.10550524823068501,0.41317591116653485,1.0,0.6095497532894737,0.9097302175946088,0.554525829694773,0.0897426035769872,0.27617701480263157,0.607424382244263,0.16775665260655315,0.06533334906286511,0.11427323190789473,0,0.0,0,0.014939409968639282,0.17614699094311187,0.1289198071940949,0.03182668800220678,0.3625087324043393,0.010675836296286434,53733,0.6641356335957419,0.0366634457372129,0.3625087329627652,194560,760,0.39812556067971805,0.7556126644736842,40,1.0
111,2,0.10478609179760852,0.4477357683661733,1.0,0.6145199424342105,0.9108866133723262,0.5597579892136548,0.07433183732087184,0.2647666529605263,0.5846120449441093,0.1547857744202606,0.06258116661950848,0.12071340460526316,0,0.0,0,0.018297000937960356,0.17827251306489894,0.13247601743297358,0.03366689556719441,0.372984142647566,0.010271715644538697,51513,0.6144662512375517,0.0366071273376675,0.3729841433661549,194560,760,0.4403276404659999,0.843359375,40,1.0
112,2,0.10406366898390773,0.4825502516487495,1.0,0.6418071546052632,0.9110012101794851,0.5846870945472467,0.08279507929630774,0.25461040296052634,0.5815333438337861,0.14806443900850258,0.058159685137338546,0.10358244243421053,0,0.0,0,0.015778389411111437,0.16915568197636227,0.11976855360951863,0.03316917454921886,0.3471997296176146,0.00932793007140342,49537,0.6298928073964916,0.03699864281929637,0.3471997290653618,194560,760,0.4252004868105838,0.8140470805921053,40,1.0
113,2,0.10333805901138504,0.5174497483512503,1.0,0.6554070723684211,0.9159418858931069,0.6003147898928115,0.06541655361070298,0.24228001644736843,0.576425072496275,0.13965627604507302,0.0521011224157471,0.10231291118421053,0,0.0,0,0.013978064079320144,0.17087897346600106,0.11683202370952227,0.03355851270454495,0.3460280990125045,0.010780525053116052,47138,0.6259917688489117,0.036450018380817614,0.34602809850322575,194560,760,0.44976287401820486,0.8518760279605263,40,1.0
114,2,0.10260934145135085,0.5522642316338265,1.0,0.6416889391447368,0.9074809900081372,0.5823205137723371,0.07073959303946284,0.2507761101973684,0.57232068968905,0.1435243563456951,0.0534960292288911,0.10753495065789474,0,0.0,0,0.01114929375019672,0.1710773240578802,0.11429129951437444,0.031011728769854495,0.33920530900146234,0.011675662909156496,48791,0.651554589985858,0.036333601127721764,0.33920530912123226,194560,760,0.4455039288064367,0.8447060032894737,40,1.0
115,2,0.1018775962158975,0.5868240888334652,1.0,0.6316817434210527,0.9037720721053146,0.5708963181627424,0.06817699883831665,0.25531969572368424,0.5637062420338678,0.1439253061936286,0.05777849607279916,0.11299856085526316,0,0.0,0,0.013204507563779389,0.17833815388577548,0.12779832556108503,0.032823442961824566,0.36280897187324096,0.010644541900776523,49675,0.5847005535983896,0.03610190619763575,0.3628089723226271,194560,760,0.45795287701644394,0.8628443667763158,40,1.0
116,2,0.10114290354913615,0.6209609477998338,1.0,0.6152703536184211,0.9104557711817562,0.5601764442889314,0.08820826556643863,0.2666272615131579,0.5854209187519119,0.1560891763993392,0.06265475939665185,0.11810238486842105,0,0.0,0,0.017619376191386867,0.17886931838369682,0.13150340045165074,0.032527117193921616,0.3720385992872654,0.011519387066609373,51875,0.6201060240963855,0.03637859797791431,0.3720385990644756,194560,760,0.44276522841108473,0.8467979029605263,40,1.0
117,2,0.10040534401839685,0.6545084971874738,1.0,0.6448704769736842,0.9194449108129191,0.5929228781869537,0.07433585485253533,0.24841694078947368,0.5855877597156586,0.1454699198323253,0.05506098346239397,0.1067125822368421,0,0.0,0,0.011540861049127814,0.17389128913024537,0.1251655673853269,0.029953048156672407,0.34971664028977495,0.009165874568402375,48332,0.6197550277249028,0.03651600669285184,0.3497166407343588,194560,760,0.4488165960304047,0.8482370476973684,40,1.0
118,2,0.09966499850539375,0.687303296707956,1.0,0.6098273026315789,0.9004688051383354,0.549130462541392,0.09243101347115283,0.27508223684210525,0.5805856559843225,0.15970880092660847,0.06426365088953294,0.11509046052631579,0,0.0,0,0.012745982013553944,0.17753631492194377,0.12761951417319084,0.03052792794806393,0.3594122097977455,0.010982470740993067,53520,0.6561846038863977,0.0363879577550841,0.35941220976804433,194560,760,0.43655408128703893,0.8267578125,40,1.0
119,2,0.09892194819735525,0.7191855733945388,1.0,0.6486893503289474,0.9076442627981267,0.5887791671643131,0.08770942035541673,0.24778474506578949,0.5755135110819771,0.14260346862536513,0.05510507875587791,0.10352590460526316,0,0.0,0,0.012040520345372466,0.17609659905888533,0.12175371522010353,0.030697515871571872,0.34997882086555415,0.009390470369620934,48209,0.6417266485511004,0.03661709157750011,0.34997882045021184,194560,760,0.4396529050249802,0.8478515625,40,1.0
120,2,0.09817627457812106,0.7499999999999999,1.0,0.6042557565789474,0.9096897336544442,0.5496852582614673,0.09263800949495482,0.27517475328947366,0.5882337970021834,0.16186708996660615,0.06407374470788789,0.12056949013157894,0,0.0,0,0.017467775028719764,0.174461349707685,0.12552916077210716,0.031142156616245448,0.35880711733884374,0.010206675214086365,53538,0.6793679255855654,0.03645886176902997,0.3588071162175191,194560,760,0.42579581900254676,0.8138980263157894,40,1.0
121,2,0.0974280594192065,0.7795964517353733,1.0,0.6508634868421053,0.9041805218532658,0.5884980871881309,0.07337575120434753,0.24844777960526315,0.5731632600893444,0.14240113932051157,0.052897518209034676,0.10068873355263158,0,0.0,0,0.011770257960674107,0.16891031736802115,0.1092444555196715,0.0321005764211479,0.33158025386014117,0.009554646590626553,48338,0.6579916421862717,0.03659465660978305,0.33158025402379665,194560,760,0.43456611976419623,0.8259611430921052,40,1.0
122,2,0.09667738477083537,0.8078307376628291,1.0,0.5986739309210526,0.9047002323209389,0.541620444388766,0.07813152566454128,0.2774259868421053,0.5874854236668934,0.1629837234161402,0.06353347201243435,0.12390008223684211,0,0.0,0,0.01551399159147159,0.17778512016919099,0.1315872313699832,0.03126535959149662,0.3686360761700321,0.012484373447889658,53976,0.6441010819623536,0.036142264154592624,0.3686360756033345,194560,760,0.42468203874795063,0.8033717105263158,40,1.0
123,2,0.0959243329529422,0.8345653031794289,1.0,0.6610402960526316,0.9137592827020987,0.6040317067582356,0.07281583797578749,0.23950452302631578,0.5705234945380661,0.13664295743464638,0.051402083343801724,0.09945518092105263,0,0.0,0,0.012163311140581131,0.17247435468200006,0.11159199545846174,0.02998775665893367,0.3348925277773646,0.00867510983738803,46598,0.6501566590840808,0.03635243633762002,0.3348925272492986,194560,760,0.4462039775558208,0.8435855263157894,40,1.0
124,2,0.09516898654614493,0.8596699001693255,1.0,0.5937243009868421,0.9045786148056099,0.5370703057631065,0.09395121231454572,0.28125,0.5896396722012793,0.16583615780660982,0.06562543781106606,0.12502569901315788,0,0.0,0,0.013789816284981115,0.17720239241852573,0.1307781085617056,0.030188746615067916,0.362217694177035,0.010258630296754601,54720,0.6497076023391812,0.036147292821030866,0.3622176954816831,194560,760,0.4213981527639063,0.8026469983552632,40,1.0
125,2,0.09441142838268907,0.883022221559489,1.0,0.637109375,0.9119858736066951,0.5810347499423906,0.07627691171303587,0.25420435855263157,0.5756058124676597,0.14632150633750776,0.056595161107466804,0.10868626644736842,0,0.0,0,0.01325960097624614,0.17986473646995269,0.12079857684622862,0.031082669412227055,0.3557542463071111,0.010748662602456629,49458,0.6397953819402321,0.03621252211497018,0.3557542446804674,194560,760,0.4539496751796258,0.8675061677631579,40,1.0
126,2,0.09365174153736408,0.9045084971874735,1.0,0.6230982730263158,0.9038212004701444,0.5631694291375186,0.06983849731224932,0.2637181332236842,0.5823329799406529,0.15357176638453415,0.0563199193952115,0.11318359375,0,0.0,0,0.010936749324671263,0.1743763498177654,0.11649287461156124,0.030363270795266885,0.3440476972566409,0.011878452707376135,51309,0.6748523650821493,0.036434907691651267,0.34404769747665054,194560,760,0.4215179346501827,0.8121659128289473,40,1.0
127,2,0.09289000931839357,0.9240240480782129,1.0,0.6457493832236842,0.9093504378396675,0.5872124843691525,0.08530660303505627,0.2473427220394737,0.5874564451432432,0.14530307622136254,0.05273721658036505,0.1069078947368421,0,0.0,0,0.010838788865964346,0.16974887667517913,0.11950205154716968,0.02960325356768934,0.33865432564645553,0.008961354990453018,48123,0.6716538869147809,0.03660525134029357,0.3386543259808892,194560,760,0.4176339914532084,0.8011975740131579,40,1.0
128,2,0.09212631525829919,0.9414737964294635,1.0,0.6195620888157894,0.9075822872131422,0.5623035776379861,0.08497373294452891,0.2651572779605263,0.5954571520980181,0.15788979759243757,0.05756722202365237,0.11528063322368422,0,0.0,0,0.01106083960828408,0.1772548691614678,0.12105126664973795,0.027241661003545706,0.3467129131346959,0.010104276711660387,51589,0.6739227354668631,0.036329987566722066,0.3467129125014732,194560,760,0.4059740264752978,0.7755550986842106,40,1.0
129,2,0.09136074310474071,0.9567727288213005,1.0,0.6338918585526315,0.9150560639929735,0.5800465890843617,0.07738977472518424,0.2574681332236842,0.5895116910092394,0.1517804745976862,0.057167553721534974,0.1086400082236842,0,0.0,0,0.010880027895894416,0.1761595398873875,0.12232863564093253,0.02740980040282011,0.3486302533951177,0.011852249568083176,50093,0.6609705946938694,0.03634607273301012,0.3486302537549483,194560,760,0.42753377131333475,0.802893708881579,40,1.0
130,2,0.09059337681133195,0.9698463103929543,1.0,0.6210834703947369,0.9088350737761176,0.5644624416373278,0.0764185131126157,0.26370785361842103,0.5770122092865958,0.15216265122259134,0.05723864242042366,0.1152086759868421,0,0.0,0,0.0143459063810664,0.17489775991753528,0.12408324917778372,0.03090749861182351,0.35427489357645087,0.010040479488241928,51307,0.642037148927047,0.03589095344374839,0.35427489404223467,194560,760,0.4387342642208463,0.8341796875,40,1.0
131,2,0.08982430052843443,0.9806308479691593,1.0,0.6267064144736842,0.903596415590263,0.5662896697458468,0.09237790286026307,0.26284950657894735,0.5799357885861238,0.1524358358773354,0.05894258974156784,0.11044407894736842,0,0.0,0,0.010845350783309091,0.16566385911091377,0.11515767916938977,0.028313480464643555,0.3299999484446935,0.010019578916437335,51140,0.6922174423152131,0.036579225923081764,0.3299999477831941,194560,760,0.42458685650245137,0.8098941200657894,40,1.0
132,2,0.08905359859392936,0.989073800366903,1.0,0.631640625,0.9113960901213256,0.5756747959867904,0.08363633631164895,0.25716488486842104,0.585858814625897,0.1506623146124184,0.05788073730655015,0.11119449013157895,0,0.0,0,0.009176362463193456,0.16834915824430555,0.11593609785563068,0.027810201295896578,0.33085120797436074,0.009579388115334472,50034,0.6652876044289883,0.03658140203670451,0.33085120779119037,194560,760,0.41578110589792855,0.7835115131578947,40,1.0
133,2,0.08828135552396875,0.9951340343707852,1.0,0.6402754934210526,0.9079153276311254,0.5813159343835554,0.07014894364708055,0.25406044407894735,0.5781932047690165,0.14689602236704608,0.05423405674090119,0.1056640625,0,0.0,0,0.009870171294345422,0.1712692706600616,0.116368172533418,0.028373866169468354,0.3354088007044476,0.009527320047154238,49430,0.6492413514060287,0.03626572503953388,0.3354087997620043,194560,760,0.4265457473891346,0.8067280016447368,40,1.0
134,2,0.08750765600370766,0.9987820251299121,1.0,0.6328844572368421,0.9125186741658977,0.577518885817967,0.07490811869808424,0.2559056332236842,0.5889512384459072,0.15071593961237292,0.055160658277179066,0.11120990953947368,0,0.0,0,0.010896751716791187,0.1743072082631682,0.1215306122003025,0.028829342987584446,0.34529696588451964,0.00973305071667327,49789,0.6340958846331519,0.03620839351788163,0.3452969659904116,194560,760,0.4140988015422696,0.7807462993421053,40,1.0
135,2,0.08673258487801729,1.0,1.0,0.6448858963815789,0.900670610565934,0.5808297740393563,0.0747708373525376,0.2506270559210526,0.5722298226087197,0.1434162757506496,0.05461788423310377,0.10448704769736843,0,0.0,0,0.008865230911454235,0.16594370394749078,0.11449687169423621,0.028288509465361898,0.3260230182732247,0.008428702254681604,48762,0.6324802099995899,0.036310526351199336,0.32602301939929784,194560,760,0.4322380461583012,0.8134508634868421,40,1.0
136,3,0.08595622714218089,1.0,1.0,0.6329255756578948,0.9006621038653705,0.5700520805622402,0.0879440165296393,0.2542917351973684,0.5698761620890197,0.14491479810523358,0.05968016627256906,0.11278268914473684,0,0.0,0,0.01125740116557082,0.17409213175506968,0.11662289421809346,0.02800653579595842,0.3397714420966497,0.009792479161957376,49475,0.6327438100050531,0.036265070496225044,0.33977144254665625,194560,760,0.44510416943383846,0.8489103618421052,40,1.0
137,3,0.08517866793257282,1.0,1.0,0.6041272615131579,0.896203684824471,0.5414210778710089,0.08644578082511496,0.27496916118421055,0.571452165265864,0.15713172254005545,0.058602806636573454,0.12090357730263158,0,0.0,0,0.009009909694692684,0.17752348574760712,0.11812590334662482,0.027488690800964832,0.3442776152814316,0.012129625691542108,53498,0.6793524991588471,0.03616885795797172,0.344277614943291,194560,760,0.4277284690424016,0.8123920641447369,40,1.0
138,3,0.08439999251732279,1.0,1.0,0.6513928865131579,0.9039753006107263,0.5888430804014206,0.07778199969815384,0.24575966282894737,0.5705267876769962,0.14021247097438103,0.052872567191278856,0.10284745065789473,0,0.0,0,0.012680120795228409,0.17103935463452025,0.11961782703568277,0.030474586918165812,0.3425858302593559,0.008773940875758663,47815,0.6336714420161037,0.03618887993752172,0.342585830233599,194560,760,0.43841932645361675,0.8421669407894737,40,1.0
139,3,0.083620286286965,1.0,1.0,0.6513260690789474,0.9138129638550501,0.5951902056210919,0.06960736814285874,0.24167351973684212,0.5715953299564182,0.1381394552557092,0.051101266750208055,0.10700041118421053,0,0.0,0,0.01065823483341343,0.16815957181939953,0.10834919191455762,0.029393063742471373,0.3268565737666167,0.010296511456774744,47020,0.6676945980433858,0.03627780199443039,0.3268565739455976,194560,760,0.439185970198167,0.8422080592105263,40,1.0
140,3,0.08283963474507404,1.0,1.0,0.6740439967105263,0.9069841329067256,0.6113472098974805,0.06591981528234962,0.2263414884868421,0.5640135302780668,0.1276596619698562,0.04572022329513474,0.09961451480263157,0,0.0,0,0.008541483950370764,0.15991881251041043,0.10836022050659123,0.02710181749180744,0.3125803177372482,0.008657983278068345,44037,0.6203646933260667,0.03618882001426659,0.3125803178274318,194560,760,0.4467351172119379,0.8328433388157894,40,1.0
141,3,0.08205812349888861,1.0,1.0,0.6361122532894737,0.9083257569047835,0.5777971439455685,0.07141442349621732,0.25348478618421055,0.5808470548419913,0.14723589150235056,0.053957319909118506,0.11040296052631579,0,0.0,0,0.008717638258109985,0.17018171872355436,0.11429069709817045,0.026557079969268094,0.33065292576802,0.010905791718917163,49318,0.6583397542479419,0.03636967683897207,0.33065292574465277,194560,760,0.4179073003757941,0.7941663240131579,40,1.0
142,3,0.08127583824992367,1.0,1.0,0.6523180509868421,0.8968288624666593,0.5850176556329978,0.07650347014055832,0.24498869243421054,0.5627371721198673,0.13786424398177155,0.0535533720523266,0.10269325657894737,0,0.0,0,0.009289935526038262,0.1719619090423772,0.11075918794070419,0.028503461505629515,0.3306469530367681,0.010132459022018961,47665,0.662897304101542,0.03632529576456076,0.3306469520848048,194560,760,0.44422308888874557,0.8454512746710526,40,1.0
143,3,0.08049286478457238,1.0,1.0,0.6509097450657895,0.9078578356321608,0.5909335123473092,0.09870204721197584,0.24485505756578949,0.5808037860149445,0.14221274445911772,0.05436703086904201,0.10423519736842106,0,0.0,0,0.009648709037336582,0.17046609317981884,0.11744852367249367,0.02615259785401194,0.3339794116611914,0.010263487917530399,47639,0.6726001805243603,0.036133748395858624,0.3339794114428131,194560,760,0.4258232111993589,0.8072368421052631,40,1.0
144,3,0.07970928896469849,1.0,1.0,0.64658203125,0.9066566665177941,0.5862279090834291,0.08296618439551247,0.2544973273026316,0.5869312564688453,0.1493724360816965,0.05286893034598937,0.09892064144736842,0,0.0,0,0.012036199692374794,0.17293154899226992,0.11429141744187003,0.028293494188079714,0.33791023088864963,0.01035757057405518,49515,0.669494092699182,0.03644572808652332,0.33791023088913213,194560,760,0.4176439222340521,0.8048930921052632,40,1.0
145,3,0.07892519671822079,1.0,1.0,0.65859375,0.9095304726348609,0.5990110847118654,0.07125501216566925,0.24086143092105264,0.5712378506298016,0.13758916609896052,0.04879892061243912,0.10054481907894737,0,0.0,0,0.010130328543547014,0.16431904165564398,0.10798875525667283,0.026784614181440132,0.3178478400980499,0.008625100460745957,46862,0.6769450727668473,0.035949677130893656,0.31784783833121,194560,760,0.4343449493968173,0.8259971217105263,40,1.0
146,3,0.07814067402969,1.0,1.0,0.6578176398026315,0.908605054689999,0.597696432588916,0.08763101949895682,0.24318976151315788,0.5735920820102169,0.13949172162990037,0.054425354175710754,0.09899259868421052,0,0.0,0,0.013174226363289084,0.1689870770530481,0.1168496589740052,0.028572395406663415,0.3379010037989371,0.01031764600193128,47315,0.642882806720913,0.03636928714909836,0.33790100334506284,194560,760,0.4269414266081233,0.8178094161184211,40,1.0
147,3,0.0773558069308596,1.0,1.0,0.6385022615131579,0.8943238230456401,0.5710277835397344,0.07899433115288909,0.2539525082236842,0.5663727286344076,0.14383177502619984,0.053850405946324925,0.10754523026315789,0,0.0,0,0.011338543365472058,0.16478955627075936,0.11000578097852046,0.029022495689752858,0.3250084196872424,0.009852043382737688,49409,0.6712137464834342,0.036103976292437626,0.32500841882275905,194560,760,0.4404682372941783,0.853186677631579,40,1.0
148,3,0.07657068149125179,1.0,1.0,0.66591796875,0.9035017144999207,0.6016580264819296,0.06382593431963439,0.2353515625,0.5666073341561239,0.13335192141760338,0.04655238386415141,0.09873046875,0,0.0,0,0.00774342002156405,0.1612695395260265,0.09558592067884379,0.02685508436082226,0.30092748160601906,0.009473517018762466,45790,0.6983184101332168,0.03640038279424372,0.30092748223166715,194560,760,0.429906977438613,0.8203484786184211,40,1.0
149,3,0.07578538380871845,1.0,1.0,0.6558439555921053,0.9065364506075357,0.5945464516548734,0.06378076371283417,0.23809621710526316,0.568451265156058,0.13534609584235832,0.04771375463644386,0.10605982730263158,0,0.0,0,0.00845435748116487,0.16656303530264843,0.10990963618173019,0.0245755493425225,0.319886939133905,0.01038436082583901,46324,0.6477635782747604,0.03605101229132791,0.31988693871780444,194560,760,0.4321293986941639,0.8110814144736842,40,1.0
150,3,0.075,1.0,1.0,0.6842002467105263,0.9101377074041717,0.6227164439464871,0.05837752077556951,0.21975740131578947,0.5619327870328897,0.12348888899248682,0.043550868944485524,0.09604235197368421,0,0.0,0,0.007200920594761173,0.16101925822072907,0.09870867241100457,0.0259182389688335,0.30257959474063495,0.009732504545306591,42756,0.6528206567499298,0.03649515069432949,0.30257959458976985,194560,760,0.44512188642432815,0.8526007401315789,40,1.0
151,3,0.07421461619128154,1.0,1.0,0.6540296052631579,0.9128466305396369,0.5970287214376424,0.07109159730485101,0.2394736842105263,0.5738048532793483,0.13741116223268604,0.04880084627136392,0.10649671052631579,0,0.0,0,0.009203951067013948,0.16978062581467002,0.10942236938954968,0.02685615836593666,0.3244455892782074,0.009182484641037023,46592,0.6831859546703297,0.03595506959153633,0.32444559043567434,194560,760,0.43485003674500866,0.8206979851973685,40,1.0
152,3,0.07342931850874826,1.0,1.0,0.6947985197368421,0.9091088756793243,0.6316475011016193,0.05194027539477439,0.20953947368421053,0.5471318466135621,0.11464571917527601,0.04209575962066944,0.09566200657894737,0,0.0,0,0.007623114475925257,0.16006499845534564,0.10145444579569525,0.025991970426157907,0.30365296975746264,0.00851844060433857,40768,0.592032967032967,0.03588316287159136,0.3036529685713743,194560,760,0.46833630690449163,0.8812191611842105,40,1.0
153,3,0.07264419306914036,1.0,1.0,0.6628752055921052,0.908859250267631,0.6024602623754426,0.05569161009809345,0.2284642269736842,0.5529483039413984,0.12632890681638137,0.046064254390014533,0.10866056743421053,0,0.0,0,0.008123256030759014,0.1662852831773068,0.11202063267977026,0.026032889287330607,0.3221548263030893,0.009692765127922604,44450,0.5924409448818898,0.035883722978791124,0.3221548261905187,194560,760,0.4695237372658755,0.8933902138157894,40,1.0
154,3,0.07185932597031004,1.0,1.0,0.6782020970394737,0.9023425354350363,0.6119705997799573,0.06721314982707172,0.22441920230263157,0.5552643196872689,0.12461197569133027,0.04527087550928914,0.09737870065789474,0,0.0,0,0.008328320664287802,0.15963332301103755,0.10165403386528947,0.025595278969328658,0.3039304208062899,0.008719464296346383,43663,0.6601012298742642,0.03622875431748597,0.3039304200167719,194560,760,0.45573051820852256,0.8547954358552632,40,1.0
155,3,0.07107480328177922,1.0,1.0,0.6810341282894737,0.9033057843943733,0.6151820674538613,0.07767809308532282,0.22639802631578948,0.5698716815627362,0.12901782395906355,0.046443680159159395,0.09256784539473684,0,0.0,0,0.009187886401885312,0.15671098283246943,0.10477708800646819,0.024552390971466116,0.30457687306721803,0.00934852485492899,44048,0.677147657101344,0.03614599037621366,0.3045768726224962,194560,760,0.4256245259391634,0.8007863898026316,40,1.0
156,3,0.07029071103530152,1.0,1.0,0.661389802631579,0.9043105148253768,0.5981017529180176,0.07579750957328973,0.23976665296052632,0.5776802595667181,0.13850846231768005,0.05029122991989808,0.09884354440789474,0,0.0,0,0.009074470217992233,0.16192708435027223,0.10466693454716158,0.024616072405325738,0.30932309880912445,0.009038537288372601,46649,0.6926193487534567,0.03620785269396085,0.3093230977850525,194560,760,0.41588051913208085,0.79052734375,40,1.0
157,3,0.06950713521542762,1.0,1.0,0.6556332236842105,0.9113325872029507,0.5974999219963425,0.07663402637822161,0.24306126644736842,0.5883588618268218,0.14300725008115955,0.0501586309278776,0.10130550986842106,0,0.0,0,0.007623799493472018,0.1660678205668534,0.10660819153938639,0.026634227147227844,0.3170844432134886,0.010150404466548935,47290,0.6902727849439628,0.03640930594778374,0.31708444354957654,194560,760,0.4117414200384366,0.793688322368421,40,1.0
158,3,0.06872416175007631,1.0,1.0,0.6807360197368421,0.9085666865829556,0.6184940698899721,0.06626774866905946,0.22320620888157894,0.5670645504501575,0.1265723284971165,0.046554005589017546,0.09605777138157895,0,0.0,0,0.008321806169949828,0.16037505642069796,0.10090715082509345,0.02665624019738875,0.30513908729144823,0.008878833678318187,43427,0.6600501991848389,0.03627820965392809,0.3051390864249123,194560,760,0.44290427173438823,0.8450143914473685,40,1.0
159,3,0.06794187650111144,1.0,1.0,0.6526418585526316,0.9082735845115794,0.5927773602698979,0.07298835214950439,0.24065583881578947,0.5700995702317022,0.1371977902826314,0.05110504747993362,0.10670230263157894,0,0.0,0,0.009468921117475378,0.1701581085296838,0.11493076586262568,0.023581094314393248,0.3281101279908112,0.009971238166633013,46822,0.641920464738798,0.03602548580322611,0.328110128405847,194560,760,0.43785037866940624,0.8226408305921052,40,1.0
160,3,0.06716036525492601,1.0,1.0,0.6644736842105263,0.9142583225623215,0.6075005959131216,0.06415231701194946,0.23020662006578949,0.5663295483546055,0.1303728111700988,0.048381519026282294,0.10531969572368421,0,0.0,0,0.009328038958751438,0.1626960478919117,0.10850926084983113,0.026562219648376892,0.3172236106562425,0.01012804330737134,44789,0.6275648038580901,0.035923019394670665,0.3172236100623482,194560,760,0.43840306469876517,0.8226768092105263,40,1.0
161,3,0.06637971371303501,1.0,1.0,0.6626901726973684,0.9125068228857577,0.6047093040456898,0.06867774353779264,0.23465254934210528,0.5728580528162686,0.1344226025044918,0.04936502308547987,0.10265727796052632,0,0.0,0,0.008191722372430377,0.16908278144209793,0.10922148666638685,0.0250407328005684,0.3212012755668318,0.009664552285348212,45654,0.6315547378104875,0.036061681856058146,0.32120127601450993,194560,760,0.43741229409842114,0.8207493832236842,40,1.0
162,3,0.06560000748267719,1.0,1.0,0.6603258634868421,0.9047021908527838,0.5973982553733023,0.07784016360865759,0.23949938322368422,0.5692560107323669,0.13633646346677683,0.04926809566095471,0.10017475328947369,0,0.0,0,0.00880271454213806,0.15936468776413484,0.10514568164699564,0.025339456143739975,0.3071502777428664,0.00849773764585782,46597,0.6841427559714145,0.0361822267160996,0.30715027803457096,194560,760,0.4341317372886758,0.8183645148026316,40,1.0
163,3,0.06482133206742717,1.0,1.0,0.6499331825657895,0.9029022154531372,0.5868261104351595,0.08177783735139345,0.24513774671052632,0.5764991605627255,0.14132170520085646,0.05079836157567211,0.10492907072368421,0,0.0,0,0.007874058284850386,0.16003051397243612,0.10169352151110377,0.02505537682065839,0.30458224635282505,0.00992877576377635,47694,0.7138214450454984,0.0362344209938065,0.304582245393019,194560,760,0.4249405602875509,0.8059467516447368,40,1.0
164,3,0.06404377285781913,1.0,1.0,0.6709087171052631,0.9041228050204112,0.6065838712218561,0.06999115839747613,0.23121916118421051,0.5533888420023915,0.12795410385649456,0.04949804541691648,0.09787212171052631,0,0.0,0,0.008702069953678324,0.160669821941931,0.10544187762823544,0.026617423243036398,0.3111754236072853,0.009744230840404175,44986,0.6509358467078646,0.03626152015242137,0.311175424605608,194560,760,0.44180231582569446,0.8332596628289474,40,1.0
165,3,0.0632674151219827,1.0,1.0,0.6667660361842105,0.9058698257167052,0.6040032329920091,0.07524907796239284,0.23163548519736843,0.5699438859902881,0.13201922856663403,0.04750161058833136,0.10159847861842106,0,0.0,0,0.006951600978515528,0.16041240026488116,0.10508510458136075,0.025711073936208303,0.3082728639208424,0.010112684159876631,45067,0.6593072536445737,0.03631652979376285,0.3082728631892487,194560,760,0.43188524379542,0.8243009868421053,40,1.0
166,3,0.06249234399629232,1.0,1.0,0.6786543996710527,0.9086356866332536,0.6166496064317853,0.06011271195234976,0.22517989309210526,0.5744194828904251,0.12934771774728832,0.04303476355639041,0.0961657072368421,0,0.0,0,0.007123800862609641,0.1590663341805339,0.09684916868756868,0.02379129799965181,0.2960508359530803,0.00922023422271626,43811,0.6853073429047499,0.03639918164301075,0.29605083634194573,194560,760,0.41084403605445435,0.7821751644736842,40,1.0
167,3,0.061718644476031245,1.0,1.0,0.6614823190789474,0.901660385657069,0.596432402926056,0.06393327090313267,0.23231393914473683,0.5503595275012141,0.12785618977964316,0.047493856708445636,0.1062037417763158,0,0.0,0,0.007244191535688802,0.1644200738568447,0.1103726928489969,0.024483563613734747,0.31731935096464253,0.010798829109377326,45199,0.6008761255779995,0.03631518186609212,0.3173193509445379,194560,760,0.4520070572432719,0.8544973273026316,40,1.0
168,3,0.06094640140607064,1.0,1.0,0.674573396381579,0.901303909129109,0.607995639153217,0.060533836019213166,0.22720497532894737,0.5526301833788014,0.12556032718061225,0.0444561372266004,0.09822162828947369,0,0.0,0,0.005854184739176784,0.1588994958879132,0.09642154295487623,0.02410615655936693,0.2947547274022011,0.009473347260867931,44205,0.653161407080647,0.036272648442536595,0.2947547278416,194560,760,0.43696080820732996,0.8310341282894737,40,1.0
169,3,0.06017569947156553,1.0,1.0,0.67119140625,0.9005239461090087,0.6044239337507047,0.06966029740226651,0.2305921052631579,0.5558979355128277,0.12818567526134614,0.047877335550239014,0.0982164884868421,0,0.0,0,0.007855209215784654,0.15807789454334661,0.10149304941541662,0.026349057923806343,0.30242903706725643,0.008653825968902216,44864,0.6711171540656206,0.036404691621857256,0.30242903559027534,194560,760,0.44521443879133776,0.8467927631578948,40,1.0
170,3,0.059406623188668045,1.0,1.0,0.6787983141447368,0.9123490408288708,0.6193009908262052,0.08192443921181716,0.22814041940789473,0.5772078690902823,0.13168444533979423,0.04684022851655946,0.09306126644736842,0,0.0,0,0.007270716004859424,0.15759946767632899,0.09892082925591814,0.024323723622058566,0.2978922958657725,0.009777559306607337,44387,0.695271137945795,0.036470174647279474,0.29789229615738516,194560,760,0.4090298089149751,0.7775133634868421,40,1.0
171,3,0.058639256895259305,1.0,1.0,0.6929070723684211,0.9022586530377503,0.6251814017954626,0.05734644874158364,0.21099917763157894,0.5434311529029638,0.11466352636190622,0.04202639967950649,0.09609375,0,0.0,0,0.00723424238634547,0.1600324618875196,0.10294352711153854,0.025150294656816286,0.3043964372077224,0.00903591116550256,41052,0.592200136412355,0.0360190387815237,0.30439643743202877,194560,760,0.46484588347375394,0.8902754934210526,40,1.0
172,3,0.05787368474170082,1.0,1.0,0.6841231496710526,0.9090267557498242,0.6218862472788284,0.06877187387037434,0.2210474917763158,0.5649137294935244,0.12487276297454772,0.04694045112486683,0.09482935855263158,0,0.0,0,0.007503126697242566,0.15853437290183808,0.09976680179396154,0.024781193762625518,0.2985076258570265,0.007922130701358823,43007,0.655428186109238,0.0362064113448325,0.2985076247077239,194560,760,0.43866479536028286,0.8227179276315789,40,1.0
173,3,0.05710999068160644,1.0,1.0,0.6742907072368421,0.9035226191059738,0.609236905841451,0.07294424644420168,0.22566303453947367,0.5639452112982233,0.12726158769556173,0.04668159344123284,0.10004625822368421,0,0.0,0,0.00783044491916754,0.15454967104290662,0.09813419110019152,0.022208996869035456,0.29130577960260684,0.008582475671305713,43905,0.6917663136317048,0.03621629442235357,0.29130577877359953,194560,760,0.43132413410042464,0.8053248355263158,40,1.0
174,3,0.0563482584626359,1.0,1.0,0.6404913651315789,0.9027261372938972,0.5781882960153254,0.08384238730527853,0.2492393092105263,0.5776465846339164,0.14397223572197712,0.04999491782417815,0.11026932565789474,0,0.0,0,0.00870720302386632,0.16751214042305945,0.11310394234023988,0.02572430426352902,0.3257186126166198,0.010671022565925102,48492,0.6709766559432484,0.03608252258089028,0.3257186122042568,194560,760,0.417049309376039,0.7944130345394737,40,1.0
175,3,0.05558857161731095,1.0,1.0,0.6770816200657894,0.9089334608133327,0.615422140179496,0.07487984306889733,0.22860814144736843,0.5672046690408722,0.1296676052097035,0.046623735694753886,0.0943102384868421,0,0.0,0,0.008257301765422055,0.16136017082945298,0.10134952949654115,0.025122025558038767,0.30561307877459176,0.00952405112513684,44478,0.6633616619452314,0.03626310379293404,0.3056130786475382,194560,760,0.4314383835972924,0.8336811266447368,40,1.0
176,3,0.05483101345385508,1.0,1.0,0.647717927631579,0.9049797112592495,0.5861715831254658,0.07696833647328037,0.24674136513157896,0.5751912403428514,0.1419234718539213,0.049629470066927174,0.1055407072368421,0,0.0,0,0.007035471053064899,0.16412394061488542,0.10283639098664647,0.023617740108778602,0.3082881649991951,0.010674622235819697,48006,0.6971420239136774,0.036187242520482915,0.30828816508384127,194560,760,0.4044934325900517,0.7659128289473685,40,1.0
177,3,0.054075667047057796,1.0,1.0,0.6816200657894737,0.9083645525431399,0.6191595060652808,0.06159359142766334,0.22594058388157895,0.5700324487717614,0.12879346430693803,0.04302618175095536,0.09243935032894737,0,0.0,0,0.006337310489930372,0.15593303761592037,0.09315701394685005,0.024457075656636768,0.28853955664853476,0.008655118939197182,43959,0.6981505493755545,0.03645221900292917,0.28853955759029637,194560,760,0.40679742858598106,0.7765779194078948,40,1.0
178,3,0.053322615229164615,1.0,1.0,0.7002878289473684,0.902128619530625,0.6317496924023879,0.07053502157397912,0.21225328947368421,0.5556642727212636,0.11794156972809057,0.044685233838390556,0.08745888157894736,0,0.0,0,0.007835452526954835,0.15580307855025718,0.09624398586977469,0.024088481767593248,0.29272098976931854,0.008749991054738577,41296,0.6711788066640837,0.036363893958102717,0.29272099044173955,194560,760,0.43341769928994933,0.8231548108552632,40,1.0
179,3,0.0525719405807935,1.0,1.0,0.6600997121710527,0.9064706488810854,0.5983610144179118,0.07326043929635107,0.23537212171052632,0.5720513208821366,0.13464493312333758,0.046905295155011115,0.10452816611842106,0,0.0,0,0.006594692472419028,0.1605371583253145,0.10308344238437712,0.0230725182671296,0.303063916629525,0.009776105180284695,45794,0.6806786915316417,0.03628766126930714,0.30306391698357305,194560,760,0.4036002003440731,0.7705026726973684,40,1.0
180,3,0.05182372542187895,1.0,1.0,0.6766447368421052,0.9072568560898391,0.6138905766371049,0.06340852065600062,0.22233244243421052,0.5547029147254067,0.12332845385627526,0.04631112900893449,0.10102282072368421,0,0.0,0,0.008696322153570546,0.168779706209898,0.11496720677486767,0.024828488775774052,0.326884402768812,0.009612678854701746,43257,0.5717224957810296,0.03588728568467655,0.3268844037659858,194560,760,0.45642149977778135,0.8712016858552631,40,1.0
181,3,0.051078051802644756,1.0,1.0,0.7111533717105263,0.910563845448429,0.647550548848353,0.0540314197353406,0.2042454769736842,0.5690212445348131,0.11622001549817229,0.03893302777463472,0.08460115131578948,0,0.0,0,0.006696419194677698,0.1425726645037924,0.09061806214679229,0.02252897894990287,0.269826184906476,0.007410060111310725,39738,0.6607277668730183,0.036519198967634066,0.26982618454647694,194560,760,0.43741546826143013,0.8121659128289473,40,1.0
182,3,0.05033500149460627,1.0,1.0,0.6505139802631579,0.9017717190192098,0.5866151102279362,0.07189717616297697,0.24134971217105264,0.5658599075376524,0.13657012581335087,0.050438825124384544,0.10813630756578947,0,0.0,0,0.006548866793194687,0.16142260367540937,0.10991570351792401,0.02300280652842239,0.31117803181815695,0.010288051303206501,46957,0.6381796111335903,0.03606813229424389,0.31117803103437547,194560,760,0.4299389076272124,0.808362458881579,40,1.0
183,3,0.04959465598160314,1.0,1.0,0.6919510690789473,0.9075901180595629,0.6280079524768026,0.06837321266250097,0.21907380756578948,0.5774324263310977,0.1265003202483058,0.0421066384885068,0.08897512335526316,0,0.0,0,0.006634467601313526,0.15415743442350313,0.0995502480036138,0.023334805524270787,0.292014717493577,0.008337761940875727,42623,0.6694742275297375,0.03640244635508249,0.29201471664403617,194560,760,0.4233531922690178,0.8061934621710526,40,1.0
184,3,0.04885709645086387,1.0,1.0,0.6977384868421053,0.904451839629787,0.6310708580048461,0.06532159011755874,0.21232010690789474,0.5637279625144895,0.1196907812680461,0.04105939330704706,0.08994140625,0,0.0,0,0.007173368913553484,0.15253735572883959,0.08806706873062801,0.023825965398236327,0.27974432967230983,0.008140570901052437,41309,0.6986855164734077,0.03652773682322157,0.27974432944075056,194560,760,0.41509991094077886,0.792737458881579,40,1.0
185,3,0.0481224037841025,1.0,1.0,0.6798622532894737,0.9070339873395937,0.6166581704428321,0.06169237655948995,0.22228618421052632,0.5590582924488073,0.12427093457969787,0.044026316334738545,0.0978515625,0,0.0,0,0.006083090882518598,0.15777897229908328,0.09668920740583226,0.02556703341830718,0.29471508648977185,0.008596782484030547,43248,0.6487236403995561,0.036364678219941104,0.29471508707655103,194560,760,0.4193336082132239,0.8079512746710527,40,1.0
186,3,0.04739065854864917,1.0,1.0,0.6591848273026316,0.9048707444802909,0.5964770654314443,0.07158293669835027,0.23607113486842105,0.5767132501313558,0.13614535145216475,0.048152561878515895,0.10474403782894737,0,0.0,0,0.006686641627234885,0.15709137636187828,0.09708706089785617,0.022329578627096978,0.2917287654236134,0.008534107909547043,45930,0.7089701720008709,0.03617261354076235,0.29172876425283517,194560,760,0.4144543089952908,0.7812448601973684,40,1.0
187,3,0.04666194098861496,1.0,1.0,0.6830797697368421,0.9016220690954709,0.6158797953473895,0.0659914995506896,0.22258943256578947,0.5578641094970844,0.12417465558177547,0.04358933717594482,0.09433079769736842,0,0.0,0,0.0056098230781284845,0.152629267002799,0.09160497076809407,0.023188595963936107,0.28176976502941936,0.008737108216461677,43307,0.6656429676495716,0.03647619575556171,0.281769765207642,194560,760,0.42848803910769917,0.8210063733552632,40,1.0
188,3,0.04593633101609228,1.0,1.0,0.6794613486842105,0.902573208905712,0.6132636098093108,0.08722307768092785,0.22557051809210527,0.5645213593575477,0.12733937550434157,0.04648345512564686,0.0949681332236842,0,0.0,0,0.006276799334591488,0.15573584314827857,0.10128685979074553,0.024422583723146665,0.29587663913910783,0.008154553142345608,43887,0.6794950668762959,0.036249719569949726,0.2958766390814593,194560,760,0.42879845741155903,0.8190583881578948,40,1.0
189,3,0.04521390820239145,1.0,1.0,0.6459755345394737,0.9025193194376451,0.5830053998059348,0.07402307102456689,0.24392989309210528,0.5585465517520111,0.1362462006558321,0.05144788722360605,0.11009457236842106,0,0.0,0,0.006517923697461619,0.16646634234409582,0.10771325458037226,0.023358338316412347,0.3133994708144057,0.009343611876063636,47459,0.6455677532185676,0.036020423226842756,0.313399470558292,194560,760,0.42654814984845485,0.8003700657894737,40,1.0
190,3,0.044494751769314986,1.0,1.0,0.6798673930921053,0.9098849550174013,0.6186011123814081,0.06124457848674961,0.2206517269736842,0.5530387370591393,0.12202895241544436,0.04317383836881307,0.09948087993421052,0,0.0,0,0.00551248358797717,0.15636313843883967,0.0936655839316939,0.023020652783544447,0.2877579488802784,0.009196090138223218,42930,0.6333566270673189,0.03617305574252417,0.2877579482566369,194560,760,0.44432129010950266,0.8411338404605263,40,1.0
191,3,0.043778940580469924,1.0,1.0,0.6621710526315789,0.9054037197513836,0.5995321341643208,0.08684488273176708,0.2387232730263158,0.5730844438627842,0.13680859415938978,0.048181275709679255,0.09910567434210527,0,0.0,0,0.007325865342978719,0.16134632944472527,0.1020098950664856,0.023861956994392374,0.303910930693099,0.009366883844517074,46446,0.6869267536493993,0.036159592406137996,0.3039109310625415,194560,760,0.4119847770976393,0.7851356907894737,40,1.0
192,3,0.04306655313261955,1.0,1.0,0.7103669819078947,0.909637709627006,0.6461765944173462,0.056636250530075476,0.20498560855263157,0.5468787749429015,0.11210227848618831,0.040417858754823864,0.08464740953947368,0,0.0,0,0.006073097369900145,0.15188681685218686,0.09000442564168847,0.02507314473782715,0.28068530936095876,0.007647824759356138,39882,0.6111779750263276,0.03630202474856847,0.2806853087128777,194560,760,0.4521906135113616,0.8618523848684211,40,1.0
193,3,0.042357667547075435,1.0,1.0,0.6672645970394737,0.9062994374163938,0.6047415289047517,0.08006447989518117,0.2338918585526316,0.574271430918103,0.13431741229111427,0.048591551761829145,0.09884354440789474,0,0.0,0,0.006361245088613176,0.15894856430394086,0.09689092754484399,0.022516537540053068,0.2936189213317458,0.00890164685429466,45506,0.7035116248406803,0.03643170618207047,0.29361892098462894,194560,760,0.41108386867532604,0.7779605263157895,40,1.0
194,3,0.04165236156113045,1.0,1.0,0.6832339638157895,0.9069021366308498,0.6196263416033042,0.0628235947019053,0.22509765625,0.5685610187585828,0.1279817527576693,0.04266395588607625,0.09166837993421052,0,0.0,0,0.00579668494760163,0.1595752295694853,0.09134312120609378,0.023397667037421153,0.28856039775824205,0.00844769499764018,43795,0.6904441146249571,0.03625647063906255,0.28856039667796146,194560,760,0.4095613912336136,0.7844469572368421,40,1.0
195,3,0.04095071251953399,1.0,1.0,0.6735197368421053,0.9038880550235473,0.608786444954182,0.06946604334577722,0.2263671875,0.5619241922483431,0.12720119898746673,0.047184590873994715,0.10011307565789473,0,0.0,0,0.006347466788008062,0.15588505115163953,0.09698631088249385,0.02267487969739657,0.2904788152719342,0.008585106752396219,44042,0.6806003360428682,0.03625333694447028,0.2904788145305295,194560,760,0.416876512236501,0.79130859375,40,1.0
196,3,0.04025279736601038,1.0,1.0,0.7010844983552632,0.9065977760633143,0.6356016470413459,0.05316673337886306,0.20797697368421053,0.5555703999521046,0.11554585045056516,0.040217368438300725,0.09093852796052632,0,0.0,0,0.004961986603455826,0.1537897774067364,0.09132617755645984,0.023124351003452347,0.2810872964703211,0.007885003900216696,40464,0.6388394622380388,0.03627875022786228,0.28108729694626833,194560,760,0.42341922111809255,0.8024208470394737,40,1.0
197,3,0.039558692634820966,1.0,1.0,0.7052580180921053,0.9026645523759083,0.6366114132106304,0.05765897588632805,0.2056126644736842,0.5524317847765776,0.11358697120786497,0.03922718338864414,0.08912931743421053,0,0.0,0,0.005101070848966054,0.15063639335138232,0.0915520258738022,0.022936412527372965,0.2775839686149495,0.007358066013425981,40004,0.6313368663133687,0.03617259905134377,0.27758396873740776,194560,760,0.4393419950612282,0.8252724095394737,40,1.0
198,3,0.03886847444237134,1.0,1.0,0.6706157483552632,0.8974372233127492,0.6018355351137488,0.06907419676426799,0.22854646381578947,0.5462575816048659,0.12484523860835715,0.046817642390286844,0.10083778782894737,0,0.0,0,0.007337895131633176,0.15890805091414797,0.10588292420939788,0.023072578922698376,0.30422787411757257,0.009026424939695157,44466,0.6025727522151756,0.03594848182248442,0.3042278748691866,194560,760,0.44646561881037133,0.8428042763157895,40,1.0
199,3,0.03818221847886444,1.0,1.0,0.6881990131578948,0.910788023821547,0.6268034191900178,0.0641981060010087,0.2193616365131579,0.5634733426565026,0.12360443457666981,0.04204990471541686,0.09243935032894737,0,0.0,0,0.006095475090382694,0.15146763928626714,0.09014746775899671,0.021413740121612426,0.2775119238371783,0.008387601579919359,42679,0.6767028280887556,0.036293044392215576,0.27751192345627046,194560,760,0.42335653695228853,0.7911646792763158,40,1.0
200,3,0.03749999999999999,1.0,1.0,0.6863178453947368,0.8975378042355482,0.6159962119632646,0.061343872966244814,0.21795333059210525,0.5457315275936444,0.11894400404815218,0.043635515710584036,0.0957288240131579,0,0.0,0,0.005236195621584653,0.15315314742099298,0.09430101957711343,0.02309338030062224,0.28448822615518826,0.008704483234875002,42405,0.6424006602994929,0.03608841810767588,0.2844882262674601,194560,760,0.43862079674083937,0.8255499588815789,40,1.0
201,3,0.03682189381872215,1.0,1.0,0.6840306332236842,0.8996048332501279,0.6153572637391718,0.07181798657770024,0.22041015625,0.5480295099701824,0.12079126992213883,0.04406337941580109,0.09555921052631579,0,0.0,0,0.004954695544821382,0.15549380086166295,0.09414787333409645,0.022883003063892068,0.2862890145157642,0.008809641711291318,42883,0.6375719982277359,0.03625755191437508,0.28628901425552994,194560,760,0.4360475485654254,0.8258018092105263,40,1.0
202,3,0.036147974297015245,1.0,1.0,0.6919510690789473,0.9058401481165189,0.6267970589038573,0.062266523664278026,0.21583573190789473,0.564371231031319,0.1218114777174043,0.04124909927700891,0.0922131990131579,0,0.0,0,0.004861878665312696,0.15506535807722494,0.08938115284974246,0.022130692461995703,0.28015367597884555,0.00871459392456975,41993,0.660538661205439,0.03614124292017598,0.2801536749656263,194560,760,0.40773998916541276,0.7816457648026316,40,1.0
203,3,0.03547831533774918,1.0,1.0,0.6971114309210527,0.9075116961436366,0.632636777076282,0.0628078029926033,0.21223787006578948,0.5667189713860247,0.12027922741284496,0.041510988998006246,0.09065069901315789,0,0.0,0,0.005363352232770443,0.15004063271182147,0.08948342881263478,0.021321591909386612,0.2743704238855877,0.008161418218974417,41293,0.6767006514421331,0.03619579791924671,0.2743704242925895,194560,760,0.4178741877016268,0.7869449013157894,40,1.0
204,3,0.03481299037657526,1.0,1.0,0.67958984375,0.9093807638595343,0.6180059312205566,0.07101509982572966,0.22294407894736842,0.5608101952608024,0.12502931244671345,0.04397328027131918,0.09746607730263158,0,0.0,0,0.00624332695362299,0.16242756091646457,0.1035554332487089,0.021777649272821453,0.30324592129109074,0.009241950899472853,43376,0.6196514201401697,0.03610674067841549,0.30324592115847687,194560,760,0.41638767929061465,0.7832339638157895,40,1.0
205,3,0.034152072373872994,1.0,1.0,0.6601305509868421,0.9027041468321616,0.5959025858264221,0.06844383241167586,0.23599403782894737,0.5589877175022986,0.1319177685501544,0.046553304889484455,0.10387541118421052,0,0.0,0,0.005423852532840101,0.15517667979982339,0.0952612914708688,0.02140714212859932,0.2872108571848443,0.009941891252712689,45915,0.6644451704236088,0.036135573690070914,0.28721085770153687,194560,760,0.4134642667480205,0.7772666529605263,40,1.0
206,3,0.03349563380674919,1.0,1.0,0.6812859786184211,0.9118295455971641,0.6212166843053541,0.07010112777536147,0.22765213815789473,0.580107477539591,0.13206270762327077,0.04369040853834074,0.0910618832236842,0,0.0,0,0.00532083149553632,0.1514478743860596,0.09110560314484725,0.021707795063327803,0.277603171356773,0.00802106726700195,44292,0.7091122550347693,0.036541847458207294,0.2776031711481904,194560,760,0.3904028259021671,0.7418996710526315,40,1.0
207,3,0.03284374666109022,1.0,1.0,0.7035875822368421,0.903432497092392,0.6356438863434289,0.05865982184155942,0.20960115131578946,0.5563768999783534,0.1166172388009727,0.038811789876413774,0.08681126644736842,0,0.0,0,0.004329944811654155,0.1469733065386352,0.08573156495725638,0.02159022434369514,0.2669344732018745,0.00830943255063367,40780,0.6644923982344286,0.03645910679509765,0.26693447373415297,194560,760,0.4263730766545785,0.8083213404605263,40,1.0
208,3,0.032196482423667634,1.0,1.0,0.7155427631578948,0.8980934628397963,0.6426242779744299,0.055321924219300087,0.20049342105263157,0.5487240817920412,0.11001556837245037,0.03891333128007031,0.08396381578947368,0,0.0,0,0.0040734197721528625,0.14497181161453848,0.08118679241865481,0.023416525376470463,0.2618770433719864,0.008228494190169792,39008,0.6521482772764561,0.03650881006921593,0.2618770429374356,194560,760,0.4325755962611813,0.8301603618421053,40,1.0
209,3,0.03155391207429908,1.0,1.0,0.6808490953947368,0.9090163789122252,0.6189029792813878,0.06116514176644973,0.22117598684210527,0.5666092727502985,0.12532036505443486,0.042512154319372615,0.09797491776315789,0,0.0,0,0.0049096161726323,0.15470317730582075,0.0932799150186934,0.021706552150610247,0.28339187394067844,0.008792613292921726,43032,0.6520263989589143,0.036192669851803465,0.28339187289147,194560,760,0.39937546239479593,0.7502672697368421,40,1.0
210,3,0.030916106078064515,1.0,1.0,0.6962736430921053,0.908396130597542,0.6324922832219224,0.06393436198000257,0.21675575657894736,0.5598663942734499,0.12135426387386887,0.04192787677686857,0.08697060032894736,0,0.0,0,0.004753972294259399,0.15392250862756843,0.08675793569878136,0.023351043862731836,0.27677630828642963,0.007990847803088591,42172,0.6645641657972114,0.03640096017012471,0.27677630880161336,194560,760,0.4143313986886489,0.797265625,40,1.0
211,3,0.03028313437757881,1.0,1.0,0.6698499177631579,0.908179046037021,0.6083436593021218,0.07906383005657086,0.23666735197368421,0.5766312820752034,0.13646979859392894,0.047270278886303696,0.0934827302631579,0,0.0,0,0.005393384208505985,0.16238457303690282,0.09211247242546003,0.02178588453876345,0.2903298723339915,0.008653558124359207,46046,0.7085523172479694,0.036420571019774986,0.2903298714835393,194560,760,0.38578178890441595,0.7365080180921053,40,1.0
212,3,0.029655066385321883,1.0,1.0,0.7094006990131579,0.9169772820971558,0.650504324898908,0.05412952628133721,0.20354646381578947,0.5685538249716338,0.11572712056191736,0.03898710096331534,0.08705283717105264,0,0.0,0,0.005140478360485041,0.15123306128539538,0.0893166157049372,0.020440090642751835,0.2736030754669398,0.007472829473370343,39602,0.6481490833796273,0.036203884681392656,0.2736030757721317,194560,760,0.4088528903495324,0.7668688322368421,40,1.0
213,3,0.029031970976026774,1.0,1.0,0.7009560032894737,0.9096074543111993,0.6375948057362908,0.06643158654853898,0.21270559210526316,0.5753821199207133,0.12238699450451684,0.04019692745519263,0.08633840460526315,0,0.0,0,0.004632905558039631,0.1520115635749933,0.08654709106164152,0.02228575375323233,0.27311289237266845,0.007635578424761709,41384,0.6793930021264257,0.036317508834365166,0.2731128922614612,194560,760,0.39489749909231536,0.7535721628289473,40,1.0
214,3,0.028413916479126722,1.0,1.0,0.7041837993421053,0.9105966891337246,0.6412274362225282,0.06276203710310112,0.20673828125,0.5640139192712481,0.11660326827121409,0.03969974476923725,0.08907791940789474,0,0.0,0,0.0049161898843426335,0.1507868701347003,0.08694340338268758,0.022153909767144608,0.27280139240610113,0.008001019237226022,40223,0.6670561618974219,0.036284763885563925,0.27280139193723074,194560,760,0.40605033102788424,0.7725328947368421,40,1.0
215,3,0.027800970671262203,1.0,1.0,0.6996145148026316,0.9080338823323008,0.6352736840122625,0.0706592552988839,0.21380550986842106,0.5700349252701631,0.12187660784019451,0.04067247246428834,0.08657997532894737,0,0.0,0,0.00468081448891194,0.15289165565842075,0.08552732345354008,0.021117401636744807,0.27234823983857304,0.008131044600955456,41598,0.6793836242127025,0.03651559819026213,0.27234823856698837,194560,760,0.3918359244340344,0.7514340049342105,40,1.0
216,3,0.027193200768848267,1.0,1.0,0.6969983552631579,0.9100880920763923,0.6343299033218308,0.05835630482699918,0.2123560855263158,0.5659327520406862,0.12017926389449521,0.04212191431954699,0.09064555921052632,0,0.0,0,0.005708895948574584,0.1537942616857196,0.09013382617237145,0.02008358643537289,0.2780676933768279,0.008347123134789351,41316,0.6501597444089456,0.03635125016107371,0.2780676924476498,194560,760,0.4029792391155895,0.765784333881579,40,1.0
217,3,0.026590673420703727,1.0,1.0,0.7173211348684211,0.9105603367086381,0.653164174094012,0.05183981658927606,0.19907997532894736,0.5668833933789316,0.11285513196826766,0.03521587836837984,0.08359888980263158,0,0.0,0,0.004436140060026542,0.14220071682020238,0.08141714660205732,0.021087802146610463,0.25665936568917364,0.007517560060276944,38733,0.6665117599979345,0.03657151203308451,0.25665936614141655,194560,760,0.3971972055733204,0.7573858963815789,40,1.0
218,3,0.025993454700742113,1.0,1.0,0.69833984375,0.9094660849609447,0.6351164036675503,0.06815411440942339,0.21278782894736842,0.5673170244981701,0.12071815796784664,0.042011505158274974,0.08887232730263157,0,0.0,0,0.005257065157715452,0.15298391980560203,0.09222853600880818,0.0218096796031061,0.28029160518252816,0.008012404607296431,41400,0.6423913043478261,0.03649789380693906,0.28029160449575435,194560,760,0.4075307609611436,0.7684981496710527,40,1.0
219,3,0.025401610100726096,1.0,1.0,0.7190172697368421,0.9138104927412685,0.6570455255477052,0.046717389648486124,0.1982935855263158,0.558143139256289,0.11067620432004333,0.03635331796371917,0.08268914473684211,0,0.0,0,0.0047633174039028265,0.14247589793644452,0.08328479014484114,0.02148720700097712,0.259991752375461,0.007980539889295438,38580,0.6317522032141005,0.036352523734891104,0.2599917523464874,194560,760,0.4171306358944429,0.7859580592105263,40,1.0
220,3,0.02481520452308563,1.0,1.0,0.696448396381579,0.9122280663883945,0.6353197739704659,0.05782475376281103,0.2141858552631579,0.5642714366319656,0.12085896025558836,0.04116282247889199,0.08936574835526316,0,0.0,0,0.00400458600400414,0.14888938535985194,0.08440777346442797,0.020397355638836562,0.26593575915668655,0.008236658689565957,41672,0.6484929928969092,0.036377639044076204,0.26593575985415985,194560,760,0.40817403973717437,0.7595240542763158,40,1.0
221,3,0.024234302273800454,1.0,1.0,0.7237253289473684,0.9097615286380241,0.6584174615772147,0.044050741691975606,0.1921875,0.5404380057732366,0.10386542923454391,0.03545342917786911,0.08408717105263158,0,0.0,0,0.0038947353977403652,0.14192819771307863,0.08139663633008144,0.021205510904914453,0.25640685441306377,0.007981774067248855,37392,0.6095956354300385,0.03624606326614556,0.25640685400484425,194560,760,0.43795926721864625,0.8247481496710526,40,1.0
222,3,0.023658967055348343,1.0,1.0,0.7046361019736842,0.9077020575271988,0.6395996395694582,0.05492639054887389,0.20837787828947368,0.5659792810438841,0.11793756173972629,0.03744070700087928,0.0869860197368421,0,0.0,0,0.004068892263565335,0.14376952721688308,0.08071242156377258,0.020921207211519546,0.25700696958187585,0.007534921326135334,40542,0.6725864535543387,0.03650066320245203,0.2570069694793538,194560,760,0.39555795369179625,0.7475791529605263,40,1.0
223,3,0.023089261959719505,1.0,1.0,0.6935084292763158,0.9018786103062334,0.6254604184313824,0.05912478364403605,0.21464329769736842,0.5604925505380367,0.12030596938229313,0.04294566740833321,0.09184827302631579,0,0.0,0,0.004253615037190397,0.1526940701039214,0.08642662720460641,0.021786951017811113,0.27354449292927474,0.008383229565745417,41761,0.6521874476185915,0.03644809383212736,0.2735444930038954,194560,760,0.40927105693048554,0.773668791118421,40,1.0
224,3,0.022525249461497584,1.0,1.0,0.7048262746710526,0.9153169030715697,0.6451394029353794,0.06321208292961512,0.20819284539473684,0.5736718437956897,0.11943437348266965,0.03921828195085063,0.08698087993421053,0,0.0,0,0.004712256364827657,0.1490447625909981,0.0847053462688468,0.019589409075285263,0.26587841187130457,0.007826637571346702,40506,0.6791092677628006,0.03643245235771725,0.2658784108334466,194560,760,0.38546485708732353,0.7204358552631579,40,1.0
225,3,0.021966991411008944,1.0,1.0,0.7039884868421052,0.9104476795248894,0.6409446842576328,0.059763844942330925,0.20834189967105263,0.5631614321798906,0.11733012260182908,0.04043267395739493,0.0876696134868421,0,0.0,0,0.004087477872388646,0.15260374326454965,0.08422592329596611,0.02167066291366753,0.27063278844617583,0.008044981099603894,40535,0.658492660663624,0.03656665446040662,0.2706327883232581,194560,760,0.39530865114770436,0.7582134046052632,40,1.0
