round,phase,lr,gate,aux_scale,a_ratio,a_mean_weight,a_effective_mass_per_u,a_wrong_mass_per_u,b_ratio,b_mean_weight,b_effective_mass_per_u,b_wrong_mass_per_u,c_ratio,b_score_only_candidates,b_score_only_accuracy,b_score_only_admitted,L_sup_effective,L_A_effective,L_B_effective,L_proto_effective,loss_reconstructed,L_feature_effective,teacher_b_visits,teacher_b_precision,bc_feature_std,repair_recover_gate,repair_correct_gate,repair_c0_a_visits,repair_c0_recover_visits,repair_c0_recover_correct,repair_c0_added_correct_weight,repair_c0_added_wrong_weight,repair_c0_correction_visits,repair_c0_correction_student_correct,repair_c0_correction_teacher_correct,repair_c0_correction_fix_visits,repair_c0_correction_harm_visits,repair_c0_old_wrong_weight,repair_c0_new_target_wrong_mass,repair_c0_prototype_removed_correct,repair_c0_prototype_removed_wrong,repair_c1_a_visits,repair_c1_recover_visits,repair_c1_recover_correct,repair_c1_added_correct_weight,repair_c1_added_wrong_weight,repair_c1_correction_visits,repair_c1_correction_student_correct,repair_c1_correction_teacher_correct,repair_c1_correction_fix_visits,repair_c1_correction_harm_visits,repair_c1_old_wrong_weight,repair_c1_new_target_wrong_mass,repair_c1_prototype_removed_correct,repair_c1_prototype_removed_wrong,repair_c2_a_visits,repair_c2_recover_visits,repair_c2_recover_correct,repair_c2_added_correct_weight,repair_c2_added_wrong_weight,repair_c2_correction_visits,repair_c2_correction_student_correct,repair_c2_correction_teacher_correct,repair_c2_correction_fix_visits,repair_c2_correction_harm_visits,repair_c2_old_wrong_weight,repair_c2_new_target_wrong_mass,repair_c2_prototype_removed_correct,repair_c2_prototype_removed_wrong,repair_c3_a_visits,repair_c3_recover_visits,repair_c3_recover_correct,repair_c3_added_correct_weight,repair_c3_added_wrong_weight,repair_c3_correction_visits,repair_c3_correction_student_correct,repair_c3_correction_teacher_correct,repair_c3_correction_fix_visits,repair_c3_correction_harm_visits,repair_c3_old_wrong_weight,repair_c3_new_target_wrong_mass,repair_c3_prototype_removed_correct,repair_c3_prototype_removed_wrong,repair_c4_a_visits,repair_c4_recover_visits,repair_c4_recover_correct,repair_c4_added_correct_weight,repair_c4_added_wrong_weight,repair_c4_correction_visits,repair_c4_correction_student_correct,repair_c4_correction_teacher_correct,repair_c4_correction_fix_visits,repair_c4_correction_harm_visits,repair_c4_old_wrong_weight,repair_c4_new_target_wrong_mass,repair_c4_prototype_removed_correct,repair_c4_prototype_removed_wrong,repair_c5_a_visits,repair_c5_recover_visits,repair_c5_recover_correct,repair_c5_added_correct_weight,repair_c5_added_wrong_weight,repair_c5_correction_visits,repair_c5_correction_student_correct,repair_c5_correction_teacher_correct,repair_c5_correction_fix_visits,repair_c5_correction_harm_visits,repair_c5_old_wrong_weight,repair_c5_new_target_wrong_mass,repair_c5_prototype_removed_correct,repair_c5_prototype_removed_wrong,repair_c6_a_visits,repair_c6_recover_visits,repair_c6_recover_correct,repair_c6_added_correct_weight,repair_c6_added_wrong_weight,repair_c6_correction_visits,repair_c6_correction_student_correct,repair_c6_correction_teacher_correct,repair_c6_correction_fix_visits,repair_c6_correction_harm_visits,repair_c6_old_wrong_weight,repair_c6_new_target_wrong_mass,repair_c6_prototype_removed_correct,repair_c6_prototype_removed_wrong,repair_c7_a_visits,repair_c7_recover_visits,repair_c7_recover_correct,repair_c7_added_correct_weight,repair_c7_added_wrong_weight,repair_c7_correction_visits,repair_c7_correction_student_correct,repair_c7_correction_teacher_correct,repair_c7_correction_fix_visits,repair_c7_correction_harm_visits,repair_c7_old_wrong_weight,repair_c7_new_target_wrong_mass,repair_c7_prototype_removed_correct,repair_c7_prototype_removed_wrong,repair_c8_a_visits,repair_c8_recover_visits,repair_c8_recover_correct,repair_c8_added_correct_weight,repair_c8_added_wrong_weight,repair_c8_correction_visits,repair_c8_correction_student_correct,repair_c8_correction_teacher_correct,repair_c8_correction_fix_visits,repair_c8_correction_harm_visits,repair_c8_old_wrong_weight,repair_c8_new_target_wrong_mass,repair_c8_prototype_removed_correct,repair_c8_prototype_removed_wrong,repair_c9_a_visits,repair_c9_recover_visits,repair_c9_recover_correct,repair_c9_added_correct_weight,repair_c9_added_wrong_weight,repair_c9_correction_visits,repair_c9_correction_student_correct,repair_c9_correction_teacher_correct,repair_c9_correction_fix_visits,repair_c9_correction_harm_visits,repair_c9_old_wrong_weight,repair_c9_new_target_wrong_mass,repair_c9_prototype_removed_correct,repair_c9_prototype_removed_wrong,loss_observed,u_visits,local_steps,trust_authority_mean,trust_valid_fraction,trust_refreshes,trusted_weight_gate
1,1,0.1499958877024134,0.0,0.0,0.05389597039473684,1.0,0.05389597039473684,0.02872121710526316,0.0,0.0,0.0,0.0,0.9461040296052632,0,0.0,0,1.1554591883954248,0.031703642137946235,0.0,0.0,1.187162830533371,0.0,0,0.0,0.0,0.0,0.0,0.0,0.0,0.0,0.0,0.0,0.0,0.0,0.0,0.0,0.0,0.0,0.0,0.0,0.0,0.0,0.0,0.0,0.0,0.0,0.0,0.0,0.0,0.0,0.0,0.0,0.0,0.0,0.0,0.0,0.0,0.0,0.0,0.0,0.0,0.0,0.0,0.0,0.0,0.0,0.0,0.0,0.0,0.0,0.0,0.0,0.0,0.0,0.0,0.0,0.0,0.0,0.0,0.0,0.0,0.0,0.0,0.0,0.0,0.0,0.0,0.0,0.0,0.0,0.0,0.0,0.0,0.0,0.0,0.0,0.0,0.0,0.0,0.0,0.0,0.0,0.0,0.0,0.0,0.0,0.0,0.0,0.0,0.0,0.0,0.0,0.0,0.0,0.0,0.0,0.0,0.0,0.0,0.0,0.0,0.0,0.0,0.0,0.0,0.0,0.0,0.0,0.0,0.0,0.0,0.0,0.0,0.0,0.0,0.0,0.0,0.0,0.0,0.0,0.0,0.0,0.0,0.0,0.0,0.0,0.0,0.0,0.0,0.0,0.0,0.0,0.0,0.0,0.0,0.0,0.0,0.0,0.0,0.0,0.0,0.0,0.0,0.0,0.0,0.0,0.0,1.1871628301708321,194560,760,0.0,0.0,0,0.0
2,1,0.14998355126061344,0.0,0.0,0.09188939144736842,1.0,0.09188939144736842,0.04904913651315789,0.0,0.0,0.0,0.0,0.9081106085526316,0,0.0,0,0.9444903954079277,0.06102767757461391,0.0,0.0,1.0055180729825415,0.0,0,0.0,0.0,0.0,0.0,0.0,0.0,0.0,0.0,0.0,0.0,0.0,0.0,0.0,0.0,0.0,0.0,0.0,0.0,0.0,0.0,0.0,0.0,0.0,0.0,0.0,0.0,0.0,0.0,0.0,0.0,0.0,0.0,0.0,0.0,0.0,0.0,0.0,0.0,0.0,0.0,0.0,0.0,0.0,0.0,0.0,0.0,0.0,0.0,0.0,0.0,0.0,0.0,0.0,0.0,0.0,0.0,0.0,0.0,0.0,0.0,0.0,0.0,0.0,0.0,0.0,0.0,0.0,0.0,0.0,0.0,0.0,0.0,0.0,0.0,0.0,0.0,0.0,0.0,0.0,0.0,0.0,0.0,0.0,0.0,0.0,0.0,0.0,0.0,0.0,0.0,0.0,0.0,0.0,0.0,0.0,0.0,0.0,0.0,0.0,0.0,0.0,0.0,0.0,0.0,0.0,0.0,0.0,0.0,0.0,0.0,0.0,0.0,0.0,0.0,0.0,0.0,0.0,0.0,0.0,0.0,0.0,0.0,0.0,0.0,0.0,0.0,0.0,0.0,0.0,0.0,0.0,0.0,0.0,0.0,0.0,0.0,0.0,0.0,0.0,0.0,0.0,0.0,0.0,0.0,1.0055180719808527,194560,760,0.0,0.0,0,0.0
3,1,0.14996299202742983,0.0,0.0,0.14249074835526315,1.0,0.14249074835526315,0.07471731085526316,0.0,0.0,0.0,0.0,0.8575092516447368,0,0.0,0,0.7477427407314903,0.08963844274473894,0.0,0.0,0.8373811834762293,0.0,0,0.0,0.0,0.0,0.0,0.0,0.0,0.0,0.0,0.0,0.0,0.0,0.0,0.0,0.0,0.0,0.0,0.0,0.0,0.0,0.0,0.0,0.0,0.0,0.0,0.0,0.0,0.0,0.0,0.0,0.0,0.0,0.0,0.0,0.0,0.0,0.0,0.0,0.0,0.0,0.0,0.0,0.0,0.0,0.0,0.0,0.0,0.0,0.0,0.0,0.0,0.0,0.0,0.0,0.0,0.0,0.0,0.0,0.0,0.0,0.0,0.0,0.0,0.0,0.0,0.0,0.0,0.0,0.0,0.0,0.0,0.0,0.0,0.0,0.0,0.0,0.0,0.0,0.0,0.0,0.0,0.0,0.0,0.0,0.0,0.0,0.0,0.0,0.0,0.0,0.0,0.0,0.0,0.0,0.0,0.0,0.0,0.0,0.0,0.0,0.0,0.0,0.0,0.0,0.0,0.0,0.0,0.0,0.0,0.0,0.0,0.0,0.0,0.0,0.0,0.0,0.0,0.0,0.0,0.0,0.0,0.0,0.0,0.0,0.0,0.0,0.0,0.0,0.0,0.0,0.0,0.0,0.0,0.0,0.0,0.0,0.0,0.0,0.0,0.0,0.0,0.0,0.0,0.0,0.0,0.8373811825717751,194560,760,0.0,0.0,0,0.0
4,1,0.14993421225741438,0.0,0.0,0.19288137335526315,1.0,0.19288137335526315,0.09500925164473684,0.0,0.0,0.0,0.0,0.8071186266447369,0,0.0,0,0.6312946542509292,0.11625495128350131,0.0,0.0,0.7475496055344305,0.0,0,0.0,0.0,0.0,0.0,0.0,0.0,0.0,0.0,0.0,0.0,0.0,0.0,0.0,0.0,0.0,0.0,0.0,0.0,0.0,0.0,0.0,0.0,0.0,0.0,0.0,0.0,0.0,0.0,0.0,0.0,0.0,0.0,0.0,0.0,0.0,0.0,0.0,0.0,0.0,0.0,0.0,0.0,0.0,0.0,0.0,0.0,0.0,0.0,0.0,0.0,0.0,0.0,0.0,0.0,0.0,0.0,0.0,0.0,0.0,0.0,0.0,0.0,0.0,0.0,0.0,0.0,0.0,0.0,0.0,0.0,0.0,0.0,0.0,0.0,0.0,0.0,0.0,0.0,0.0,0.0,0.0,0.0,0.0,0.0,0.0,0.0,0.0,0.0,0.0,0.0,0.0,0.0,0.0,0.0,0.0,0.0,0.0,0.0,0.0,0.0,0.0,0.0,0.0,0.0,0.0,0.0,0.0,0.0,0.0,0.0,0.0,0.0,0.0,0.0,0.0,0.0,0.0,0.0,0.0,0.0,0.0,0.0,0.0,0.0,0.0,0.0,0.0,0.0,0.0,0.0,0.0,0.0,0.0,0.0,0.0,0.0,0.0,0.0,0.0,0.0,0.0,0.0,0.0,0.0,0.7475496047813641,194560,760,0.0,0.0,0,0.0
5,1,0.149897215106593,0.0,0.0,0.1875,1.0,0.1875,0.0844006990131579,0.0,0.0,0.0,0.0,0.8125,0,0.0,0,0.6868470145242387,0.11310764059874265,0.0,0.0,0.7999546551229814,0.0,0,0.0,0.0,0.0,0.0,0.0,0.0,0.0,0.0,0.0,0.0,0.0,0.0,0.0,0.0,0.0,0.0,0.0,0.0,0.0,0.0,0.0,0.0,0.0,0.0,0.0,0.0,0.0,0.0,0.0,0.0,0.0,0.0,0.0,0.0,0.0,0.0,0.0,0.0,0.0,0.0,0.0,0.0,0.0,0.0,0.0,0.0,0.0,0.0,0.0,0.0,0.0,0.0,0.0,0.0,0.0,0.0,0.0,0.0,0.0,0.0,0.0,0.0,0.0,0.0,0.0,0.0,0.0,0.0,0.0,0.0,0.0,0.0,0.0,0.0,0.0,0.0,0.0,0.0,0.0,0.0,0.0,0.0,0.0,0.0,0.0,0.0,0.0,0.0,0.0,0.0,0.0,0.0,0.0,0.0,0.0,0.0,0.0,0.0,0.0,0.0,0.0,0.0,0.0,0.0,0.0,0.0,0.0,0.0,0.0,0.0,0.0,0.0,0.0,0.0,0.0,0.0,0.0,0.0,0.0,0.0,0.0,0.0,0.0,0.0,0.0,0.0,0.0,0.0,0.0,0.0,0.0,0.0,0.0,0.0,0.0,0.0,0.0,0.0,0.0,0.0,0.0,0.0,0.0,0.0,0.799954655217497,194560,760,0.0,0.0,0,0.0
6,1,0.14985200463212037,0.0,0.0,0.2379677220394737,1.0,0.2379677220394737,0.10770970394736842,0.0,0.0,0.0,0.0,0.7620322779605263,0,0.0,0,0.45530760703902495,0.14793022270637027,0.0,0.0,0.6032378297453952,0.0,0,0.0,0.0,0.0,0.0,0.0,0.0,0.0,0.0,0.0,0.0,0.0,0.0,0.0,0.0,0.0,0.0,0.0,0.0,0.0,0.0,0.0,0.0,0.0,0.0,0.0,0.0,0.0,0.0,0.0,0.0,0.0,0.0,0.0,0.0,0.0,0.0,0.0,0.0,0.0,0.0,0.0,0.0,0.0,0.0,0.0,0.0,0.0,0.0,0.0,0.0,0.0,0.0,0.0,0.0,0.0,0.0,0.0,0.0,0.0,0.0,0.0,0.0,0.0,0.0,0.0,0.0,0.0,0.0,0.0,0.0,0.0,0.0,0.0,0.0,0.0,0.0,0.0,0.0,0.0,0.0,0.0,0.0,0.0,0.0,0.0,0.0,0.0,0.0,0.0,0.0,0.0,0.0,0.0,0.0,0.0,0.0,0.0,0.0,0.0,0.0,0.0,0.0,0.0,0.0,0.0,0.0,0.0,0.0,0.0,0.0,0.0,0.0,0.0,0.0,0.0,0.0,0.0,0.0,0.0,0.0,0.0,0.0,0.0,0.0,0.0,0.0,0.0,0.0,0.0,0.0,0.0,0.0,0.0,0.0,0.0,0.0,0.0,0.0,0.0,0.0,0.0,0.0,0.0,0.0,0.6032378292397449,194560,760,0.0,0.0,0,0.0
7,1,0.14979858579183433,0.0,0.0,0.25628083881578945,1.0,0.25628083881578945,0.12670641447368422,0.0,0.0,0.0,0.0,0.7437191611842106,0,0.0,0,0.446736195056062,0.1562769216343602,0.0,0.0,0.6030131166904222,0.0,0,0.0,0.0,0.0,0.0,0.0,0.0,0.0,0.0,0.0,0.0,0.0,0.0,0.0,0.0,0.0,0.0,0.0,0.0,0.0,0.0,0.0,0.0,0.0,0.0,0.0,0.0,0.0,0.0,0.0,0.0,0.0,0.0,0.0,0.0,0.0,0.0,0.0,0.0,0.0,0.0,0.0,0.0,0.0,0.0,0.0,0.0,0.0,0.0,0.0,0.0,0.0,0.0,0.0,0.0,0.0,0.0,0.0,0.0,0.0,0.0,0.0,0.0,0.0,0.0,0.0,0.0,0.0,0.0,0.0,0.0,0.0,0.0,0.0,0.0,0.0,0.0,0.0,0.0,0.0,0.0,0.0,0.0,0.0,0.0,0.0,0.0,0.0,0.0,0.0,0.0,0.0,0.0,0.0,0.0,0.0,0.0,0.0,0.0,0.0,0.0,0.0,0.0,0.0,0.0,0.0,0.0,0.0,0.0,0.0,0.0,0.0,0.0,0.0,0.0,0.0,0.0,0.0,0.0,0.0,0.0,0.0,0.0,0.0,0.0,0.0,0.0,0.0,0.0,0.0,0.0,0.0,0.0,0.0,0.0,0.0,0.0,0.0,0.0,0.0,0.0,0.0,0.0,0.0,0.0,0.6030131168859569,194560,760,0.0,0.0,0,0.0
8,1,0.14973696444371284,0.0,0.0,0.30703125,1.0,0.30703125,0.10691817434210527,0.0,0.0,0.0,0.0,0.69296875,0,0.0,0,0.3704472061491718,0.18063670493368256,0.0,0.0,0.5510839110828544,0.0,0,0.0,0.0,0.0,0.0,0.0,0.0,0.0,0.0,0.0,0.0,0.0,0.0,0.0,0.0,0.0,0.0,0.0,0.0,0.0,0.0,0.0,0.0,0.0,0.0,0.0,0.0,0.0,0.0,0.0,0.0,0.0,0.0,0.0,0.0,0.0,0.0,0.0,0.0,0.0,0.0,0.0,0.0,0.0,0.0,0.0,0.0,0.0,0.0,0.0,0.0,0.0,0.0,0.0,0.0,0.0,0.0,0.0,0.0,0.0,0.0,0.0,0.0,0.0,0.0,0.0,0.0,0.0,0.0,0.0,0.0,0.0,0.0,0.0,0.0,0.0,0.0,0.0,0.0,0.0,0.0,0.0,0.0,0.0,0.0,0.0,0.0,0.0,0.0,0.0,0.0,0.0,0.0,0.0,0.0,0.0,0.0,0.0,0.0,0.0,0.0,0.0,0.0,0.0,0.0,0.0,0.0,0.0,0.0,0.0,0.0,0.0,0.0,0.0,0.0,0.0,0.0,0.0,0.0,0.0,0.0,0.0,0.0,0.0,0.0,0.0,0.0,0.0,0.0,0.0,0.0,0.0,0.0,0.0,0.0,0.0,0.0,0.0,0.0,0.0,0.0,0.0,0.0,0.0,0.0,0.5510839100534979,194560,760,0.0,0.0,0,0.0
9,1,0.149667147345231,0.0,0.0,0.3442485608552632,1.0,0.3442485608552632,0.15990439967105263,0.0,0.0,0.0,0.0,0.6557514391447369,0,0.0,0,0.30352499693828194,0.18792449882511345,0.0,0.0,0.49144949576339536,0.0,0,0.0,0.0,0.0,0.0,0.0,0.0,0.0,0.0,0.0,0.0,0.0,0.0,0.0,0.0,0.0,0.0,0.0,0.0,0.0,0.0,0.0,0.0,0.0,0.0,0.0,0.0,0.0,0.0,0.0,0.0,0.0,0.0,0.0,0.0,0.0,0.0,0.0,0.0,0.0,0.0,0.0,0.0,0.0,0.0,0.0,0.0,0.0,0.0,0.0,0.0,0.0,0.0,0.0,0.0,0.0,0.0,0.0,0.0,0.0,0.0,0.0,0.0,0.0,0.0,0.0,0.0,0.0,0.0,0.0,0.0,0.0,0.0,0.0,0.0,0.0,0.0,0.0,0.0,0.0,0.0,0.0,0.0,0.0,0.0,0.0,0.0,0.0,0.0,0.0,0.0,0.0,0.0,0.0,0.0,0.0,0.0,0.0,0.0,0.0,0.0,0.0,0.0,0.0,0.0,0.0,0.0,0.0,0.0,0.0,0.0,0.0,0.0,0.0,0.0,0.0,0.0,0.0,0.0,0.0,0.0,0.0,0.0,0.0,0.0,0.0,0.0,0.0,0.0,0.0,0.0,0.0,0.0,0.0,0.0,0.0,0.0,0.0,0.0,0.0,0.0,0.0,0.0,0.0,0.0,0.4914494954637791,194560,760,0.0,0.0,0,0.0
10,1,0.14958914215262048,0.0,0.0,0.3825349506578947,1.0,0.3825349506578947,0.17369449013157895,0.0,0.0,0.0,0.0,0.6174650493421052,0,0.0,0,0.25334192971257785,0.20324513347035175,0.0,0.0,0.45658706318292963,0.0,0,0.0,0.0,0.0,0.0,0.0,0.0,0.0,0.0,0.0,0.0,0.0,0.0,0.0,0.0,0.0,0.0,0.0,0.0,0.0,0.0,0.0,0.0,0.0,0.0,0.0,0.0,0.0,0.0,0.0,0.0,0.0,0.0,0.0,0.0,0.0,0.0,0.0,0.0,0.0,0.0,0.0,0.0,0.0,0.0,0.0,0.0,0.0,0.0,0.0,0.0,0.0,0.0,0.0,0.0,0.0,0.0,0.0,0.0,0.0,0.0,0.0,0.0,0.0,0.0,0.0,0.0,0.0,0.0,0.0,0.0,0.0,0.0,0.0,0.0,0.0,0.0,0.0,0.0,0.0,0.0,0.0,0.0,0.0,0.0,0.0,0.0,0.0,0.0,0.0,0.0,0.0,0.0,0.0,0.0,0.0,0.0,0.0,0.0,0.0,0.0,0.0,0.0,0.0,0.0,0.0,0.0,0.0,0.0,0.0,0.0,0.0,0.0,0.0,0.0,0.0,0.0,0.0,0.0,0.0,0.0,0.0,0.0,0.0,0.0,0.0,0.0,0.0,0.0,0.0,0.0,0.0,0.0,0.0,0.0,0.0,0.0,0.0,0.0,0.0,0.0,0.0,0.0,0.0,0.0,0.4565870634623264,194560,760,0.0,0.0,0,0.0
11,1,0.1495029574200297,0.0,0.0,0.3623252467105263,1.0,0.3623252467105263,0.1939710115131579,0.0,0.0,0.0,0.0,0.6376747532894737,0,0.0,0,0.2501651401190381,0.20186643005275218,0.0,0.0,0.4520315701717903,0.0,0,0.0,0.0,0.0,0.0,0.0,0.0,0.0,0.0,0.0,0.0,0.0,0.0,0.0,0.0,0.0,0.0,0.0,0.0,0.0,0.0,0.0,0.0,0.0,0.0,0.0,0.0,0.0,0.0,0.0,0.0,0.0,0.0,0.0,0.0,0.0,0.0,0.0,0.0,0.0,0.0,0.0,0.0,0.0,0.0,0.0,0.0,0.0,0.0,0.0,0.0,0.0,0.0,0.0,0.0,0.0,0.0,0.0,0.0,0.0,0.0,0.0,0.0,0.0,0.0,0.0,0.0,0.0,0.0,0.0,0.0,0.0,0.0,0.0,0.0,0.0,0.0,0.0,0.0,0.0,0.0,0.0,0.0,0.0,0.0,0.0,0.0,0.0,0.0,0.0,0.0,0.0,0.0,0.0,0.0,0.0,0.0,0.0,0.0,0.0,0.0,0.0,0.0,0.0,0.0,0.0,0.0,0.0,0.0,0.0,0.0,0.0,0.0,0.0,0.0,0.0,0.0,0.0,0.0,0.0,0.0,0.0,0.0,0.0,0.0,0.0,0.0,0.0,0.0,0.0,0.0,0.0,0.0,0.0,0.0,0.0,0.0,0.0,0.0,0.0,0.0,0.0,0.0,0.0,0.0,0.45203157092787716,194560,760,0.0,0.0,0,0.0
12,1,0.14940860259858582,0.0,0.0,0.40475431743421053,1.0,0.40475431743421053,0.13753083881578948,0.0,0.0,0.0,0.0,0.5952456825657895,0,0.0,0,0.19742668504385572,0.21608487191168885,0.0,0.0,0.41351155695554453,0.0,0,0.0,0.0,0.0,0.0,0.0,0.0,0.0,0.0,0.0,0.0,0.0,0.0,0.0,0.0,0.0,0.0,0.0,0.0,0.0,0.0,0.0,0.0,0.0,0.0,0.0,0.0,0.0,0.0,0.0,0.0,0.0,0.0,0.0,0.0,0.0,0.0,0.0,0.0,0.0,0.0,0.0,0.0,0.0,0.0,0.0,0.0,0.0,0.0,0.0,0.0,0.0,0.0,0.0,0.0,0.0,0.0,0.0,0.0,0.0,0.0,0.0,0.0,0.0,0.0,0.0,0.0,0.0,0.0,0.0,0.0,0.0,0.0,0.0,0.0,0.0,0.0,0.0,0.0,0.0,0.0,0.0,0.0,0.0,0.0,0.0,0.0,0.0,0.0,0.0,0.0,0.0,0.0,0.0,0.0,0.0,0.0,0.0,0.0,0.0,0.0,0.0,0.0,0.0,0.0,0.0,0.0,0.0,0.0,0.0,0.0,0.0,0.0,0.0,0.0,0.0,0.0,0.0,0.0,0.0,0.0,0.0,0.0,0.0,0.0,0.0,0.0,0.0,0.0,0.0,0.0,0.0,0.0,0.0,0.0,0.0,0.0,0.0,0.0,0.0,0.0,0.0,0.0,0.0,0.0,0.41351155613205937,194560,760,0.0,0.0,0,0.0
13,1,0.14930608803535828,0.0,0.0,0.41200143914473686,1.0,0.41200143914473686,0.20215871710526315,0.0,0.0,0.0,0.0,0.5879985608552631,0,0.0,0,0.1868385466599935,0.21707826805742164,0.0,0.0,0.40391681471741514,0.0,0,0.0,0.0,0.0,0.0,0.0,0.0,0.0,0.0,0.0,0.0,0.0,0.0,0.0,0.0,0.0,0.0,0.0,0.0,0.0,0.0,0.0,0.0,0.0,0.0,0.0,0.0,0.0,0.0,0.0,0.0,0.0,0.0,0.0,0.0,0.0,0.0,0.0,0.0,0.0,0.0,0.0,0.0,0.0,0.0,0.0,0.0,0.0,0.0,0.0,0.0,0.0,0.0,0.0,0.0,0.0,0.0,0.0,0.0,0.0,0.0,0.0,0.0,0.0,0.0,0.0,0.0,0.0,0.0,0.0,0.0,0.0,0.0,0.0,0.0,0.0,0.0,0.0,0.0,0.0,0.0,0.0,0.0,0.0,0.0,0.0,0.0,0.0,0.0,0.0,0.0,0.0,0.0,0.0,0.0,0.0,0.0,0.0,0.0,0.0,0.0,0.0,0.0,0.0,0.0,0.0,0.0,0.0,0.0,0.0,0.0,0.0,0.0,0.0,0.0,0.0,0.0,0.0,0.0,0.0,0.0,0.0,0.0,0.0,0.0,0.0,0.0,0.0,0.0,0.0,0.0,0.0,0.0,0.0,0.0,0.0,0.0,0.0,0.0,0.0,0.0,0.0,0.0,0.0,0.0,0.4039168148056457,194560,760,0.0,0.0,0,0.0
14,1,0.14919542497222416,0.0,0.0,0.4238486842105263,1.0,0.4238486842105263,0.20865542763157896,0.0,0.0,0.0,0.0,0.5761513157894737,0,0.0,0,0.16360495967398347,0.21663399346564946,0.0,0.0,0.38023895313963296,0.0,0,0.0,0.0,0.0,0.0,0.0,0.0,0.0,0.0,0.0,0.0,0.0,0.0,0.0,0.0,0.0,0.0,0.0,0.0,0.0,0.0,0.0,0.0,0.0,0.0,0.0,0.0,0.0,0.0,0.0,0.0,0.0,0.0,0.0,0.0,0.0,0.0,0.0,0.0,0.0,0.0,0.0,0.0,0.0,0.0,0.0,0.0,0.0,0.0,0.0,0.0,0.0,0.0,0.0,0.0,0.0,0.0,0.0,0.0,0.0,0.0,0.0,0.0,0.0,0.0,0.0,0.0,0.0,0.0,0.0,0.0,0.0,0.0,0.0,0.0,0.0,0.0,0.0,0.0,0.0,0.0,0.0,0.0,0.0,0.0,0.0,0.0,0.0,0.0,0.0,0.0,0.0,0.0,0.0,0.0,0.0,0.0,0.0,0.0,0.0,0.0,0.0,0.0,0.0,0.0,0.0,0.0,0.0,0.0,0.0,0.0,0.0,0.0,0.0,0.0,0.0,0.0,0.0,0.0,0.0,0.0,0.0,0.0,0.0,0.0,0.0,0.0,0.0,0.0,0.0,0.0,0.0,0.0,0.0,0.0,0.0,0.0,0.0,0.0,0.0,0.0,0.0,0.0,0.0,0.0,0.38023895295827015,194560,760,0.0,0.0,0,0.0
15,1,0.14907662554463533,0.0,0.0,0.4431640625,1.0,0.4431640625,0.16240748355263157,0.0,0.0,0.0,0.0,0.5568359375,0,0.0,0,0.16176077296075067,0.223062912972742,0.0,0.0,0.3848236859334927,0.0,0,0.0,0.0,0.0,0.0,0.0,0.0,0.0,0.0,0.0,0.0,0.0,0.0,0.0,0.0,0.0,0.0,0.0,0.0,0.0,0.0,0.0,0.0,0.0,0.0,0.0,0.0,0.0,0.0,0.0,0.0,0.0,0.0,0.0,0.0,0.0,0.0,0.0,0.0,0.0,0.0,0.0,0.0,0.0,0.0,0.0,0.0,0.0,0.0,0.0,0.0,0.0,0.0,0.0,0.0,0.0,0.0,0.0,0.0,0.0,0.0,0.0,0.0,0.0,0.0,0.0,0.0,0.0,0.0,0.0,0.0,0.0,0.0,0.0,0.0,0.0,0.0,0.0,0.0,0.0,0.0,0.0,0.0,0.0,0.0,0.0,0.0,0.0,0.0,0.0,0.0,0.0,0.0,0.0,0.0,0.0,0.0,0.0,0.0,0.0,0.0,0.0,0.0,0.0,0.0,0.0,0.0,0.0,0.0,0.0,0.0,0.0,0.0,0.0,0.0,0.0,0.0,0.0,0.0,0.0,0.0,0.0,0.0,0.0,0.0,0.0,0.0,0.0,0.0,0.0,0.0,0.0,0.0,0.0,0.0,0.0,0.0,0.0,0.0,0.0,0.0,0.0,0.0,0.0,0.0,0.3848236867275677,194560,760,0.0,0.0,0,0.0
16,1,0.1489497027802879,0.0,0.0,0.4493626644736842,1.0,0.4493626644736842,0.1822522615131579,0.0,0.0,0.0,0.0,0.5506373355263158,0,0.0,0,0.14320190574875788,0.22596491058602144,0.0,0.0,0.3691668163347793,0.0,0,0.0,0.0,0.0,0.0,0.0,0.0,0.0,0.0,0.0,0.0,0.0,0.0,0.0,0.0,0.0,0.0,0.0,0.0,0.0,0.0,0.0,0.0,0.0,0.0,0.0,0.0,0.0,0.0,0.0,0.0,0.0,0.0,0.0,0.0,0.0,0.0,0.0,0.0,0.0,0.0,0.0,0.0,0.0,0.0,0.0,0.0,0.0,0.0,0.0,0.0,0.0,0.0,0.0,0.0,0.0,0.0,0.0,0.0,0.0,0.0,0.0,0.0,0.0,0.0,0.0,0.0,0.0,0.0,0.0,0.0,0.0,0.0,0.0,0.0,0.0,0.0,0.0,0.0,0.0,0.0,0.0,0.0,0.0,0.0,0.0,0.0,0.0,0.0,0.0,0.0,0.0,0.0,0.0,0.0,0.0,0.0,0.0,0.0,0.0,0.0,0.0,0.0,0.0,0.0,0.0,0.0,0.0,0.0,0.0,0.0,0.0,0.0,0.0,0.0,0.0,0.0,0.0,0.0,0.0,0.0,0.0,0.0,0.0,0.0,0.0,0.0,0.0,0.0,0.0,0.0,0.0,0.0,0.0,0.0,0.0,0.0,0.0,0.0,0.0,0.0,0.0,0.0,0.0,0.0,0.3691668160651859,194560,760,0.0,0.0,0,0.0
17,1,0.1488146705976931,0.0,0.0,0.4582082648026316,1.0,0.4582082648026316,0.20933388157894736,0.0,0.0,0.0,0.0,0.5417917351973685,0,0.0,0,0.1494623319196858,0.22577159540041497,0.0,0.0,0.37523392732010075,0.0,0,0.0,0.0,0.0,0.0,0.0,0.0,0.0,0.0,0.0,0.0,0.0,0.0,0.0,0.0,0.0,0.0,0.0,0.0,0.0,0.0,0.0,0.0,0.0,0.0,0.0,0.0,0.0,0.0,0.0,0.0,0.0,0.0,0.0,0.0,0.0,0.0,0.0,0.0,0.0,0.0,0.0,0.0,0.0,0.0,0.0,0.0,0.0,0.0,0.0,0.0,0.0,0.0,0.0,0.0,0.0,0.0,0.0,0.0,0.0,0.0,0.0,0.0,0.0,0.0,0.0,0.0,0.0,0.0,0.0,0.0,0.0,0.0,0.0,0.0,0.0,0.0,0.0,0.0,0.0,0.0,0.0,0.0,0.0,0.0,0.0,0.0,0.0,0.0,0.0,0.0,0.0,0.0,0.0,0.0,0.0,0.0,0.0,0.0,0.0,0.0,0.0,0.0,0.0,0.0,0.0,0.0,0.0,0.0,0.0,0.0,0.0,0.0,0.0,0.0,0.0,0.0,0.0,0.0,0.0,0.0,0.0,0.0,0.0,0.0,0.0,0.0,0.0,0.0,0.0,0.0,0.0,0.0,0.0,0.0,0.0,0.0,0.0,0.0,0.0,0.0,0.0,0.0,0.0,0.0,0.37523392780046716,194560,760,0.0,0.0,0,0.0
18,1,0.1486715438046516,0.0,0.0,0.4541221217105263,1.0,0.4541221217105263,0.16237150493421051,0.0,0.0,0.0,0.0,0.5458778782894737,0,0.0,0,0.1751150564027117,0.2182757145186004,0.0,0.0,0.3933907709213121,0.0,0,0.0,0.0,0.0,0.0,0.0,0.0,0.0,0.0,0.0,0.0,0.0,0.0,0.0,0.0,0.0,0.0,0.0,0.0,0.0,0.0,0.0,0.0,0.0,0.0,0.0,0.0,0.0,0.0,0.0,0.0,0.0,0.0,0.0,0.0,0.0,0.0,0.0,0.0,0.0,0.0,0.0,0.0,0.0,0.0,0.0,0.0,0.0,0.0,0.0,0.0,0.0,0.0,0.0,0.0,0.0,0.0,0.0,0.0,0.0,0.0,0.0,0.0,0.0,0.0,0.0,0.0,0.0,0.0,0.0,0.0,0.0,0.0,0.0,0.0,0.0,0.0,0.0,0.0,0.0,0.0,0.0,0.0,0.0,0.0,0.0,0.0,0.0,0.0,0.0,0.0,0.0,0.0,0.0,0.0,0.0,0.0,0.0,0.0,0.0,0.0,0.0,0.0,0.0,0.0,0.0,0.0,0.0,0.0,0.0,0.0,0.0,0.0,0.0,0.0,0.0,0.0,0.0,0.0,0.0,0.0,0.0,0.0,0.0,0.0,0.0,0.0,0.0,0.0,0.0,0.0,0.0,0.0,0.0,0.0,0.0,0.0,0.0,0.0,0.0,0.0,0.0,0.0,0.0,0.0,0.39339077141331996,194560,760,0.0,0.0,0,0.0
19,1,0.14852033809662915,0.0,0.0,0.44879728618421055,1.0,0.44879728618421055,0.20782277960526316,0.0,0.0,0.0,0.0,0.5512027138157894,0,0.0,0,0.12980293404237417,0.22207645308226348,0.0,0.0,0.3518793871246376,0.0,0,0.0,0.0,0.0,0.0,0.0,0.0,0.0,0.0,0.0,0.0,0.0,0.0,0.0,0.0,0.0,0.0,0.0,0.0,0.0,0.0,0.0,0.0,0.0,0.0,0.0,0.0,0.0,0.0,0.0,0.0,0.0,0.0,0.0,0.0,0.0,0.0,0.0,0.0,0.0,0.0,0.0,0.0,0.0,0.0,0.0,0.0,0.0,0.0,0.0,0.0,0.0,0.0,0.0,0.0,0.0,0.0,0.0,0.0,0.0,0.0,0.0,0.0,0.0,0.0,0.0,0.0,0.0,0.0,0.0,0.0,0.0,0.0,0.0,0.0,0.0,0.0,0.0,0.0,0.0,0.0,0.0,0.0,0.0,0.0,0.0,0.0,0.0,0.0,0.0,0.0,0.0,0.0,0.0,0.0,0.0,0.0,0.0,0.0,0.0,0.0,0.0,0.0,0.0,0.0,0.0,0.0,0.0,0.0,0.0,0.0,0.0,0.0,0.0,0.0,0.0,0.0,0.0,0.0,0.0,0.0,0.0,0.0,0.0,0.0,0.0,0.0,0.0,0.0,0.0,0.0,0.0,0.0,0.0,0.0,0.0,0.0,0.0,0.0,0.0,0.0,0.0,0.0,0.0,0.0,0.3518793865450119,194560,760,0.0,0.0,0,0.0
20,1,0.14836107005503543,0.0,0.0,0.48155838815789476,1.0,0.48155838815789476,0.2056897615131579,0.0,0.0,0.0,0.0,0.5184416118421052,0,0.0,0,0.122704286291264,0.22581551918073706,0.0,0.0,0.34851980547200107,0.0,0,0.0,0.0,0.0,0.0,0.0,0.0,0.0,0.0,0.0,0.0,0.0,0.0,0.0,0.0,0.0,0.0,0.0,0.0,0.0,0.0,0.0,0.0,0.0,0.0,0.0,0.0,0.0,0.0,0.0,0.0,0.0,0.0,0.0,0.0,0.0,0.0,0.0,0.0,0.0,0.0,0.0,0.0,0.0,0.0,0.0,0.0,0.0,0.0,0.0,0.0,0.0,0.0,0.0,0.0,0.0,0.0,0.0,0.0,0.0,0.0,0.0,0.0,0.0,0.0,0.0,0.0,0.0,0.0,0.0,0.0,0.0,0.0,0.0,0.0,0.0,0.0,0.0,0.0,0.0,0.0,0.0,0.0,0.0,0.0,0.0,0.0,0.0,0.0,0.0,0.0,0.0,0.0,0.0,0.0,0.0,0.0,0.0,0.0,0.0,0.0,0.0,0.0,0.0,0.0,0.0,0.0,0.0,0.0,0.0,0.0,0.0,0.0,0.0,0.0,0.0,0.0,0.0,0.0,0.0,0.0,0.0,0.0,0.0,0.0,0.0,0.0,0.0,0.0,0.0,0.0,0.0,0.0,0.0,0.0,0.0,0.0,0.0,0.0,0.0,0.0,0.0,0.0,0.0,0.0,0.3485198060540777,194560,760,0.0,0.0,0,0.0
21,1,0.14819375714540606,0.0,0.0,0.5043225740131579,1.0,0.5043225740131579,0.19431537828947368,0.0,0.0,0.0,0.0,0.4956774259868421,0,0.0,0,0.11412102822091823,0.22321168553868406,0.0,0.0,0.3373327137596023,0.0,0,0.0,0.0,0.0,0.0,0.0,0.0,0.0,0.0,0.0,0.0,0.0,0.0,0.0,0.0,0.0,0.0,0.0,0.0,0.0,0.0,0.0,0.0,0.0,0.0,0.0,0.0,0.0,0.0,0.0,0.0,0.0,0.0,0.0,0.0,0.0,0.0,0.0,0.0,0.0,0.0,0.0,0.0,0.0,0.0,0.0,0.0,0.0,0.0,0.0,0.0,0.0,0.0,0.0,0.0,0.0,0.0,0.0,0.0,0.0,0.0,0.0,0.0,0.0,0.0,0.0,0.0,0.0,0.0,0.0,0.0,0.0,0.0,0.0,0.0,0.0,0.0,0.0,0.0,0.0,0.0,0.0,0.0,0.0,0.0,0.0,0.0,0.0,0.0,0.0,0.0,0.0,0.0,0.0,0.0,0.0,0.0,0.0,0.0,0.0,0.0,0.0,0.0,0.0,0.0,0.0,0.0,0.0,0.0,0.0,0.0,0.0,0.0,0.0,0.0,0.0,0.0,0.0,0.0,0.0,0.0,0.0,0.0,0.0,0.0,0.0,0.0,0.0,0.0,0.0,0.0,0.0,0.0,0.0,0.0,0.0,0.0,0.0,0.0,0.0,0.0,0.0,0.0,0.0,0.0,0.33733271321183755,194560,760,0.0,0.0,0,0.0
22,1,0.14801841771548702,0.0,0.0,0.5011204769736842,1.0,0.5011204769736842,0.1669973273026316,0.0,0.0,0.0,0.0,0.4988795230263158,0,0.0,0,0.10154003708402773,0.22587922047823666,0.0,0.0,0.3274192575622644,0.0,0,0.0,0.0,0.0,0.0,0.0,0.0,0.0,0.0,0.0,0.0,0.0,0.0,0.0,0.0,0.0,0.0,0.0,0.0,0.0,0.0,0.0,0.0,0.0,0.0,0.0,0.0,0.0,0.0,0.0,0.0,0.0,0.0,0.0,0.0,0.0,0.0,0.0,0.0,0.0,0.0,0.0,0.0,0.0,0.0,0.0,0.0,0.0,0.0,0.0,0.0,0.0,0.0,0.0,0.0,0.0,0.0,0.0,0.0,0.0,0.0,0.0,0.0,0.0,0.0,0.0,0.0,0.0,0.0,0.0,0.0,0.0,0.0,0.0,0.0,0.0,0.0,0.0,0.0,0.0,0.0,0.0,0.0,0.0,0.0,0.0,0.0,0.0,0.0,0.0,0.0,0.0,0.0,0.0,0.0,0.0,0.0,0.0,0.0,0.0,0.0,0.0,0.0,0.0,0.0,0.0,0.0,0.0,0.0,0.0,0.0,0.0,0.0,0.0,0.0,0.0,0.0,0.0,0.0,0.0,0.0,0.0,0.0,0.0,0.0,0.0,0.0,0.0,0.0,0.0,0.0,0.0,0.0,0.0,0.0,0.0,0.0,0.0,0.0,0.0,0.0,0.0,0.0,0.0,0.0,0.32741925759535084,194560,760,0.0,0.0,0,0.0
23,1,0.1478350709932227,0.0,0.0,0.4723889802631579,1.0,0.4723889802631579,0.19767166940789474,0.0,0.0,0.0,0.0,0.5276110197368421,0,0.0,0,0.11776052847333056,0.23182056232502585,0.0,0.0,0.3495810907983564,0.0,0,0.0,0.0,0.0,0.0,0.0,0.0,0.0,0.0,0.0,0.0,0.0,0.0,0.0,0.0,0.0,0.0,0.0,0.0,0.0,0.0,0.0,0.0,0.0,0.0,0.0,0.0,0.0,0.0,0.0,0.0,0.0,0.0,0.0,0.0,0.0,0.0,0.0,0.0,0.0,0.0,0.0,0.0,0.0,0.0,0.0,0.0,0.0,0.0,0.0,0.0,0.0,0.0,0.0,0.0,0.0,0.0,0.0,0.0,0.0,0.0,0.0,0.0,0.0,0.0,0.0,0.0,0.0,0.0,0.0,0.0,0.0,0.0,0.0,0.0,0.0,0.0,0.0,0.0,0.0,0.0,0.0,0.0,0.0,0.0,0.0,0.0,0.0,0.0,0.0,0.0,0.0,0.0,0.0,0.0,0.0,0.0,0.0,0.0,0.0,0.0,0.0,0.0,0.0,0.0,0.0,0.0,0.0,0.0,0.0,0.0,0.0,0.0,0.0,0.0,0.0,0.0,0.0,0.0,0.0,0.0,0.0,0.0,0.0,0.0,0.0,0.0,0.0,0.0,0.0,0.0,0.0,0.0,0.0,0.0,0.0,0.0,0.0,0.0,0.0,0.0,0.0,0.0,0.0,0.0,0.3495810907922293,194560,760,0.0,0.0,0,0.0
24,1,0.14764373708464731,0.0,0.0,0.5345343338815789,1.0,0.5345343338815789,0.20624486019736843,0.0,0.0,0.0,0.0,0.46546566611842105,0,0.0,0,0.0790472082665043,0.22576501074394112,0.0,0.0,0.3048122190104454,0.0,0,0.0,0.0,0.0,0.0,0.0,0.0,0.0,0.0,0.0,0.0,0.0,0.0,0.0,0.0,0.0,0.0,0.0,0.0,0.0,0.0,0.0,0.0,0.0,0.0,0.0,0.0,0.0,0.0,0.0,0.0,0.0,0.0,0.0,0.0,0.0,0.0,0.0,0.0,0.0,0.0,0.0,0.0,0.0,0.0,0.0,0.0,0.0,0.0,0.0,0.0,0.0,0.0,0.0,0.0,0.0,0.0,0.0,0.0,0.0,0.0,0.0,0.0,0.0,0.0,0.0,0.0,0.0,0.0,0.0,0.0,0.0,0.0,0.0,0.0,0.0,0.0,0.0,0.0,0.0,0.0,0.0,0.0,0.0,0.0,0.0,0.0,0.0,0.0,0.0,0.0,0.0,0.0,0.0,0.0,0.0,0.0,0.0,0.0,0.0,0.0,0.0,0.0,0.0,0.0,0.0,0.0,0.0,0.0,0.0,0.0,0.0,0.0,0.0,0.0,0.0,0.0,0.0,0.0,0.0,0.0,0.0,0.0,0.0,0.0,0.0,0.0,0.0,0.0,0.0,0.0,0.0,0.0,0.0,0.0,0.0,0.0,0.0,0.0,0.0,0.0,0.0,0.0,0.0,0.0,0.3048122187586207,194560,760,0.0,0.0,0,0.0
25,1,0.1474444369716801,0.0,0.0,0.5336040296052632,1.0,0.5336040296052632,0.13865131578947368,0.0,0.0,0.0,0.0,0.46639597039473685,0,0.0,0,0.10206503458811264,0.23161650161798064,0.0,0.0,0.3336815362060933,0.0,0,0.0,0.0,0.0,0.0,0.0,0.0,0.0,0.0,0.0,0.0,0.0,0.0,0.0,0.0,0.0,0.0,0.0,0.0,0.0,0.0,0.0,0.0,0.0,0.0,0.0,0.0,0.0,0.0,0.0,0.0,0.0,0.0,0.0,0.0,0.0,0.0,0.0,0.0,0.0,0.0,0.0,0.0,0.0,0.0,0.0,0.0,0.0,0.0,0.0,0.0,0.0,0.0,0.0,0.0,0.0,0.0,0.0,0.0,0.0,0.0,0.0,0.0,0.0,0.0,0.0,0.0,0.0,0.0,0.0,0.0,0.0,0.0,0.0,0.0,0.0,0.0,0.0,0.0,0.0,0.0,0.0,0.0,0.0,0.0,0.0,0.0,0.0,0.0,0.0,0.0,0.0,0.0,0.0,0.0,0.0,0.0,0.0,0.0,0.0,0.0,0.0,0.0,0.0,0.0,0.0,0.0,0.0,0.0,0.0,0.0,0.0,0.0,0.0,0.0,0.0,0.0,0.0,0.0,0.0,0.0,0.0,0.0,0.0,0.0,0.0,0.0,0.0,0.0,0.0,0.0,0.0,0.0,0.0,0.0,0.0,0.0,0.0,0.0,0.0,0.0,0.0,0.0,0.0,0.0,0.33368153693644625,194560,760,0.0,0.0,0,0.0
26,1,0.14723719250982437,0.0,0.0,0.535387541118421,1.0,0.535387541118421,0.18333675986842105,0.0,0.0,0.0,0.0,0.4646124588815789,0,0.0,0,0.07033674075317226,0.233387413179796,0.0,0.0,0.30372415393296825,0.0,0,0.0,0.0,0.0,0.0,0.0,0.0,0.0,0.0,0.0,0.0,0.0,0.0,0.0,0.0,0.0,0.0,0.0,0.0,0.0,0.0,0.0,0.0,0.0,0.0,0.0,0.0,0.0,0.0,0.0,0.0,0.0,0.0,0.0,0.0,0.0,0.0,0.0,0.0,0.0,0.0,0.0,0.0,0.0,0.0,0.0,0.0,0.0,0.0,0.0,0.0,0.0,0.0,0.0,0.0,0.0,0.0,0.0,0.0,0.0,0.0,0.0,0.0,0.0,0.0,0.0,0.0,0.0,0.0,0.0,0.0,0.0,0.0,0.0,0.0,0.0,0.0,0.0,0.0,0.0,0.0,0.0,0.0,0.0,0.0,0.0,0.0,0.0,0.0,0.0,0.0,0.0,0.0,0.0,0.0,0.0,0.0,0.0,0.0,0.0,0.0,0.0,0.0,0.0,0.0,0.0,0.0,0.0,0.0,0.0,0.0,0.0,0.0,0.0,0.0,0.0,0.0,0.0,0.0,0.0,0.0,0.0,0.0,0.0,0.0,0.0,0.0,0.0,0.0,0.0,0.0,0.0,0.0,0.0,0.0,0.0,0.0,0.0,0.0,0.0,0.0,0.0,0.0,0.0,0.0,0.3037241543790227,194560,760,0.0,0.0,0,0.0
27,1,0.14702202642577075,0.0,0.0,0.5413805509868421,1.0,0.5413805509868421,0.22081620065789473,0.0,0.0,0.0,0.0,0.4586194490131579,0,0.0,0,0.06897052747050399,0.23061050459938615,0.0,0.0,0.2995810320698901,0.0,0,0.0,0.0,0.0,0.0,0.0,0.0,0.0,0.0,0.0,0.0,0.0,0.0,0.0,0.0,0.0,0.0,0.0,0.0,0.0,0.0,0.0,0.0,0.0,0.0,0.0,0.0,0.0,0.0,0.0,0.0,0.0,0.0,0.0,0.0,0.0,0.0,0.0,0.0,0.0,0.0,0.0,0.0,0.0,0.0,0.0,0.0,0.0,0.0,0.0,0.0,0.0,0.0,0.0,0.0,0.0,0.0,0.0,0.0,0.0,0.0,0.0,0.0,0.0,0.0,0.0,0.0,0.0,0.0,0.0,0.0,0.0,0.0,0.0,0.0,0.0,0.0,0.0,0.0,0.0,0.0,0.0,0.0,0.0,0.0,0.0,0.0,0.0,0.0,0.0,0.0,0.0,0.0,0.0,0.0,0.0,0.0,0.0,0.0,0.0,0.0,0.0,0.0,0.0,0.0,0.0,0.0,0.0,0.0,0.0,0.0,0.0,0.0,0.0,0.0,0.0,0.0,0.0,0.0,0.0,0.0,0.0,0.0,0.0,0.0,0.0,0.0,0.0,0.0,0.0,0.0,0.0,0.0,0.0,0.0,0.0,0.0,0.0,0.0,0.0,0.0,0.0,0.0,0.0,0.0,0.2995810322855648,194560,760,0.0,0.0,0,0.0
28,1,0.14679896231490497,0.0,0.0,0.5532329358552631,1.0,0.5532329358552631,0.23042763157894736,0.0,0.0,0.0,0.0,0.4467670641447368,0,0.0,0,0.07134339876448441,0.23239991432546,0.0,0.0,0.3037433130899444,0.0,0,0.0,0.0,0.0,0.0,0.0,0.0,0.0,0.0,0.0,0.0,0.0,0.0,0.0,0.0,0.0,0.0,0.0,0.0,0.0,0.0,0.0,0.0,0.0,0.0,0.0,0.0,0.0,0.0,0.0,0.0,0.0,0.0,0.0,0.0,0.0,0.0,0.0,0.0,0.0,0.0,0.0,0.0,0.0,0.0,0.0,0.0,0.0,0.0,0.0,0.0,0.0,0.0,0.0,0.0,0.0,0.0,0.0,0.0,0.0,0.0,0.0,0.0,0.0,0.0,0.0,0.0,0.0,0.0,0.0,0.0,0.0,0.0,0.0,0.0,0.0,0.0,0.0,0.0,0.0,0.0,0.0,0.0,0.0,0.0,0.0,0.0,0.0,0.0,0.0,0.0,0.0,0.0,0.0,0.0,0.0,0.0,0.0,0.0,0.0,0.0,0.0,0.0,0.0,0.0,0.0,0.0,0.0,0.0,0.0,0.0,0.0,0.0,0.0,0.0,0.0,0.0,0.0,0.0,0.0,0.0,0.0,0.0,0.0,0.0,0.0,0.0,0.0,0.0,0.0,0.0,0.0,0.0,0.0,0.0,0.0,0.0,0.0,0.0,0.0,0.0,0.0,0.0,0.0,0.0,0.30374331264511534,194560,760,0.0,0.0,0,0.0
29,1,0.14656802463872076,0.0,0.0,0.5315224095394737,1.0,0.5315224095394737,0.16749588815789473,0.0,0.0,0.0,0.0,0.46847759046052634,0,0.0,0,0.08673749261897204,0.23187901539433944,0.0,0.0,0.3186165080133115,0.0,0,0.0,0.0,0.0,0.0,0.0,0.0,0.0,0.0,0.0,0.0,0.0,0.0,0.0,0.0,0.0,0.0,0.0,0.0,0.0,0.0,0.0,0.0,0.0,0.0,0.0,0.0,0.0,0.0,0.0,0.0,0.0,0.0,0.0,0.0,0.0,0.0,0.0,0.0,0.0,0.0,0.0,0.0,0.0,0.0,0.0,0.0,0.0,0.0,0.0,0.0,0.0,0.0,0.0,0.0,0.0,0.0,0.0,0.0,0.0,0.0,0.0,0.0,0.0,0.0,0.0,0.0,0.0,0.0,0.0,0.0,0.0,0.0,0.0,0.0,0.0,0.0,0.0,0.0,0.0,0.0,0.0,0.0,0.0,0.0,0.0,0.0,0.0,0.0,0.0,0.0,0.0,0.0,0.0,0.0,0.0,0.0,0.0,0.0,0.0,0.0,0.0,0.0,0.0,0.0,0.0,0.0,0.0,0.0,0.0,0.0,0.0,0.0,0.0,0.0,0.0,0.0,0.0,0.0,0.0,0.0,0.0,0.0,0.0,0.0,0.0,0.0,0.0,0.0,0.0,0.0,0.0,0.0,0.0,0.0,0.0,0.0,0.0,0.0,0.0,0.0,0.0,0.0,0.0,0.0,0.3186165079474449,194560,760,0.0,0.0,0,0.0
30,1,0.14632923872213652,0.0,0.0,0.5287571957236842,1.0,0.5287571957236842,0.22862356085526317,0.0,0.0,0.0,0.0,0.47124280427631576,0,0.0,0,0.08769048632637254,0.23584052928184207,0.0,0.0,0.3235310156082146,0.0,0,0.0,0.0,0.0,0.0,0.0,0.0,0.0,0.0,0.0,0.0,0.0,0.0,0.0,0.0,0.0,0.0,0.0,0.0,0.0,0.0,0.0,0.0,0.0,0.0,0.0,0.0,0.0,0.0,0.0,0.0,0.0,0.0,0.0,0.0,0.0,0.0,0.0,0.0,0.0,0.0,0.0,0.0,0.0,0.0,0.0,0.0,0.0,0.0,0.0,0.0,0.0,0.0,0.0,0.0,0.0,0.0,0.0,0.0,0.0,0.0,0.0,0.0,0.0,0.0,0.0,0.0,0.0,0.0,0.0,0.0,0.0,0.0,0.0,0.0,0.0,0.0,0.0,0.0,0.0,0.0,0.0,0.0,0.0,0.0,0.0,0.0,0.0,0.0,0.0,0.0,0.0,0.0,0.0,0.0,0.0,0.0,0.0,0.0,0.0,0.0,0.0,0.0,0.0,0.0,0.0,0.0,0.0,0.0,0.0,0.0,0.0,0.0,0.0,0.0,0.0,0.0,0.0,0.0,0.0,0.0,0.0,0.0,0.0,0.0,0.0,0.0,0.0,0.0,0.0,0.0,0.0,0.0,0.0,0.0,0.0,0.0,0.0,0.0,0.0,0.0,0.0,0.0,0.0,0.0,0.3235310158643283,194560,760,0.0,0.0,0,0.0
31,1,0.14608263075071895,0.0,0.0,0.5479749177631579,0.9998069572259094,0.5478691351649009,0.18313314337896086,0.0,0.0,0.0,0.0,0.4520250822368421,0,0.0,0,0.0910002788632961,0.22811549143179466,0.0,0.0,0.3191803513236807,6.45810285899834e-05,0,0.0,0.036182719645531554,0.0006852326227130834,0.0,11304.0,636.0,493.0,5.549192428588867e-05,1.4483928680419922e-05,0.0,0.0,0.0,0.0,0.0,3867.5635805130005,3867.563594996929,0.0,0.0,15484.0,222.0,196.0,2.5093555450439453e-05,2.86102294921875e-06,0.0,0.0,0.0,0.0,0.0,4792.506741642952,4792.506744503975,0.0,0.0,7279.0,282.0,213.0,2.7418136596679688e-05,8.64267349243164e-06,0.0,0.0,0.0,0.0,0.0,3116.3253301382065,3116.32533878088,0.0,0.0,10722.0,235.0,176.0,2.187490463256836e-05,8.821487426757812e-06,0.0,0.0,0.0,0.0,0.0,4661.776364862919,4661.776373684406,0.0,0.0,9681.0,483.0,382.0,5.1081180572509766e-05,1.245737075805664e-05,0.0,0.0,0.0,0.0,0.0,4132.056247413158,4132.056259870529,0.0,0.0,5120.0,755.0,503.0,7.194280624389648e-05,3.546476364135742e-05,0.0,0.0,0.0,0.0,0.0,2083.305012047291,2083.3050475120544,0.0,0.0,10376.0,530.0,328.0,3.606081008911133e-05,3.0279159545898438e-05,0.0,0.0,0.0,0.0,0.0,5400.993837654591,5400.99386793375,0.0,0.0,13578.0,665.0,586.0,5.143880844116211e-05,1.0132789611816406e-05,0.0,0.0,0.0,0.0,0.0,2401.2059078216553,2401.205917954445,0.0,0.0,8797.0,790.0,589.0,8.273124694824219e-05,3.123283386230469e-05,0.0,0.0,0.0,0.0,0.0,2133.0306550860405,2133.0306863188744,0.0,0.0,14273.0,1775.0,1388.0,0.00017005205154418945,5.900859832763672e-05,0.0,0.0,0.0,0.0,0.0,3041.6205164194107,3041.620575428009,0.0,0.0,0.31918035092714586,194560,760,0.001318397333211339,0.976793791118421,40,0.0027390523158633555
32,1,0.14582822776781112,0.0,0.0,0.4992701480263158,0.9990902761500075,0.49881595006506696,0.21556947787390335,0.0,0.0,0.0,0.0,0.5007298519736842,0,0.0,0,0.09997813480869426,0.2269391706115321,0.0,0.0,0.3271741842375233,0.0002568788172969729,0,0.0,0.03667990352076135,0.002739052315863355,0.0,10576.0,825.0,726.0,0.0011203289031982422,0.0001849532127380371,0.0,0.0,0.0,0.0,0.0,2721.5669537186623,2721.567138671875,0.0,0.0,5683.0,534.0,309.0,0.00047194957733154297,0.0005401372909545898,0.0,0.0,0.0,0.0,0.0,3044.4788907170296,3044.4794308543205,0.0,0.0,10520.0,90.0,66.0,0.00012046098709106445,3.784894943237305e-05,0.0,0.0,0.0,0.0,0.0,4601.937977552414,4601.938015401363,0.0,0.0,7382.0,193.0,106.0,0.0001519918441772461,0.00019788742065429688,0.0,0.0,0.0,0.0,0.0,3697.571137011051,3697.571334898472,0.0,0.0,9848.0,537.0,403.0,0.0007565617561340332,0.0002822279930114746,0.0,0.0,0.0,0.0,0.0,3093.316934466362,3093.317216694355,0.0,0.0,15340.0,126.0,96.0,0.00016450881958007812,5.0187110900878906e-05,0.0,0.0,0.0,0.0,0.0,6869.475625991821,6869.475676178932,0.0,0.0,9295.0,609.0,442.0,0.000831305980682373,0.00038057565689086914,0.0,0.0,0.0,0.0,0.0,3170.2055156826973,3170.205896258354,0.0,0.0,11702.0,1235.0,925.0,0.001446843147277832,0.0005967617034912109,0.0,0.0,0.0,0.0,0.0,2690.482423245907,2690.4830200076103,0.0,0.0,6467.0,132.0,106.0,0.0001933574676513672,6.014108657836914e-05,0.0,0.0,0.0,0.0,0.0,3657.068638622761,3657.0686987638474,0.0,0.0,10325.0,726.0,298.0,0.0006638765335083008,0.0010650157928466797,0.0,0.0,0.0,0.0,0.0,8395.090091824532,8395.091156840324,0.0,0.0,0.3271741854321015,194560,760,0.0050655879440263995,0.9764134457236842,40,0.010926199633097156
33,1,0.14556605767156694,0.0,0.0,0.5290193256578948,0.998082492455446,0.5280049271097309,0.19715012767303147,0.0,0.0,0.0,0.0,0.4709806743421053,0,0.0,0,0.06878826810463674,0.2222792971683176,0.0,0.0,0.29148241452153584,0.0004148492485814801,0,0.0,0.03702961430933915,0.006155829702431115,0.0,5482.0,215.0,193.0,0.00109022855758667,0.00019061565399169922,0.0,0.0,0.0,0.0,0.0,879.4475323557854,879.4477229714394,0.0,0.0,13342.0,1012.0,882.0,0.010004758834838867,0.0019226670265197754,0.0,0.0,0.0,0.0,0.0,1662.0056072473526,1662.0075299143791,0.0,0.0,11233.0,770.0,410.0,0.004098236560821533,0.005643725395202637,0.0,0.0,0.0,0.0,0.0,5121.013558328152,5121.019202053547,0.0,0.0,8668.0,199.0,143.0,0.0013871192932128906,0.0005652904510498047,0.0,0.0,0.0,0.0,0.0,4171.030686199665,4171.031251490116,0.0,0.0,15605.0,660.0,513.0,0.005345344543457031,0.001687765121459961,0.0,0.0,0.0,0.0,0.0,5967.290148735046,5967.291836500168,0.0,0.0,10806.0,1323.0,505.0,0.005023837089538574,0.009755909442901611,0.0,0.0,0.0,0.0,0.0,6415.83470749855,6415.844463407993,0.0,0.0,5063.0,162.0,147.0,0.0008916854858398438,0.00016164779663085938,0.0,0.0,0.0,0.0,0.0,935.6577546596527,935.6579163074493,0.0,0.0,10011.0,553.0,528.0,0.004426181316375732,0.00030666589736938477,0.0,0.0,0.0,0.0,0.0,1741.686911046505,1741.6872177124023,0.0,0.0,5738.0,629.0,403.0,0.004488468170166016,0.003335237503051758,0.0,0.0,0.0,0.0,0.0,2814.7086953520775,2814.7120305895805,0.0,0.0,16978.0,524.0,376.0,0.003275632858276367,0.0016077756881713867,0.0,0.0,0.0,0.0,0.0,8648.827999293804,8648.829607069492,0.0,0.0,0.291482415442404,194560,760,0.011611285498120676,0.9624948601973684,40,0.024471741852423234
34,1,0.14529614921189185,0.0,0.0,0.5478926809210526,0.9968867394536738,0.5461869482539202,0.2173736329288467,0.0,0.0,0.0,0.0,0.45210731907894736,0,0.0,0,0.07281274614965935,0.22673803349270633,0.0,0.0,0.30010210807754206,0.0005513284351764014,0,0.0,0.03648746233237417,0.010926199633097156,0.0,12335.0,681.0,580.0,0.018437683582305908,0.0036031603813171387,0.0,0.0,0.0,0.0,0.0,3552.7515826821327,3552.755185842514,0.0,0.0,13350.0,694.0,462.0,0.016900360584259033,0.00829857587814331,0.0,0.0,0.0,0.0,0.0,6948.851490020752,6948.85978859663,0.0,0.0,7061.0,117.0,102.0,0.003258228302001953,0.00046509504318237305,0.0,0.0,0.0,0.0,0.0,3245.6017097830772,3245.6021748781204,0.0,0.0,8148.0,322.0,129.0,0.003631114959716797,0.006160616874694824,0.0,0.0,0.0,0.0,0.0,4387.2663679122925,4387.272528529167,0.0,0.0,11679.0,1050.0,755.0,0.020719528198242188,0.009141325950622559,0.0,0.0,0.0,0.0,0.0,5202.051856577396,5202.060997903347,0.0,0.0,7334.0,63.0,45.0,0.0013726353645324707,0.0005184412002563477,0.0,0.0,0.0,0.0,0.0,2605.4021470546722,2605.4026654958725,0.0,0.0,11611.0,598.0,318.0,0.00967484712600708,0.012633442878723145,0.0,0.0,0.0,0.0,0.0,4986.947294056416,4986.959927499294,0.0,0.0,12361.0,542.0,439.0,0.012953221797943115,0.0031357407569885254,0.0,0.0,0.0,0.0,0.0,2949.775000810623,2949.77813655138,0.0,0.0,10419.0,426.0,364.0,0.013113677501678467,0.002324521541595459,0.0,0.0,0.0,0.0,0.0,2750.820477247238,2750.8228017687798,0.0,0.0,12300.0,1335.0,936.0,0.027195513248443604,0.014896750450134277,0.0,0.0,0.0,0.0,0.0,5662.68490678072,5662.69980353117,0.0,0.0,0.3001021082464017,194560,760,0.020589624464168753,0.9589586759868421,40,0.04322727117869957
35,1,0.14501853198729012,0.0,0.0,0.5728926809210526,0.9944225394854782,0.5696973946141569,0.22722882071362907,0.0,0.0,0.0,0.0,0.4271073190789474,0,0.0,0,0.05597335133045961,0.22999357894847267,0.0,0.0,0.2864275976718904,0.0004606673929581455,0,0.0,0.03635050591669584,0.017037086855465844,0.0,8382.0,285.0,202.0,0.01635456085205078,0.006575524806976318,0.0,0.0,0.0,0.0,0.0,3348.6402154564857,3348.6467909812927,0.0,0.0,16101.0,1880.0,1562.0,0.12464374303817749,0.033917129039764404,0.0,0.0,0.0,0.0,0.0,6177.634234547615,6177.668151676655,0.0,0.0,12043.0,717.0,450.0,0.030204057693481445,0.026184797286987305,0.0,0.0,0.0,0.0,0.0,4817.077007174492,4817.103191971779,0.0,0.0,11494.0,253.0,110.0,0.00896298885345459,0.010635972023010254,0.0,0.0,0.0,0.0,0.0,6301.17106205225,6301.181698024273,0.0,0.0,14707.0,368.0,304.0,0.022644639015197754,0.0045275092124938965,0.0,0.0,0.0,0.0,0.0,5673.869347691536,5673.873875200748,0.0,0.0,8952.0,660.0,564.0,0.04834890365600586,0.007577657699584961,0.0,0.0,0.0,0.0,0.0,2292.573792397976,2292.5813700556755,0.0,0.0,6843.0,1123.0,548.0,0.02973318099975586,0.05402880907058716,0.0,0.0,0.0,0.0,0.0,3113.1099504828453,3113.163979291916,0.0,0.0,15479.0,1035.0,706.0,0.06338328123092651,0.03489917516708374,0.0,0.0,0.0,0.0,0.0,4299.373545706272,4299.408444881439,0.0,0.0,7691.0,711.0,600.0,0.05911386013031006,0.012072920799255371,0.0,0.0,0.0,0.0,0.0,2187.135011136532,2187.147084057331,0.0,0.0,9770.0,632.0,396.0,0.02494680881500244,0.024329066276550293,0.0,0.0,0.0,0.0,0.0,5998.840526521206,5998.864855587482,0.0,0.0,0.2864275969368847,194560,760,0.03235209842678159,0.9647717927631579,40,0.06698729810778065
36,1,0.14473323644161884,0.0,0.0,0.5626541940789473,0.9937769852806643,0.5591527887472981,0.20369888730592242,0.0,0.0,0.0,0.0,0.43734580592105265,0,0.0,0,0.057997368240275564,0.23405031286376088,0.0,0.0,0.2925080323141102,0.00046035121007375175,0,0.0,0.03640848159495937,0.024471741852423234,0.0,10333.0,309.0,253.0,0.04426610469818115,0.008814215660095215,0.0,0.0,0.0,0.0,0.0,4210.1544488072395,4210.1632630229,0.0,0.0,14216.0,1587.0,1367.0,0.25340330600738525,0.03461623191833496,0.0,0.0,0.0,0.0,0.0,5550.4339636564255,5550.468579888344,0.0,0.0,12585.0,783.0,653.0,0.09983909130096436,0.024937689304351807,0.0,0.0,0.0,0.0,0.0,3098.4689530730247,3098.493890762329,0.0,0.0,11925.0,524.0,390.0,0.061883509159088135,0.021188974380493164,0.0,0.0,0.0,0.0,0.0,4222.8167815208435,4222.837970495224,0.0,0.0,9564.0,778.0,582.0,0.07534009218215942,0.03184002637863159,0.0,0.0,0.0,0.0,0.0,4157.40416175127,4157.436001777649,0.0,0.0,12154.0,506.0,434.0,0.0688597559928894,0.012343883514404297,0.0,0.0,0.0,0.0,0.0,3865.1600574851036,3865.172401368618,0.0,0.0,12002.0,584.0,275.0,0.03837597370147705,0.06653213500976562,0.0,0.0,0.0,0.0,0.0,5489.147893309593,5489.214425444603,0.0,0.0,11802.0,471.0,435.0,0.04036813974380493,0.005266129970550537,0.0,0.0,0.0,0.0,0.0,2548.539672970772,2548.5449391007423,0.0,0.0,7379.0,138.0,114.0,0.018869102001190186,0.0037891268730163574,0.0,0.0,0.0,0.0,0.0,3085.9794178009033,3085.9832069277763,0.0,0.0,7510.0,512.0,369.0,0.049468159675598145,0.02913719415664673,0.0,0.0,0.0,0.0,0.0,3403.311706185341,3403.3408433794975,0.0,0.0,0.2925080319376368,194560,760,0.04596458370307167,0.9651881167763158,40,0.09549150281252627
37,1,0.14444029386074964,0.0,0.0,0.5360608552631579,0.9902423169703044,0.5308301433528725,0.21670551181672829,0.0,0.0,0.0,0.0,0.4639391447368421,0,0.0,0,0.059397706417611947,0.228996123040193,0.0,0.0,0.28892791707157334,0.0005340876137683824,0,0.0,0.03655513604416659,0.03320978675139913,0.0,9749.0,664.0,542.0,0.11805713176727295,0.032079339027404785,0.0,0.0,0.0,0.0,0.0,3297.2572301626205,3297.289309501648,0.0,0.0,9128.0,476.0,376.0,0.12751567363739014,0.04030275344848633,0.0,0.0,0.0,0.0,0.0,5236.131007134914,5236.171309888363,0.0,0.0,10830.0,399.0,351.0,0.08875012397766113,0.014594554901123047,0.0,0.0,0.0,0.0,0.0,3287.479602575302,3287.4941971302032,0.0,0.0,7714.0,345.0,155.0,0.04261672496795654,0.07216590642929077,0.0,0.0,0.0,0.0,0.0,3558.14885532856,3558.221021234989,0.0,0.0,9794.0,164.0,145.0,0.03215521574020386,0.004861176013946533,0.0,0.0,0.0,0.0,0.0,4432.827824473381,4432.832685649395,0.0,0.0,14042.0,1255.0,693.0,0.22855538129806519,0.20420026779174805,0.0,0.0,0.0,0.0,0.0,7374.423257231712,7374.627457499504,0.0,0.0,9024.0,623.0,450.0,0.08965164422988892,0.043151676654815674,0.0,0.0,0.0,0.0,0.0,4565.604755163193,4565.647906839848,0.0,0.0,14324.0,1172.0,1024.0,0.3060765266418457,0.04758167266845703,0.0,0.0,0.0,0.0,0.0,2352.3954201340675,2352.443001806736,0.0,0.0,6737.0,477.0,380.0,0.10639822483062744,0.031145572662353516,0.0,0.0,0.0,0.0,0.0,1707.7426889538765,1707.7738345265388,0.0,0.0,12954.0,540.0,459.0,0.10519391298294067,0.02872699499130249,0.0,0.0,0.0,0.0,0.0,6349.694890975952,6349.723617970943,0.0,0.0,0.28892791757458136,194560,760,0.06004447721582102,0.9603978207236842,40,0.12842758726130288
38,1,0.14413973636913752,0.0,0.0,0.5925627055921052,0.9883061604638415,0.5856333723977992,0.14945532979174075,0.0,0.0,0.0,0.0,0.4074372944078947,0,0.0,0,0.04926171325404491,0.23133308412997347,0.0,0.0,0.28106870497107783,0.0004739075870594733,0,0.0,0.035933754401967714,0.04322727117869957,0.0,12133.0,569.0,514.0,0.24388724565505981,0.02597123384475708,0.0,0.0,0.0,0.0,0.0,1809.284945487976,1809.3109167218208,0.0,0.0,14065.0,1529.0,1368.0,0.6411978006362915,0.08292406797409058,0.0,0.0,0.0,0.0,0.0,3532.9703682661057,3533.0532923340797,0.0,0.0,9994.0,539.0,474.0,0.24348175525665283,0.027221202850341797,0.0,0.0,0.0,0.0,0.0,2811.99411714077,2812.0213383436203,0.0,0.0,6733.0,114.0,76.0,0.028190255165100098,0.013814389705657959,0.0,0.0,0.0,0.0,0.0,2363.9755693674088,2363.9893837571144,0.0,0.0,10667.0,740.0,654.0,0.2543978691101074,0.040701448917388916,0.0,0.0,0.0,0.0,0.0,2564.2639473080635,2564.304648756981,0.0,0.0,12891.0,1313.0,1019.0,0.5650796294212341,0.19532930850982666,0.0,0.0,0.0,0.0,0.0,3697.244974553585,3697.440303862095,0.0,0.0,9782.0,767.0,608.0,0.2296583652496338,0.10584163665771484,0.0,0.0,0.0,0.0,0.0,1688.140977859497,1688.2468194961548,0.0,0.0,15301.0,847.0,499.0,0.24221813678741455,0.2073732614517212,0.0,0.0,0.0,0.0,0.0,5170.821183383465,5171.0285566449165,0.0,0.0,11684.0,555.0,547.0,0.29200875759124756,0.006815731525421143,0.0,0.0,0.0,0.0,0.0,1678.9355961084366,1678.942411839962,0.0,0.0,12039.0,866.0,769.0,0.4134308099746704,0.05350935459136963,0.0,0.0,0.0,0.0,0.0,3759.6378977298737,3759.691407084465,0.0,0.0,0.2810687046890196,194560,760,0.08101732844094697,0.98203125,40,0.16543469682057088
39,1,0.14383159692629857,0.0,0.0,0.5954769736842105,0.9835207237424878,0.5856639441298811,0.15423707152888375,0.0,0.0,0.0,0.0,0.40452302631578946,0,0.0,0,0.04545281990921419,0.22510966322335757,0.0,0.0,0.2709959533208779,0.0004334701883061299,0,0.0,0.03645600233913252,0.05449673790581605,0.0,14825.0,760.0,722.0,0.4568585753440857,0.03010326623916626,0.0,0.0,0.0,0.0,0.0,1933.36072909832,1933.3908323645592,0.0,0.0,16734.0,2306.0,2186.0,1.5952255129814148,0.11152917146682739,0.0,0.0,0.0,0.0,0.0,1170.4426186680794,1170.5541478395462,0.0,0.0,6911.0,184.0,165.0,0.09390830993652344,0.013639867305755615,0.0,0.0,0.0,0.0,0.0,1536.8179929852486,1536.8316328525543,0.0,0.0,8897.0,536.0,374.0,0.26954948902130127,0.12187933921813965,0.0,0.0,0.0,0.0,0.0,4843.504835665226,4843.626715004444,0.0,0.0,9869.0,465.0,431.0,0.22675102949142456,0.026763200759887695,0.0,0.0,0.0,0.0,0.0,3193.1594673395157,3193.1862305402756,0.0,0.0,8353.0,135.0,118.0,0.0831347107887268,0.012449145317077637,0.0,0.0,0.0,0.0,0.0,2636.562427997589,2636.574877142906,0.0,0.0,10001.0,1046.0,906.0,0.5795050263404846,0.08754074573516846,0.0,0.0,0.0,0.0,0.0,1705.896287381649,1705.9838281273842,0.0,0.0,8609.0,606.0,274.0,0.19514590501785278,0.3473408818244934,0.0,0.0,0.0,0.0,0.0,4758.244311392307,4758.591652274132,0.0,0.0,14265.0,1186.0,1091.0,1.0020377039909363,0.08778297901153564,0.0,0.0,0.0,0.0,0.0,2038.1686872243881,2038.2564702033997,0.0,0.0,17392.0,1053.0,907.0,0.7886639833450317,0.15351605415344238,0.0,0.0,0.0,0.0,0.0,6191.214700162411,6191.368216216564,0.0,0.0,0.2709959529634369,194560,760,0.0982375885016824,0.9581774259868421,40,0.2061073738537634
40,1,0.14351590932319505,0.0,0.0,0.6157483552631579,0.9843427170258332,0.6061074090239249,0.17494811924499165,0.0,0.0,0.0,0.0,0.3842516447368421,0,0.0,0,0.04928417651528051,0.22544785652701793,0.0,0.0,0.27504949581563876,0.00031746277334030696,0,0.0,0.0360919230078396,0.06698729810778065,0.0,10748.0,1359.0,1001.0,1.0886775255203247,0.42059075832366943,0.0,0.0,0.0,0.0,0.0,3696.2104182243347,3696.6310089826584,0.0,0.0,24108.0,2232.0,2080.0,2.884908437728882,0.2044227123260498,0.0,0.0,0.0,0.0,0.0,6930.302238941193,6930.506661653519,0.0,0.0,7543.0,98.0,78.0,0.0682450532913208,0.017058610916137695,0.0,0.0,0.0,0.0,0.0,2815.828684449196,2815.845743060112,0.0,0.0,14181.0,1084.0,752.0,0.8922792673110962,0.4024062752723694,0.0,0.0,0.0,0.0,0.0,5921.186600983143,5921.589007258415,0.0,0.0,14441.0,573.0,492.0,0.5709506273269653,0.09130805730819702,0.0,0.0,0.0,0.0,0.0,7240.6152754426,7240.706583499908,0.0,0.0,6504.0,101.0,93.0,0.08949482440948486,0.016295313835144043,0.0,0.0,0.0,0.0,0.0,1695.940585076809,1695.956880390644,0.0,0.0,9178.0,706.0,532.0,0.5926302075386047,0.22810256481170654,0.0,0.0,0.0,0.0,0.0,3121.985695540905,3122.2137981057167,0.0,0.0,6537.0,200.0,191.0,0.1302536129951477,0.00819694995880127,0.0,0.0,0.0,0.0,0.0,785.6550472378731,785.6632441878319,0.0,0.0,9215.0,958.0,931.0,1.243288278579712,0.04085725545883179,0.0,0.0,0.0,0.0,0.0,346.166239798069,346.20709705352783,0.0,0.0,17345.0,2443.0,2316.0,2.4530884623527527,0.16993236541748047,0.0,0.0,0.0,0.0,0.0,1482.416183590889,1482.5861159563065,0.0,0.0,0.2750494957754486,194560,760,0.11977105386751263,0.9511204769736842,40,0.24999999999999997
41,1,0.14319270817853014,0.0,0.0,0.621422697368421,0.9762857778268134,0.6066861414595655,0.16590031231753527,0.0,0.0,0.0,0.0,0.37857730263157896,0,0.0,0,0.053866298964375774,0.22372859719356425,0.0,0.0,0.27794188866675157,0.00034699250881155757,0,0.0,0.03634236585348845,0.08066471602728797,0.0,14961.0,496.0,403.0,0.7056312561035156,0.14547491073608398,0.0,0.0,0.0,0.0,0.0,4752.777694046497,4752.923168957233,0.0,0.0,15540.0,3547.0,3103.0,6.0745736956596375,1.295174777507782,0.0,0.0,0.0,0.0,0.0,2635.0603573322296,2636.3555321097374,0.0,0.0,7722.0,281.0,236.0,0.3134387731552124,0.06090962886810303,0.0,0.0,0.0,0.0,0.0,1902.9516233801842,1903.0125330090523,0.0,0.0,9667.0,438.0,210.0,0.33985382318496704,0.36092066764831543,0.0,0.0,0.0,0.0,0.0,4981.266045868397,4981.626966536045,0.0,0.0,5731.0,744.0,567.0,0.8867741823196411,0.3851674795150757,0.0,0.0,0.0,0.0,0.0,1974.4333639144897,1974.8185313940048,0.0,0.0,7980.0,376.0,302.0,0.48188287019729614,0.15454012155532837,0.0,0.0,0.0,0.0,0.0,2175.3452647328377,2175.499804854393,0.0,0.0,13762.0,966.0,817.0,1.093087077140808,0.23040205240249634,0.0,0.0,0.0,0.0,0.0,2735.1837592720985,2735.414161324501,0.0,0.0,15990.0,440.0,316.0,0.37763887643814087,0.24761122465133667,0.0,0.0,0.0,0.0,0.0,4341.802910506725,4342.050521731377,0.0,0.0,14346.0,562.0,454.0,0.8330298066139221,0.1732965111732483,0.0,0.0,0.0,0.0,0.0,2829.131747364998,2829.305043876171,0.0,0.0,15205.0,756.0,527.0,0.7285875082015991,0.4632852077484131,0.0,0.0,0.0,0.0,0.0,3946.0951592326164,3946.558444440365,0.0,0.0,0.2779418886492127,194560,760,0.14420078911475445,0.9618832236842105,40,0.2966316784620998
42,1,0.14286202893495145,0.0,0.0,0.5660824424342106,0.971747925890316,0.5500894393183683,0.20119876713786078,0.0,0.0,0.0,0.0,0.4339175575657895,0,0.0,0,0.06543828540352957,0.22402328432194496,0.0,0.0,0.28984373210698416,0.00038216238150964366,0,0.0,0.035663392742801656,0.09549150281252627,0.0,13895.0,1408.0,1150.0,2.6265915632247925,0.6665046215057373,0.0,0.0,0.0,0.0,0.0,3952.6561430692673,3953.322647690773,0.0,0.0,11918.0,929.0,789.0,1.7155759930610657,0.4402327537536621,0.0,0.0,0.0,0.0,0.0,5849.787797272205,5850.228030025959,0.0,0.0,11574.0,413.0,386.0,0.8587157726287842,0.07321399450302124,0.0,0.0,0.0,0.0,0.0,3095.8530548214912,3095.9262688159943,0.0,0.0,10178.0,291.0,130.0,0.292636513710022,0.293293297290802,0.0,0.0,0.0,0.0,0.0,4905.619872808456,4905.913166105747,0.0,0.0,10865.0,57.0,43.0,0.0785517692565918,0.029136180877685547,0.0,0.0,0.0,0.0,0.0,5912.238073170185,5912.267209351063,0.0,0.0,12947.0,286.0,246.0,0.6011430621147156,0.10244184732437134,0.0,0.0,0.0,0.0,0.0,3385.301379621029,3385.4038214683533,0.0,0.0,9866.0,893.0,510.0,1.1830666661262512,1.2210500836372375,0.0,0.0,0.0,0.0,0.0,4676.433578789234,4677.654628872871,0.0,0.0,12234.0,1759.0,1201.0,1.7633289098739624,1.5138834118843079,0.0,0.0,0.0,0.0,0.0,4564.799542069435,4566.313425481319,0.0,0.0,11559.0,1585.0,1522.0,4.806389272212982,0.19378292560577393,0.0,0.0,0.0,0.0,0.0,1909.807593882084,1910.0013768076897,0.0,0.0,5101.0,811.0,733.0,1.841085135936737,0.24933665990829468,0.0,0.0,0.0,0.0,0.0,887.9520816206932,888.2014182806015,0.0,0.0,0.2898437320499828,194560,760,0.16549816005127996,0.9651572779605263,40,0.3454915028125263
43,1,0.14252390785516453,0.0,0.0,0.5617855674342105,0.9670318204389561,0.5432645199722366,0.18524927996638182,0.0,0.0,0.0,0.0,0.43821443256578946,0,0.0,0,0.058005834883998,0.2223764833651091,0.0,0.0,0.28081502399317715,0.0004327057440700867,0,0.0,0.03607165984025127,0.11142701927151455,0.0,15810.0,839.0,721.0,1.6816155314445496,0.3867306113243103,0.0,0.0,0.0,0.0,0.0,3607.1835597753525,3607.570290386677,0.0,0.0,12165.0,2098.0,1833.0,6.3039849400520325,1.018426537513733,0.0,0.0,0.0,0.0,0.0,3056.5128514766693,3057.531278014183,0.0,0.0,7983.0,562.0,425.0,1.1346524953842163,0.37711232900619507,0.0,0.0,0.0,0.0,0.0,2867.835978090763,2868.2130904197693,0.0,0.0,11655.0,1209.0,691.0,2.0552770495414734,2.0144715309143066,0.0,0.0,0.0,0.0,0.0,5106.586708188057,5108.601179718971,0.0,0.0,7394.0,689.0,609.0,1.6162649989128113,0.20801323652267456,0.0,0.0,0.0,0.0,0.0,1613.8620808720589,1614.0700941085815,0.0,0.0,11169.0,768.0,361.0,1.2215949892997742,1.5477095246315002,0.0,0.0,0.0,0.0,0.0,4617.140231013298,4618.6879405379295,0.0,0.0,8109.0,327.0,95.0,0.25960803031921387,0.8255802989006042,0.0,0.0,0.0,0.0,0.0,5568.77833211422,5569.60391241312,0.0,0.0,14886.0,334.0,262.0,0.8523832559585571,0.2387288212776184,0.0,0.0,0.0,0.0,0.0,4923.84816390276,4924.086892724037,0.0,0.0,10095.0,385.0,366.0,1.5584563612937927,0.09557056427001953,0.0,0.0,0.0,0.0,0.0,1694.7316566705704,1694.8272272348404,0.0,0.0,10035.0,373.0,195.0,0.4621087312698364,0.6023527383804321,0.0,0.0,0.0,0.0,0.0,2978.3057141900063,2978.9080669283867,0.0,0.0,0.2808150232818566,194560,760,0.1876199223199173,0.9537314967105263,40,0.39604415459112036
44,1,0.14217838201795596,0.0,0.0,0.5663137335526316,0.9637684990084721,0.5457953369539035,0.2041805061903831,0.0,0.0,0.0,0.0,0.4336862664473684,0,0.0,0,0.06251906784202316,0.21206228949717784,0.0,0.0,0.2750632388262793,0.0004818814870783459,0,0.0,0.036551033479994846,0.12842758726130288,0.0,13554.0,2017.0,1550.0,5.5966790318489075,1.752877414226532,0.0,0.0,0.0,0.0,0.0,4480.313491404057,4482.066368818283,0.0,0.0,21389.0,1025.0,920.0,3.69829261302948,0.42053747177124023,0.0,0.0,0.0,0.0,0.0,9236.725451350212,9237.145988821983,0.0,0.0,4644.0,35.0,28.0,0.10989826917648315,0.024323225021362305,0.0,0.0,0.0,0.0,0.0,2045.0788861513138,2045.1032093763351,0.0,0.0,17188.0,714.0,543.0,2.563454747200012,0.72577965259552,0.0,0.0,0.0,0.0,0.0,7981.028094470501,7981.7538741230965,0.0,0.0,12645.0,117.0,95.0,0.33973753452301025,0.08175444602966309,0.0,0.0,0.0,0.0,0.0,6138.818239331245,6138.899993777275,0.0,0.0,10059.0,477.0,305.0,1.2787280678749084,0.8835146427154541,0.0,0.0,0.0,0.0,0.0,4113.1702635884285,4114.053778231144,0.0,0.0,6124.0,313.0,226.0,0.5151770114898682,0.37741971015930176,0.0,0.0,0.0,0.0,0.0,2651.248775243759,2651.6261949539185,0.0,0.0,10176.0,1624.0,1301.0,4.632257878780365,1.8231871724128723,0.0,0.0,0.0,0.0,0.0,1510.0443919301033,1511.8675791025162,0.0,0.0,3904.0,110.0,99.0,0.43186497688293457,0.03802305459976196,0.0,0.0,0.0,0.0,0.0,436.3207237124443,436.35874676704407,0.0,0.0,10499.0,1733.0,1622.0,5.545424997806549,0.5899960994720459,0.0,0.0,0.0,0.0,0.0,1125.893478155136,1126.4834742546082,0.0,0.0,0.2750632388125125,194560,760,0.21004663756803463,0.9477641858552631,40,0.4477357683661733
45,1,0.14182548931412758,0.0,0.0,0.5702559621710527,0.9514473524678903,0.5425685254366774,0.23909880870119912,0.0,0.0,0.0,0.0,0.4297440378289474,0,0.0,0,0.06309809113521815,0.2196289049265416,0.0,0.0,0.28321814193902695,0.0004911458772671483,0,0.0,0.036565264035016296,0.1464466094067262,0.0,11241.0,306.0,274.0,1.073829472064972,0.13646000623703003,0.0,0.0,0.0,0.0,0.0,2615.728847026825,2615.865307033062,0.0,0.0,12500.0,2902.0,1756.0,9.785260200500488,8.649274587631226,0.0,0.0,0.0,0.0,0.0,4765.643467545509,4774.292742133141,0.0,0.0,8591.0,259.0,153.0,0.6828591227531433,0.6091495156288147,0.0,0.0,0.0,0.0,0.0,5018.999096214771,5019.6082457304,0.0,0.0,9674.0,1033.0,384.0,2.0221009254455566,3.8152589201927185,0.0,0.0,0.0,0.0,0.0,5864.697401106358,5868.51266002655,0.0,0.0,12158.0,650.0,551.0,2.26593279838562,0.45169687271118164,0.0,0.0,0.0,0.0,0.0,4157.281268656254,4157.732965528965,0.0,0.0,9081.0,279.0,200.0,0.9357026219367981,0.3663807511329651,0.0,0.0,0.0,0.0,0.0,4315.240218997002,4315.606599748135,0.0,0.0,9671.0,564.0,335.0,1.5127577185630798,1.3958075046539307,0.0,0.0,0.0,0.0,0.0,4411.673754632473,4413.069562137127,0.0,0.0,13513.0,323.0,161.0,0.6476744413375854,1.075670301914215,0.0,0.0,0.0,0.0,0.0,4288.294865846634,4289.370536148548,0.0,0.0,10487.0,392.0,346.0,2.5269282460212708,0.2737221121788025,0.0,0.0,0.0,0.0,0.0,2999.595490157604,2999.869212269783,0.0,0.0,14033.0,891.0,504.0,2.0228182673454285,2.5098057985305786,0.0,0.0,0.0,0.0,0.0,8062.626546740532,8065.1363525390625,0.0,0.0,0.2832181419196882,194560,760,0.23842760489175194,0.9546618009868421,40,0.49999999999999994
46,1,0.14146526844234109,0.0,0.0,0.6065686677631579,0.9468947352771829,0.5743566780890289,0.17915551101568303,0.0,0.0,0.0,0.0,0.3934313322368421,0,0.0,0,0.051349655385466146,0.21079863473576935,0.0,0.0,0.2625838045917159,0.00043551447048038855,0,0.0,0.036420007947048076,0.16543469682057088,0.0,10069.0,666.0,582.0,3.0586774945259094,0.4702155590057373,0.0,0.0,0.0,0.0,0.0,2442.954456090927,2443.424671649933,0.0,0.0,22340.0,816.0,679.0,4.246220111846924,0.8491789102554321,0.0,0.0,0.0,0.0,0.0,6232.60727417469,6233.456453084946,0.0,0.0,6632.0,314.0,169.0,1.200502097606659,1.0661869645118713,0.0,0.0,0.0,0.0,0.0,3436.1908781528473,3437.257065117359,0.0,0.0,10279.0,377.0,268.0,1.63628089427948,0.5734975337982178,0.0,0.0,0.0,0.0,0.0,4715.608571827412,4716.18206936121,0.0,0.0,13355.0,332.0,264.0,1.8016735911369324,0.4282326102256775,0.0,0.0,0.0,0.0,0.0,5869.195102870464,5869.62333548069,0.0,0.0,6197.0,211.0,157.0,0.5714167356491089,0.3582640290260315,0.0,0.0,0.0,0.0,0.0,2631.972863674164,2632.33112770319,0.0,0.0,7897.0,673.0,501.0,2.7646440267562866,1.3480178117752075,0.0,0.0,0.0,0.0,0.0,2037.4425938129425,2038.7906116247177,0.0,0.0,15132.0,1442.0,1197.0,7.644398510456085,1.9617969393730164,0.0,0.0,0.0,0.0,0.0,3406.765903532505,3408.727700471878,0.0,0.0,9590.0,1530.0,1396.0,13.976016223430634,1.4366017580032349,0.0,0.0,0.0,0.0,0.0,1001.4682255983353,1002.9048273563385,0.0,0.0,16523.0,3148.0,2578.0,16.78669911623001,5.594625294208527,0.0,0.0,0.0,0.0,0.0,3068.203825354576,3073.7984506487846,0.0,0.0,0.26258380443445944,194560,760,0.27214071456539,0.9644788240131579,40,0.5522642316338265
47,1,0.14109775890487442,0.0,0.0,0.5900647615131579,0.9484755876403789,0.5596620214220724,0.15622822172743708,0.0,0.0,0.0,0.0,0.4099352384868421,0,0.0,0,0.05261000557986431,0.2164860355912855,0.0,0.0,0.2696028530330583,0.0005068118619084615,0,0.0,0.03656583168102722,0.18533980447508125,0.0,6926.0,751.0,710.0,4.1889830231666565,0.2680169939994812,0.0,0.0,0.0,0.0,0.0,893.5463691949844,893.8143861889839,0.0,0.0,13551.0,2776.0,2639.0,24.639642894268036,1.617129623889923,0.0,0.0,0.0,0.0,0.0,475.7075562477112,477.3246858716011,0.0,0.0,13214.0,615.0,483.0,3.243995189666748,1.4121806621551514,0.0,0.0,0.0,0.0,0.0,3931.10010355711,3932.512284219265,0.0,0.0,11313.0,674.0,538.0,4.751020789146423,1.3449652194976807,0.0,0.0,0.0,0.0,0.0,4160.722148299217,4162.067113518715,0.0,0.0,13315.0,1354.0,1075.0,8.1698499917984,2.4593698978424072,0.0,0.0,0.0,0.0,0.0,3802.1378036141396,3804.597173511982,0.0,0.0,15715.0,494.0,405.0,3.324876308441162,0.7359590530395508,0.0,0.0,0.0,0.0,0.0,5538.963867366314,5539.6998264193535,0.0,0.0,9059.0,361.0,288.0,1.7788825631141663,0.4919068217277527,0.0,0.0,0.0,0.0,0.0,2145.168922662735,2145.6608294844627,0.0,0.0,9647.0,823.0,793.0,4.077296018600464,0.33333683013916016,0.0,0.0,0.0,0.0,0.0,1251.028919160366,1251.3622559905052,0.0,0.0,7984.0,171.0,149.0,1.3460838794708252,0.22555512189865112,0.0,0.0,0.0,0.0,0.0,2878.7334805727005,2878.959035694599,0.0,0.0,14079.0,1105.0,966.0,7.781658291816711,1.368317723274231,0.0,0.0,0.0,0.0,0.0,5308.39679646492,5309.765114188194,0.0,0.0,0.2696028524323514,194560,760,0.28803584124696885,0.9623972039473684,40,0.6039558454088796
48,1,0.14072300100328974,0.0,0.0,0.6191457648026316,0.9583560687951885,0.5933621011674404,0.16606804135770195,0.0,0.0,0.0,0.0,0.38085423519736844,0,0.0,0,0.04188970799380178,0.2117901988817673,0.0,0.0,0.25411068692852784,0.0004307800529587487,0,0.0,0.03672183019746291,0.20610737385376343,0.0,11662.0,626.0,538.0,5.694373726844788,0.7226706147193909,0.0,0.0,0.0,0.0,0.0,3191.1967287659645,3191.919399380684,0.0,0.0,20749.0,1042.0,966.0,10.551267862319946,0.7126247882843018,0.0,0.0,0.0,0.0,0.0,4480.880413413048,4481.593038201332,0.0,0.0,8290.0,308.0,252.0,2.06603467464447,0.5479186177253723,0.0,0.0,0.0,0.0,0.0,2916.1916761398315,2916.739594757557,0.0,0.0,15351.0,745.0,260.0,2.604701578617096,5.925560772418976,0.0,0.0,0.0,0.0,0.0,7867.583013474941,7873.50857424736,0.0,0.0,11892.0,570.0,474.0,4.529079437255859,0.972123920917511,0.0,0.0,0.0,0.0,0.0,5095.047577083111,5096.019701004028,0.0,0.0,11508.0,1329.0,1026.0,9.33224219083786,3.0228629112243652,0.0,0.0,0.0,0.0,0.0,2763.595006287098,2766.6178691983223,0.0,0.0,13676.0,1106.0,868.0,7.802087724208832,2.4891780614852905,0.0,0.0,0.0,0.0,0.0,3407.940244793892,3410.429422855377,0.0,0.0,7310.0,452.0,450.0,1.923155665397644,0.013636767864227295,0.0,0.0,0.0,0.0,0.0,439.13617718219757,439.1498139500618,0.0,0.0,8273.0,636.0,556.0,6.449467420578003,1.1303553581237793,0.0,0.0,0.0,0.0,0.0,1137.0473920106888,1138.1777473688126,0.0,0.0,11750.0,1606.0,1542.0,16.440336644649506,0.9690207242965698,0.0,0.0,0.0,0.0,0.0,995.0739215016365,996.0429422259331,0.0,0.0,0.2541106872456638,194560,760,0.31275615162755316,0.9415193256578948,40,0.6545084971874738
49,1,0.14034103583401422,0.0,0.0,0.6035670230263158,0.9444731823358322,0.570052866990629,0.15513756022739567,0.0,0.0,0.0,0.0,0.39643297697368424,0,0.0,0,0.04865215522065563,0.20505890514897673,0.0,0.0,0.25423539812746687,0.0005243377578345213,0,0.0,0.037011292816973046,0.2276804824924864,0.0,15337.0,980.0,898.0,8.371311843395233,0.9573910236358643,0.0,0.0,0.0,0.0,0.0,3483.160643875599,3484.1180348992348,0.0,0.0,15573.0,2783.0,2373.0,36.33880278468132,6.794048994779587,0.0,0.0,0.0,0.0,0.0,3388.215496301651,3395.0095452964306,0.0,0.0,4427.0,81.0,71.0,0.7164477109909058,0.1031336784362793,0.0,0.0,0.0,0.0,0.0,1657.9928558468819,1658.0959895253181,0.0,0.0,14857.0,1369.0,1071.0,11.309495627880096,3.176599085330963,0.0,0.0,0.0,0.0,0.0,5087.513343811035,5090.689942896366,0.0,0.0,12545.0,589.0,441.0,4.447391748428345,1.8814697861671448,0.0,0.0,0.0,0.0,0.0,6525.135025978088,6527.0164957642555,0.0,0.0,7423.0,36.0,33.0,0.3016893267631531,0.028260350227355957,0.0,0.0,0.0,0.0,0.0,2523.970577776432,2523.9988381266594,0.0,0.0,5461.0,477.0,313.0,2.7913992404937744,2.110701024532318,0.0,0.0,0.0,0.0,0.0,1931.006542623043,1933.1172436475754,0.0,0.0,11026.0,201.0,163.0,1.6111122369766235,0.4863712787628174,0.0,0.0,0.0,0.0,0.0,3391.5738783478737,3392.0602496266365,0.0,0.0,13262.0,751.0,738.0,9.247829496860504,0.2645655870437622,0.0,0.0,0.0,0.0,0.0,482.7623687982559,483.0269343852997,0.0,0.0,17519.0,847.0,789.0,8.872427523136139,0.7925545573234558,0.0,0.0,0.0,0.0,0.0,1695.6379150748253,1696.4304696321487,0.0,0.0,0.2542353984752768,194560,760,0.3325306245174847,0.9314350328947368,40,0.7033683215379
50,1,0.13995190528383286,0.0,0.0,0.5842259457236842,0.9386193229314654,0.5483657616141595,0.18362772185845594,0.0,0.0,0.0,0.0,0.4157740542763158,0,0.0,0,0.04443736031626989,0.21026227916345785,0.0,0.0,0.2552783889405347,0.0005787494608069353,0,0.0,0.03682835745674215,0.24999999999999994,0.0,12016.0,1426.0,1232.0,12.87447303533554,2.3414841294288635,0.0,0.0,0.0,0.0,0.0,3319.688843667507,3322.030327796936,0.0,0.0,14495.0,1672.0,1544.0,22.935929477214813,2.3745578229427338,0.0,0.0,0.0,0.0,0.0,3364.0464129447937,3366.4209707677364,0.0,0.0,9485.0,218.0,186.0,2.0524967908859253,0.4159519672393799,0.0,0.0,0.0,0.0,0.0,3851.2975712418556,3851.713523209095,0.0,0.0,12848.0,1017.0,798.0,12.144100725650787,3.374110519886017,0.0,0.0,0.0,0.0,0.0,5149.294373750687,5152.668484270573,0.0,0.0,13299.0,664.0,539.0,6.108283817768097,1.811826467514038,0.0,0.0,0.0,0.0,0.0,5397.517325401306,5399.32915186882,0.0,0.0,5831.0,180.0,86.0,0.8876775503158569,1.5823674201965332,0.0,0.0,0.0,0.0,0.0,3295.3165152668953,3296.898882687092,0.0,0.0,8458.0,449.0,285.0,3.223174035549164,3.2531155943870544,0.0,0.0,0.0,0.0,0.0,3000.9706512093544,3004.2237668037415,0.0,0.0,12641.0,1214.0,1099.0,15.114369213581085,1.7197920083999634,0.0,0.0,0.0,0.0,0.0,2028.9152465462685,2030.6350385546684,0.0,0.0,9790.0,534.0,449.0,6.291885614395142,1.4914510250091553,0.0,0.0,0.0,0.0,0.0,2265.5102563500404,2267.0017073750496,0.0,0.0,14804.0,1748.0,1604.0,22.67077249288559,2.5110875964164734,0.0,0.0,0.0,0.0,0.0,4033.176635146141,4035.6877227425575,0.0,0.0,0.2552783892244885,194560,760,0.34537941648771886,0.91875,40,0.7499999999999999
51,1,0.13955565202529577,0.0,0.0,0.60673828125,0.9455533958686535,0.5737034422394477,0.11887876254898545,0.0,0.0,0.0,0.0,0.39326171875,0,0.0,0,0.04427758738027861,0.20981609892884368,0.0,0.0,0.2546425808580113,0.0005488945488889983,0,0.0,0.036505616176873444,0.2730047501302266,0.0,13623.0,766.0,710.0,9.229164242744446,0.9583969712257385,0.0,0.0,0.0,0.0,0.0,1809.2864072322845,1810.2448042035103,0.0,0.0,9110.0,577.0,567.0,8.691470980644226,0.12776118516921997,0.0,0.0,0.0,0.0,0.0,461.8952326178551,462.0229938030243,0.0,0.0,10795.0,505.0,403.0,6.0279682874679565,1.8144800662994385,0.0,0.0,0.0,0.0,0.0,3450.02152299881,3451.8360030651093,0.0,0.0,7283.0,184.0,154.0,1.816107153892517,0.4814668297767639,0.0,0.0,0.0,0.0,0.0,1713.180975496769,1713.6624423265457,0.0,0.0,8083.0,668.0,537.0,7.500324845314026,2.1324586868286133,0.0,0.0,0.0,0.0,0.0,2417.0214797854424,2419.153938472271,0.0,0.0,15778.0,824.0,580.0,9.510388314723969,4.4659565687179565,0.0,0.0,0.0,0.0,0.0,5470.7935136556625,5475.2594702243805,0.0,0.0,12424.0,997.0,838.0,11.151369214057922,2.5793948769569397,0.0,0.0,0.0,0.0,0.0,2555.6107677817345,2558.1901626586914,0.0,0.0,14494.0,1652.0,1505.0,16.655943155288696,2.3353413939476013,0.0,0.0,0.0,0.0,0.0,2091.1992807388306,2093.534622132778,0.0,0.0,13795.0,1106.0,1056.0,16.940793931484222,0.9109674692153931,0.0,0.0,0.0,0.0,0.0,2068.7687317728996,2069.679699242115,0.0,0.0,12662.0,2055.0,1980.0,31.673098266124725,1.6200973391532898,0.0,0.0,0.0,0.0,0.0,1073.8478587269783,1075.4679560661316,0.0,0.0,0.25464258064564904,194560,760,0.3792727562745935,0.959241365131579,40,0.7938926261462365
52,1,0.13915231951203802,0.0,0.0,0.5926500822368421,0.936385740049528,0.5549490858457591,0.1390388986389888,0.0,0.0,0.0,0.0,0.4073499177631579,0,0.0,0,0.032271631298384534,0.20640420926440703,0.0,0.0,0.23924170677886364,0.0005658662160720651,0,0.0,0.03662993190810084,0.2966316784620998,0.0,10579.0,1128.0,935.0,12.890745282173157,3.18718284368515,0.0,0.0,0.0,0.0,0.0,1986.1288826465607,1989.3160654902458,0.0,0.0,13088.0,1450.0,1406.0,25.380020260810852,1.1447100341320038,0.0,0.0,0.0,0.0,0.0,1337.7079133987427,1338.8526234328747,0.0,0.0,14702.0,382.0,356.0,5.9823490381240845,0.41953402757644653,0.0,0.0,0.0,0.0,0.0,4431.694878935814,4432.11441296339,0.0,0.0,8099.0,380.0,232.0,4.116101801395416,3.118093490600586,0.0,0.0,0.0,0.0,0.0,3868.5864817500114,3871.704575240612,0.0,0.0,10576.0,563.0,533.0,8.14513748884201,0.5650955438613892,0.0,0.0,0.0,0.0,0.0,1951.116007566452,1951.6811031103134,0.0,0.0,18803.0,1559.0,1036.0,20.543717920780182,12.137483805418015,0.0,0.0,0.0,0.0,0.0,5796.017283260822,5808.15476706624,0.0,0.0,8182.0,618.0,555.0,7.7299981117248535,1.0020877122879028,0.0,0.0,0.0,0.0,0.0,1910.4275349378586,1911.4296226501465,0.0,0.0,17320.0,2016.0,1632.0,22.67935186624527,9.425379455089569,0.0,0.0,0.0,0.0,0.0,3421.6859624385834,3431.111341893673,0.0,0.0,7546.0,742.0,690.0,14.482721328735352,1.303720772266388,0.0,0.0,0.0,0.0,0.0,962.2651228904724,963.5688436627388,0.0,0.0,6411.0,434.0,388.0,3.850780963897705,1.3003123998641968,0.0,0.0,0.0,0.0,0.0,1352.1744645237923,1353.4747769236565,0.0,0.0,0.23924170662894062,194560,760,0.39011565415482774,0.9328125,40,0.8345653031794289
53,1,0.1387419519740148,0.0,0.0,0.6067228618421052,0.9290581560640632,0.5636808232649376,0.1816748456134902,0.0,0.0,0.0,0.0,0.3932771381578947,0,0.0,0,0.03881443129579757,0.20314871833512657,0.0,0.0,0.24257214002611457,0.0006089903951904393,0,0.0,0.036624062218164145,0.3208160252273499,0.0,18397.0,992.0,857.0,15.700371026992798,2.418328285217285,0.0,0.0,0.0,0.0,0.0,5322.004406154156,5324.422734439373,0.0,0.0,12646.0,1260.0,971.0,16.94238829612732,6.342796117067337,0.0,0.0,0.0,0.0,0.0,5567.789997041225,5574.132793158293,0.0,0.0,7467.0,658.0,542.0,9.09505832195282,1.7684611678123474,0.0,0.0,0.0,0.0,0.0,1699.076381802559,1700.8448429703712,0.0,0.0,10410.0,263.0,186.0,2.6745357513427734,1.3868886828422546,0.0,0.0,0.0,0.0,0.0,3651.5546721220016,3652.941560804844,0.0,0.0,6792.0,359.0,317.0,3.798900783061981,0.8857775330543518,0.0,0.0,0.0,0.0,0.0,3116.6662900447845,3117.552067577839,0.0,0.0,8567.0,471.0,261.0,4.661363959312439,4.5768579840660095,0.0,0.0,0.0,0.0,0.0,4127.778924584389,4132.355782568455,0.0,0.0,9658.0,719.0,557.0,7.618745565414429,3.2704405784606934,0.0,0.0,0.0,0.0,0.0,2729.584951400757,2732.8553919792175,0.0,0.0,16109.0,1234.0,978.0,18.659663796424866,5.302727818489075,0.0,0.0,0.0,0.0,0.0,3760.477682054043,3765.780409872532,0.0,0.0,13038.0,822.0,796.0,18.198171108961105,0.6984912157058716,0.0,0.0,0.0,0.0,0.0,1238.0495045781136,1238.7479957938194,0.0,0.0,14960.0,655.0,607.0,11.54732233285904,1.0616251826286316,0.0,0.0,0.0,0.0,0.0,4105.962791144848,4107.0244163274765,0.0,0.0,0.24257213966430802,194560,760,0.40839485933906156,0.9258275082236842,40,0.8715724127386972
54,1,0.13832459441265113,0.0,0.0,0.6032175164473684,0.9248341582645044,0.5578761640740069,0.20093566588567277,0.0,0.0,0.0,0.0,0.39678248355263157,0,0.0,0,0.04827719238681694,0.2079172049207907,0.0,0.0,0.25679262838909234,0.0005982310814847311,0,0.0,0.036121917109152205,0.3454915028125263,0.0,16904.0,1418.0,1201.0,24.376382887363434,4.250362157821655,0.0,0.0,0.0,0.0,0.0,4649.386602640152,4653.636964797974,0.0,0.0,17948.0,1792.0,1676.0,32.43760120868683,2.301203966140747,0.0,0.0,0.0,0.0,0.0,5566.147963047028,5568.449167013168,0.0,0.0,10508.0,161.0,71.0,1.6127495765686035,2.4046878814697266,0.0,0.0,0.0,0.0,0.0,4404.20655310154,4406.611240983009,0.0,0.0,13813.0,512.0,368.0,6.75905704498291,2.792498290538788,0.0,0.0,0.0,0.0,0.0,6388.44424033165,6391.236738622189,0.0,0.0,13037.0,487.0,409.0,8.913072735071182,1.7031403183937073,0.0,0.0,0.0,0.0,0.0,4330.700447201729,4332.4035875201225,0.0,0.0,15523.0,597.0,513.0,13.47551143169403,2.6774908304214478,0.0,0.0,0.0,0.0,0.0,4901.416103065014,4904.093593895435,0.0,0.0,10972.0,1147.0,808.0,16.660662323236465,8.501552522182465,0.0,0.0,0.0,0.0,0.0,3719.884087383747,3728.3856399059296,0.0,0.0,5280.0,518.0,328.0,4.039602696895599,6.620655119419098,0.0,0.0,0.0,0.0,0.0,2038.097856104374,2044.718511223793,0.0,0.0,8493.0,902.0,875.0,26.089749664068222,0.8103289008140564,0.0,0.0,0.0,0.0,0.0,1354.2530130147934,1355.0633419156075,0.0,0.0,4884.0,262.0,201.0,4.585616290569305,1.7918270826339722,0.0,0.0,0.0,0.0,0.0,1707.652486026287,1709.444313108921,0.0,0.0,0.2567926287454994,194560,760,0.4239290527803333,0.9367290296052632,40,0.9045084971874735
55,1,0.1379002925959068,0.0,0.0,0.6216385690789473,0.9228466915114025,0.573677096790389,0.15574633955195744,0.0,0.0,0.0,0.0,0.3783614309210526,0,0.0,0,0.048832667532597525,0.19911953523559006,0.0,0.0,0.2485236039938938,0.0005714012257062438,0,0.0,0.03600402166086592,0.37059047744873963,0.0,10392.0,534.0,487.0,9.64173573255539,1.2395644187927246,0.0,0.0,0.0,0.0,0.0,2824.28747099638,2825.5270354151726,0.0,0.0,19518.0,2442.0,2041.0,57.94118067622185,12.266128271818161,0.0,0.0,0.0,0.0,0.0,3687.170073211193,3699.4362014830112,0.0,0.0,9852.0,546.0,406.0,8.845947921276093,3.0682417154312134,0.0,0.0,0.0,0.0,0.0,3826.8287962675095,3829.8970379829407,0.0,0.0,11941.0,737.0,554.0,13.864836871623993,5.182484477758408,0.0,0.0,0.0,0.0,0.0,3581.2612090706825,3586.443693548441,0.0,0.0,17366.0,1354.0,830.0,20.0979283452034,14.784256994724274,0.0,0.0,0.0,0.0,0.0,7220.402892649174,7235.187149643898,0.0,0.0,11169.0,769.0,592.0,14.001665949821472,4.639043629169464,0.0,0.0,0.0,0.0,0.0,2454.7639332413673,2459.402976870537,0.0,0.0,10269.0,954.0,784.0,16.332098305225372,5.118305951356888,0.0,0.0,0.0,0.0,0.0,1882.1182084679604,1887.2365144193172,0.0,0.0,6737.0,68.0,67.0,0.598382294178009,0.018666326999664307,0.0,0.0,0.0,0.0,0.0,798.9091585874557,798.9278249144554,0.0,0.0,9283.0,482.0,423.0,12.58084899187088,2.3844358325004578,0.0,0.0,0.0,0.0,0.0,1693.0101708769798,1695.3946067094803,0.0,0.0,14419.0,628.0,621.0,18.24261325597763,0.24484950304031372,0.0,0.0,0.0,0.0,0.0,2284.3100293278694,2284.5548788309097,0.0,0.0,0.24852360438947615,194560,760,0.4536877121384207,0.9434364720394737,40,0.9330127018922194
56,1,0.13746909305325744,0.0,0.0,0.613928865131579,0.9326893561328266,0.5726049179309293,0.14440582167896393,0.0,0.0,0.0,0.0,0.38607113486842104,0,0.0,0,0.03900847243724121,0.2004103255801295,0.0,0.0,0.24008294151617998,0.0006641434988092729,0,0.0,0.03666760203869719,0.3960441545911204,0.0,13559.0,973.0,843.0,23.463328063488007,3.769919276237488,0.0,0.0,0.0,0.0,0.0,2818.284526884556,2822.0544461607933,0.0,0.0,10564.0,1388.0,1295.0,33.68110156059265,3.261754095554352,0.0,0.0,0.0,0.0,0.0,1547.8215825557709,1551.0833366513252,0.0,0.0,8116.0,482.0,456.0,10.696257829666138,0.8535971641540527,0.0,0.0,0.0,0.0,0.0,1465.2969387173653,1466.1505358815193,0.0,0.0,14499.0,1041.0,560.0,13.200494349002838,14.407957822084427,0.0,0.0,0.0,0.0,0.0,6629.530683040619,6643.938640862703,0.0,0.0,8159.0,604.0,505.0,10.825034499168396,2.984065890312195,0.0,0.0,0.0,0.0,0.0,3668.42245721817,3671.4065231084824,0.0,0.0,8307.0,94.0,90.0,2.2094532251358032,0.06170380115509033,0.0,0.0,0.0,0.0,0.0,2355.150990962982,2355.2126947641373,0.0,0.0,7444.0,499.0,402.0,7.677097141742706,2.996175229549408,0.0,0.0,0.0,0.0,0.0,1926.0312789678574,1929.0274541974068,0.0,0.0,18651.0,621.0,446.0,11.161342442035675,6.784298658370972,0.0,0.0,0.0,0.0,0.0,3566.268122255802,3573.052420914173,0.0,0.0,14821.0,1449.0,1382.0,43.14257255196571,2.3731033205986023,0.0,0.0,0.0,0.0,0.0,1242.0943087935448,1244.4674121141434,0.0,0.0,15326.0,1304.0,1223.0,24.60712468624115,2.231052339076996,0.0,0.0,0.0,0.0,0.0,2836.9721907377243,2839.2032430768013,0.0,0.0,0.24008294191995733,194560,760,0.4434520234794993,0.9272306743421053,40,0.9567727288213005
57,1,0.13703104307059216,0.0,0.0,0.6096576891447368,0.9279877235127335,0.5657548510714581,0.14056267299517794,0.0,0.0,0.0,0.0,0.39034231085526316,0,0.0,0,0.03262085135287826,0.2035632262398538,0.0,0.0,0.23686302025767203,0.0006789426649399837,0,0.0,0.0368026274697561,0.4217827674798845,0.0,8779.0,1024.0,864.0,23.603893995285034,4.6685711145401,0.0,0.0,0.0,0.0,0.0,1488.1270397305489,1492.795610845089,0.0,0.0,9199.0,1534.0,1470.0,48.09388306736946,2.855391412973404,0.0,0.0,0.0,0.0,0.0,389.7653152346611,392.6207066476345,0.0,0.0,9767.0,361.0,325.0,8.677526652812958,0.9657995700836182,0.0,0.0,0.0,0.0,0.0,2870.5940315127373,2871.559831082821,0.0,0.0,12256.0,644.0,426.0,10.680624723434448,7.121642827987671,0.0,0.0,0.0,0.0,0.0,5403.851060092449,5410.972702920437,0.0,0.0,10597.0,258.0,240.0,6.067006289958954,0.5523291826248169,0.0,0.0,0.0,0.0,0.0,3225.2429287433624,3225.7952579259872,0.0,0.0,6937.0,358.0,298.0,5.384829342365265,1.9612284302711487,0.0,0.0,0.0,0.0,0.0,1719.8406329751015,1721.8018614053726,0.0,0.0,11278.0,1339.0,807.0,17.67808037996292,22.556260406970978,0.0,0.0,0.0,0.0,0.0,3479.0907347798347,3501.6469951868057,0.0,0.0,20614.0,1881.0,1630.0,44.89206200838089,8.467742502689362,0.0,0.0,0.0,0.0,0.0,2158.1809143424034,2166.648656845093,0.0,0.0,11838.0,796.0,756.0,24.6227368414402,1.456752061843872,0.0,0.0,0.0,0.0,0.0,1986.2538267374039,1987.7105787992477,0.0,0.0,17350.0,1871.0,1758.0,42.12520298361778,4.276633083820343,0.0,0.0,0.0,0.0,0.0,4572.044738173485,4576.321371257305,0.0,0.0,0.23686302041536883,194560,760,0.4606206424142185,0.9353926809210527,40,0.9755282581475767
58,1,0.13658619068502784,0.0,0.0,0.6039936266447369,0.9236535100755184,0.5578808333136533,0.1646293986711259,0.0,0.0,0.0,0.0,0.3960063733552632,0,0.0,0,0.030113038021341996,0.20620724761760548,0.0,0.0,0.2370244353821602,0.0007041497432127424,0,0.0,0.03639424067774886,0.4477357683661733,0.0,6443.0,610.0,534.0,17.588136941194534,2.284352123737335,0.0,0.0,0.0,0.0,0.0,940.5571690201759,942.8415211439133,0.0,0.0,11126.0,370.0,300.0,10.226235032081604,2.774727523326874,0.0,0.0,0.0,0.0,0.0,2878.0432770848274,2880.8180046081543,0.0,0.0,14102.0,770.0,669.0,20.635034561157227,3.4054356813430786,0.0,0.0,0.0,0.0,0.0,4001.1020000576973,4004.5074357390404,0.0,0.0,9193.0,258.0,108.0,2.9857669472694397,6.224297344684601,0.0,0.0,0.0,0.0,0.0,5020.194229722023,5026.418527066708,0.0,0.0,15779.0,692.0,594.0,17.34380465745926,3.5437145829200745,0.0,0.0,0.0,0.0,0.0,5585.388413250446,5588.932127833366,0.0,0.0,9757.0,652.0,565.0,15.204358339309692,2.8205248713493347,0.0,0.0,0.0,0.0,0.0,1547.527320444584,1550.3478453159332,0.0,0.0,11061.0,991.0,593.0,15.723665863275528,18.40376192331314,0.0,0.0,0.0,0.0,0.0,4073.624766290188,4092.028528213501,0.0,0.0,15355.0,1681.0,1465.0,47.063646137714386,6.981950461864471,0.0,0.0,0.0,0.0,0.0,1754.8150913119316,1761.797041773796,0.0,0.0,11534.0,1543.0,1365.0,52.559544533491135,6.974474370479584,0.0,0.0,0.0,0.0,0.0,1951.074768602848,1958.0492429733276,0.0,0.0,13163.0,3007.0,2261.0,68.2436788380146,30.70243924856186,0.0,0.0,0.0,0.0,0.0,4193.853061974049,4224.5555012226105,0.0,0.0,0.2370244359205428,194560,760,0.4565306215694076,0.9084138569078948,40,0.989073800366903
59,1,0.13613458467964154,0.0,0.0,0.6159231085526315,0.9306225913157121,0.5731919593324787,0.14267349592348758,0.0,0.0,0.0,0.0,0.3840768914473684,0,0.0,0,0.030897474828893073,0.2090865249304395,0.0,0.0,0.24067721064367154,0.0006932108843389678,0,0.0,0.03607304513356403,0.473832021878528,0.0,15731.0,1035.0,957.0,27.565743148326874,2.247879922389984,0.0,0.0,0.0,0.0,0.0,3226.643588244915,3228.891468167305,0.0,0.0,12973.0,1609.0,1553.0,61.134929895401,1.979271650314331,0.0,0.0,0.0,0.0,0.0,2735.646446943283,2737.6257185935974,0.0,0.0,9744.0,587.0,511.0,18.19000393152237,3.045136570930481,0.0,0.0,0.0,0.0,0.0,2663.2470319867134,2666.292168557644,0.0,0.0,11809.0,644.0,526.0,19.629350781440735,3.9737449884414673,0.0,0.0,0.0,0.0,0.0,5030.895508766174,5034.869253754616,0.0,0.0,10251.0,453.0,379.0,13.617579102516174,2.635017454624176,0.0,0.0,0.0,0.0,0.0,3652.1857650876045,3654.8207825422287,0.0,0.0,9314.0,447.0,355.0,11.410136818885803,2.8670493960380554,0.0,0.0,0.0,0.0,0.0,2570.800407230854,2573.667456626892,0.0,0.0,14864.0,1529.0,1066.0,27.56016981601715,19.558782637119293,0.0,0.0,0.0,0.0,0.0,4095.9607400894165,4115.519522726536,0.0,0.0,8373.0,1077.0,1045.0,26.46112611889839,1.052149474620819,0.0,0.0,0.0,0.0,0.0,1072.0669298768044,1073.1190793514252,0.0,0.0,13179.0,1148.0,1054.0,45.103741466999054,5.825607448816299,0.0,0.0,0.0,0.0,0.0,1681.3625787496567,1687.188186198473,0.0,0.0,13596.0,908.0,838.0,30.13941651582718,2.910775363445282,0.0,0.0,0.0,0.0,0.0,983.6510276794434,986.5618030428886,0.0,0.0,0.24067721021802801,194560,760,0.4577137072423571,0.9001027960526315,40,0.9972609476841364
60,1,0.13567627457812104,0.0,0.0,0.6121299342105263,0.9239478419079616,0.5655761316810783,0.17763966742265774,0.0,0.0,0.0,0.0,0.3878700657894737,0,0.0,0,0.035213179591013805,0.20421032215419568,0.0,0.0,0.2402079886947161,0.0007844869495066202,0,0.0,0.036330042132421546,0.49999999999999994,0.0,10877.0,1447.0,1260.0,37.692954272031784,6.749727547168732,0.0,0.0,0.0,0.0,0.0,2291.949462890625,2298.6991904377937,0.0,0.0,17027.0,1983.0,1664.0,74.30438667535782,15.392096102237701,0.0,0.0,0.0,0.0,0.0,4063.8633573055267,4079.2554534077644,0.0,0.0,10482.0,455.0,325.0,10.850811541080475,5.098291456699371,0.0,0.0,0.0,0.0,0.0,4808.142973899841,4813.241265356541,0.0,0.0,12128.0,770.0,637.0,25.410954177379608,5.218431770801544,0.0,0.0,0.0,0.0,0.0,3765.304618060589,3770.5230498313904,0.0,0.0,17245.0,1111.0,887.0,29.208638697862625,8.526936769485474,0.0,0.0,0.0,0.0,0.0,7539.641580760479,7548.168517529964,0.0,0.0,11585.0,291.0,153.0,4.760447263717651,4.761313021183014,0.0,0.0,0.0,0.0,0.0,5627.106853365898,5631.868166387081,0.0,0.0,3350.0,356.0,267.0,6.298796236515045,2.7178741097450256,0.0,0.0,0.0,0.0,0.0,924.3584517240524,927.0763258337975,0.0,0.0,10196.0,521.0,485.0,16.72569477558136,1.8030686974525452,0.0,0.0,0.0,0.0,0.0,1091.7252034544945,1093.528272151947,0.0,0.0,10248.0,652.0,624.0,22.081349849700928,1.2086369097232819,0.0,0.0,0.0,0.0,0.0,1248.1525161266327,1249.361153036356,0.0,0.0,15958.0,1082.0,1011.0,31.08351695537567,3.428988456726074,0.0,0.0,0.0,0.0,0.0,3146.4232637882233,3149.8522522449493,0.0,0.0,0.24020798861196166,194560,760,0.4522693504432314,0.8950298108552631,40,1.0
61,1,0.13521131063933362,0.0,0.0,0.6324527138157895,0.9178629018077518,0.580504883159148,0.13551529522274475,0.0,0.0,0.0,0.0,0.3675472861842105,0,0.0,0,0.04090216738542567,0.20015505322892416,0.0,0.0,0.24179174397247966,0.0007345233581298472,0,0.0,0.03561112318972224,0.5261679781214719,0.0006852326227130834,15627.0,960.0,909.0,26.089086592197418,1.5644376277923584,0.0,0.0,0.0,0.0,0.0,3374.89000838995,3376.454446017742,0.0,0.0,18468.0,3116.0,2970.0,125.80097502470016,6.2483009696006775,0.0,0.0,0.0,0.0,0.0,3605.001989006996,3611.250289976597,0.0,0.0,8193.0,637.0,597.0,23.75229012966156,1.8243823051452637,0.0,0.0,0.0,0.0,0.0,1469.1217445731163,1470.9461268782616,0.0,0.0,11146.0,598.0,500.0,18.86394554376602,3.67037695646286,0.0,0.0,0.0,0.0,0.0,2719.631906092167,2723.3022830486298,0.0,0.0,8191.0,1410.0,838.0,35.15511268377304,27.686158299446106,0.0,0.0,0.0,0.0,0.0,3267.5780595541,3295.264217853546,0.0,0.0,6731.0,215.0,147.0,5.107862055301666,2.82993620634079,0.0,0.0,0.0,0.0,0.0,2609.240250349045,2612.0701865553856,0.0,0.0,10319.0,428.0,308.0,9.795610427856445,6.022947937250137,0.0,0.0,0.0,0.0,0.0,3734.824895143509,3740.847843080759,0.0,0.0,15531.0,1259.0,1030.0,33.63964545726776,9.513150811195374,0.0,0.0,0.0,0.0,0.0,3836.489936888218,3846.0030876994133,0.0,0.0,15148.0,1127.0,1094.0,53.51555550098419,1.9063339829444885,0.0,0.0,0.0,0.0,0.0,991.8367608785629,993.7430948615074,0.0,0.0,13696.0,1473.0,1430.0,48.41383171081543,2.2679367065429688,0.0,0.0,0.0,0.0,0.0,693.7062304615974,695.9741671681404,0.0,0.0,0.24179174283421354,194560,760,0.47867005383105654,0.9358963815789474,40,1.0
62,1,0.13473974385181473,0.0,0.0,0.6261821546052632,0.9138326421802017,0.5722256928290191,0.13504871983865374,0.0,0.0,0.0,0.0,0.37381784539473684,0,0.0,0,0.04073674530863124,0.19736102482205944,0.0,0.0,0.23888629295512434,0.0007885228244336567,0,0.0,0.03636780987052541,0.5522642316338267,0.002739052315863355,13018.0,1124.0,952.0,30.3542919754982,7.743777692317963,0.0,0.0,0.0,0.0,0.0,1781.7641625404358,1789.5079402327538,0.0,0.0,12804.0,2544.0,2510.0,109.40147465467453,1.6633554100990295,0.0,0.0,0.0,0.0,0.0,292.8833265900612,294.5466820001602,0.0,0.0,12412.0,333.0,265.0,8.41375857591629,2.568078190088272,0.0,0.0,0.0,0.0,0.0,3849.213168799877,3851.7812469899654,0.0,0.0,7189.0,646.0,555.0,23.55783700942993,3.907720685005188,0.0,0.0,0.0,0.0,0.0,2596.681483745575,2600.58920443058,0.0,0.0,9272.0,105.0,95.0,3.289897620677948,0.2692229747772217,0.0,0.0,0.0,0.0,0.0,1676.6133702993393,1676.8825932741165,0.0,0.0,12542.0,646.0,522.0,26.28873136639595,6.32174950838089,0.0,0.0,0.0,0.0,0.0,4055.4514768719673,4061.773226380348,0.0,0.0,11456.0,1381.0,1144.0,38.015009582042694,12.147586584091187,0.0,0.0,0.0,0.0,0.0,2614.1164751648903,2626.2640617489815,0.0,0.0,14794.0,2080.0,1585.0,45.034581422805786,26.544980973005295,0.0,0.0,0.0,0.0,0.0,3180.4409754276276,3206.985956400633,0.0,0.0,14457.0,1459.0,1304.0,57.944364070892334,8.662468314170837,0.0,0.0,0.0,0.0,0.0,2230.627446234226,2239.289914548397,0.0,0.0,13886.0,1159.0,1037.0,42.419542610645294,5.880917489528656,0.0,0.0,0.0,0.0,0.0,3921.5771785378456,3927.4580960273743,0.0,0.0,0.2388862930238247,194560,760,0.4790727301843857,0.9539011101973685,40,1.0
63,1,0.13426162592817675,0.0,0.0,0.6277652138157894,0.9278159212829123,0.5824505602058612,0.1707898502544451,0.0,0.0,0.0,0.0,0.3722347861842105,0,0.0,0,0.03226923004028657,0.19458834629898009,0.0,0.0,0.22778682448594112,0.0009292481466744855,0,0.0,0.03638890053782808,0.5782172325201155,0.006155829702431115,15157.0,1085.0,985.0,39.46683710813522,4.219136357307434,0.0,0.0,0.0,0.0,0.0,3772.182690858841,3776.4018272161484,0.0,0.0,16382.0,695.0,669.0,30.966507494449615,0.9681033194065094,0.0,0.0,0.0,0.0,0.0,3632.9074497818947,3633.875553101301,0.0,0.0,9208.0,526.0,370.0,13.184315264225006,7.1245540380477905,0.0,0.0,0.0,0.0,0.0,3632.4690896868706,3639.5936437249184,0.0,0.0,10613.0,154.0,133.0,4.768516540527344,0.447343111038208,0.0,0.0,0.0,0.0,0.0,3264.421912550926,3264.8692556619644,0.0,0.0,13284.0,698.0,559.0,24.681372702121735,6.429738700389862,0.0,0.0,0.0,0.0,0.0,6139.032655417919,6145.462394118309,0.0,0.0,6706.0,709.0,278.0,13.162381440401077,22.953162223100662,0.0,0.0,0.0,0.0,0.0,3457.3229398727417,3480.2761020958424,0.0,0.0,10408.0,627.0,478.0,15.442631304264069,7.562136888504028,0.0,0.0,0.0,0.0,0.0,3532.226934313774,3539.789071202278,0.0,0.0,8340.0,271.0,259.0,4.948745012283325,0.2582613229751587,0.0,0.0,0.0,0.0,0.0,1480.6429889202118,1480.901250243187,0.0,0.0,15286.0,2383.0,2200.0,123.51485645771027,12.071474224328995,0.0,0.0,0.0,0.0,0.0,1625.457820057869,1637.529294282198,0.0,0.0,16754.0,2122.0,1983.0,83.93052688241005,6.6203582882881165,0.0,0.0,0.0,0.0,0.0,2623.5544807314873,2630.1748390197754,0.0,0.0,0.22778682464635686,194560,760,0.46520660319610646,0.8946648848684211,40,1.0
64,1,0.13377700929943795,0.0,0.037037037037037035,0.6125102796052632,0.9287813710818267,0.5688881372934893,0.1384857237240986,0.28710423519736844,0.023599232822802286,0.006775439690835283,0.003482943422032373,0.10038548519736842,0,0.0,0,0.024878961583415633,0.19457632519892956,0.009627497038980092,0.005693381989327556,0.23575803297514877,0.0009818671644959403,55859,0.5765767378578206,0.03663755245506763,0.6039558454088796,0.010926199633097156,13849.0,2026.0,1841.0,73.10873803496361,8.265800654888153,0.0,0.0,0.0,0.0,0.0,1551.4505273103714,1559.7163279652596,0.0,0.0,14818.0,1631.0,1582.0,70.68452683091164,2.5295031666755676,0.0,0.0,0.0,0.0,0.0,1494.9024762511253,1497.431979417801,0.0,0.0,7851.0,366.0,336.0,13.106911301612854,1.2384745478630066,0.0,0.0,0.0,0.0,0.0,1415.1696894168854,1416.4081639647484,0.0,0.0,15085.0,654.0,589.0,31.157189667224884,2.90854150056839,0.0,0.0,0.0,0.0,0.0,5401.916692137718,5404.825233638287,0.0,0.0,12944.0,990.0,786.0,27.012272596359253,8.849692285060883,0.0,0.0,0.0,0.0,0.0,5749.2706597447395,5758.1203520298,0.0,0.0,7604.0,76.0,68.0,1.942394733428955,0.2854422330856323,0.0,0.0,0.0,0.0,0.0,2635.328641653061,2635.6140838861465,0.0,0.0,8186.0,987.0,712.0,24.256519496440887,12.99338984489441,0.0,0.0,0.0,0.0,0.0,2310.854813694954,2323.8482035398483,0.0,0.0,8425.0,584.0,517.0,20.610258102416992,3.50537770986557,0.0,0.0,0.0,0.0,0.0,1708.5922366380692,1712.0976143479347,0.0,0.0,13255.0,1321.0,1177.0,63.83844497799873,10.533233523368835,0.0,0.0,0.0,0.0,0.0,1343.4536275863647,1353.9868611097336,0.0,0.0,17153.0,2098.0,2023.0,82.30336689949036,3.5220237970352173,0.0,0.0,0.0,0.0,0.0,3278.2116196751595,3281.7336434721947,0.0,0.0,0.23575803230663664,194560,760,0.4475189051933979,0.8868112664473684,40,1.0
65,1,0.1332859471092728,0.0,0.07407407407407407,0.6439761513157894,0.9292369146888688,0.5984064119818964,0.11276679207864952,0.2638414884868421,0.04620991755374381,0.012192093430234021,0.006071458781891698,0.09218236019736842,0,0.0,0,0.022131648835248166,0.1918970168225075,0.01664289088654704,0.0110308312068441,0.2426967935447933,0.0009944057936464607,51333,0.5511853973077747,0.03663913990419946,0.6294095225512604,0.017037086855465844,13780.0,1164.0,1032.0,45.37448608875275,5.216648995876312,0.0,0.0,0.0,0.0,0.0,2063.4412890672684,2068.6579380631447,0.0,0.0,14424.0,1633.0,1611.0,62.710896611213684,1.2874411344528198,0.0,0.0,0.0,0.0,0.0,433.86174988746643,435.14919102191925,0.0,0.0,7128.0,87.0,84.0,2.7698224782943726,0.17442667484283447,0.0,0.0,0.0,0.0,0.0,1078.48145788908,1078.6558845639229,0.0,0.0,10832.0,945.0,578.0,20.79889726638794,20.023207366466522,0.0,0.0,0.0,0.0,0.0,5007.059107720852,5027.082315087318,0.0,0.0,5443.0,183.0,113.0,6.0506879687309265,3.147529125213623,0.0,0.0,0.0,0.0,0.0,3132.748487472534,3135.896016597748,0.0,0.0,7603.0,590.0,482.0,20.436708688735962,6.846020817756653,0.0,0.0,0.0,0.0,0.0,1709.1804815530777,1716.0265023708344,0.0,0.0,13607.0,1143.0,873.0,37.444111466407776,17.756997048854828,0.0,0.0,0.0,0.0,0.0,3608.272552192211,3626.029549241066,0.0,0.0,16764.0,1481.0,1365.0,42.36058443784714,6.556063950061798,0.0,0.0,0.0,0.0,0.0,2182.1982052326202,2188.754269182682,0.0,0.0,19082.0,2275.0,2196.0,127.79642686247826,5.33698034286499,0.0,0.0,0.0,0.0,0.0,1437.642994403839,1442.979974746704,0.0,0.0,16629.0,3137.0,2985.0,113.66132792830467,10.062163770198822,0.0,0.0,0.0,0.0,0.0,1210.6133100390434,1220.6754738092422,0.0,0.0,0.2426967930244772,194560,760,0.4584027975601585,0.8988075657894737,40,1.0
66,1,0.1327884932081842,0.0,0.1111111111111111,0.617418791118421,0.9230252971986578,0.5698931631681167,0.14063564294606054,0.2812294407894737,0.06851364169450903,0.019268053140197146,0.010415683018264213,0.10135176809210526,0,0.0,0,0.03553052721062589,0.1906090813247781,0.03196299045635333,0.01682652189020525,0.27590270994359173,0.0009735890616292109,54716,0.4949923240002924,0.036233328121077074,0.6545084971874737,0.024471741852423234,10399.0,1334.0,1170.0,45.1322925388813,9.596777081489563,0.0,0.0,0.0,0.0,0.0,1298.1247510313988,1307.7215281128883,0.0,0.0,14565.0,1512.0,1376.0,78.61780017614365,7.807316541671753,0.0,0.0,0.0,0.0,0.0,2647.545087516308,2655.3524040579796,0.0,0.0,9736.0,428.0,353.0,16.27448469400406,3.7900121808052063,0.0,0.0,0.0,0.0,0.0,3465.300305366516,3469.0903175473213,0.0,0.0,9865.0,877.0,723.0,39.685236632823944,8.661785244941711,0.0,0.0,0.0,0.0,0.0,3153.745402634144,3162.4071878790855,0.0,0.0,15000.0,542.0,483.0,21.31361198425293,2.843250036239624,0.0,0.0,0.0,0.0,0.0,3334.7476140856743,3337.590864121914,0.0,0.0,14661.0,522.0,442.0,17.11232990026474,3.739941418170929,0.0,0.0,0.0,0.0,0.0,4604.793144464493,4608.533085882664,0.0,0.0,8425.0,1403.0,1028.0,38.73199152946472,26.605323761701584,0.0,0.0,0.0,0.0,0.0,1956.8992470502853,1983.504570811987,0.0,0.0,12264.0,761.0,592.0,26.735320329666138,12.301358819007874,0.0,0.0,0.0,0.0,0.0,1446.8375372886658,1459.1388961076736,0.0,0.0,8578.0,1204.0,1075.0,61.159612238407135,8.001932740211487,0.0,0.0,0.0,0.0,0.0,1079.0097936987877,1087.0117264389992,0.0,0.0,16632.0,2033.0,1884.0,66.67832154035568,9.59224796295166,0.0,0.0,0.0,0.0,0.0,4282.127830088139,4291.72007805109,0.0,0.0,0.275902711149109,194560,760,0.4740167559565682,0.9469572368421053,40,1.0
67,1,0.13228470214759813,0.0,0.14814814814814814,0.6410824424342105,0.9291469604956084,0.5956598028148475,0.12534141222774786,0.26641138980263157,0.09238881562113212,0.024613432771844888,0.012407560937572271,0.0925061677631579,0,0.0,0,0.027410109418652656,0.1875364374369383,0.032832301688356935,0.021835516828310187,0.27092734264738755,0.0013129772751294935,51833,0.5607045704473984,0.03684895850325885,0.6791839747726501,0.03320978675139913,11777.0,748.0,704.0,32.59435135126114,2.034911096096039,0.0,0.0,0.0,0.0,0.0,1550.5350661873817,1552.5699772834778,0.0,0.0,15473.0,2006.0,1865.0,87.59737473726273,8.862714290618896,0.0,0.0,0.0,0.0,0.0,1492.1348078250885,1500.9975221157074,0.0,0.0,10277.0,540.0,498.0,24.547623813152313,2.197825849056244,0.0,0.0,0.0,0.0,0.0,2590.946442782879,2593.144268631935,0.0,0.0,8123.0,403.0,263.0,12.129664659500122,8.057236790657043,0.0,0.0,0.0,0.0,0.0,4359.342669427395,4367.399906218052,0.0,0.0,9971.0,1315.0,1142.0,57.62062010169029,8.609705567359924,0.0,0.0,0.0,0.0,0.0,1538.4824956059456,1547.0922011733055,0.0,0.0,10539.0,1047.0,611.0,27.365430295467377,25.088861733675003,0.0,0.0,0.0,0.0,0.0,4397.4054043293,4422.494266062975,0.0,0.0,13766.0,932.0,865.0,35.93693172931671,4.530682802200317,0.0,0.0,0.0,0.0,0.0,1736.5271174907684,1741.0578002929688,0.0,0.0,13609.0,536.0,531.0,25.959398716688156,0.29755425453186035,0.0,0.0,0.0,0.0,0.0,843.8564876317978,844.1540418863297,0.0,0.0,14208.0,685.0,671.0,36.47783288359642,0.658102810382843,0.0,0.0,0.0,0.0,0.0,2167.6795130372047,2168.3376158475876,0.0,0.0,16986.0,1608.0,1492.0,61.22072270512581,6.827453315258026,0.0,0.0,0.0,0.0,0.0,3642.3501803278923,3649.1776336431503,0.0,0.0,0.27092734236074123,194560,760,0.47006591811384024,0.9252210115131579,40,1.0
68,1,0.13177462917388172,0.0,0.18518518518518517,0.6109888980263158,0.9222458274419386,0.5634819618181178,0.1547607086543729,0.28660567434210527,0.11634576775576941,0.03334535722449226,0.017863480478378112,0.10240542763157895,0,0.0,0,0.02464088154512482,0.18282323067909792,0.043746267437215956,0.026556303623707905,0.2791798370146952,0.0014131537295485799,55762,0.5884831964420214,0.03660201259741658,0.7033683215379001,0.04322727117869957,19164.0,2005.0,1919.0,79.45733779668808,4.686607241630554,0.0,0.0,0.0,0.0,0.0,2242.66543674469,2247.3520439863205,0.0,0.0,19792.0,2056.0,1976.0,106.60301521420479,4.327952027320862,0.0,0.0,0.0,0.0,0.0,4269.0442934036255,4273.372245430946,0.0,0.0,3261.0,77.0,65.0,2.6209596395492554,0.42581379413604736,0.0,0.0,0.0,0.0,0.0,1894.5102934241295,1894.9361072182655,0.0,0.0,18939.0,688.0,578.0,28.178031861782074,5.01241260766983,0.0,0.0,0.0,0.0,0.0,7126.940164685249,7131.952577292919,0.0,0.0,10755.0,566.0,471.0,21.61896789073944,7.098636984825134,0.0,0.0,0.0,0.0,0.0,3447.1682412028313,3454.2668781876564,0.0,0.0,10490.0,413.0,302.0,14.450605750083923,5.6453176736831665,0.0,0.0,0.0,0.0,0.0,4254.46886742115,4260.114185094833,0.0,0.0,5886.0,757.0,541.0,31.266119360923767,15.00743293762207,0.0,0.0,0.0,0.0,0.0,1975.1938888430595,1990.2013217806816,0.0,0.0,6083.0,697.0,509.0,20.158006131649017,12.396952152252197,0.0,0.0,0.0,0.0,0.0,2016.405552148819,2028.8025043010712,0.0,0.0,12209.0,1304.0,1258.0,101.36411103606224,2.8523720502853394,0.0,0.0,0.0,0.0,0.0,680.7022675871849,683.5546396374702,0.0,0.0,12295.0,1616.0,1466.0,64.43722915649414,11.905648201704025,0.0,0.0,0.0,0.0,0.0,2133.785296678543,2145.690944880247,0.0,0.0,0.27917983531951907,194560,760,0.4555031837013207,0.8927631578947368,40,1.0
