round,phase,geom_cov,band_n,sup_n,sup_acc,opp_n,opp_acc,c_lowconf,c_wouldB,c_wouldB_geommiss,c_wouldB_conflict,c_wouldB_other,conflictC_n,conflictC_frac,conflictC_clf_acc,conflictC_proto_acc,tau_n,tau_clipped_n,tau_clipped_frac,tau_raw_ge1_n,tau_effective_ge1_n
1,1,0.0,0,0,0.0,0,0.0,0,0,0,0,0,0,0.0,0.0,0.0,0,0,0.0,0,0
2,1,0.0,0,0,0.0,0,0.0,0,0,0,0,0,0,0.0,0.0,0.0,0,0,0.0,0,0
3,1,0.0,0,0,0.0,0,0.0,0,0,0,0,0,0,0.0,0.0,0.0,0,0,0.0,0,0
4,1,0.0,0,0,0.0,0,0.0,0,0,0,0,0,0,0.0,0.0,0.0,0,0,0.0,0,0
5,1,0.0,0,0,0.0,0,0.0,0,0,0,0,0,0,0.0,0.0,0.0,0,0,0.0,0,0
6,1,0.0,0,0,0.0,0,0.0,0,0,0,0,0,0,0.0,0.0,0.0,0,0,0.0,0,0
7,1,0.0,0,0,0.0,0,0.0,0,0,0,0,0,0,0.0,0.0,0.0,0,0,0.0,0,0
8,1,0.0,0,0,0.0,0,0.0,0,0,0,0,0,0,0.0,0.0,0.0,0,0,0.0,0,0
9,1,0.0,0,0,0.0,0,0.0,0,0,0,0,0,0,0.0,0.0,0.0,0,0,0.0,0,0
10,1,0.0,0,0,0.0,0,0.0,0,0,0,0,0,0,0.0,0.0,0.0,0,0,0.0,0,0
11,1,0.0,0,0,0.0,0,0.0,0,0,0,0,0,0,0.0,0.0,0.0,0,0,0.0,0,0
12,1,0.0,0,0,0.0,0,0.0,0,0,0,0,0,0,0.0,0.0,0.0,0,0,0.0,0,0
13,1,0.0,0,0,0.0,0,0.0,0,0,0,0,0,0,0.0,0.0,0.0,0,0,0.0,0,0
14,1,0.0,0,0,0.0,0,0.0,0,0,0,0,0,0,0.0,0.0,0.0,0,0,0.0,0,0
15,1,0.0,0,0,0.0,0,0.0,0,0,0,0,0,0,0.0,0.0,0.0,0,0,0.0,0,0
16,1,0.0,0,0,0.0,0,0.0,0,0,0,0,0,0,0.0,0.0,0.0,0,0,0.0,0,0
17,1,0.0,0,0,0.0,0,0.0,0,0,0,0,0,0,0.0,0.0,0.0,0,0,0.0,0,0
18,1,0.0,0,0,0.0,0,0.0,0,0,0,0,0,0,0.0,0.0,0.0,0,0,0.0,0,0
19,1,0.0,0,0,0.0,0,0.0,0,0,0,0,0,0,0.0,0.0,0.0,0,0,0.0,0,0
20,1,0.0,0,0,0.0,0,0.0,0,0,0,0,0,0,0.0,0.0,0.0,0,0,0.0,0,0
21,1,0.0,0,0,0.0,0,0.0,0,0,0,0,0,0,0.0,0.0,0.0,0,0,0.0,0,0
22,1,0.0,0,0,0.0,0,0.0,0,0,0,0,0,0,0.0,0.0,0.0,0,0,0.0,0,0
23,1,0.0,0,0,0.0,0,0.0,0,0,0,0,0,0,0.0,0.0,0.0,0,0,0.0,0,0
24,1,0.0,0,0,0.0,0,0.0,0,0,0,0,0,0,0.0,0.0,0.0,0,0,0.0,0,0
25,1,0.0,0,0,0.0,0,0.0,0,0,0,0,0,0,0.0,0.0,0.0,0,0,0.0,0,0
26,1,0.0,0,0,0.0,0,0.0,0,0,0,0,0,0,0.0,0.0,0.0,0,0,0.0,0,0
27,1,0.0,0,0,0.0,0,0.0,0,0,0,0,0,0,0.0,0.0,0.0,0,0,0.0,0,0
28,1,0.0,0,0,0.0,0,0.0,0,0,0,0,0,0,0.0,0.0,0.0,0,0,0.0,0,0
29,1,0.0,0,0,0.0,0,0.0,0,0,0,0,0,0,0.0,0.0,0.0,0,0,0.0,0,0
30,1,0.0,0,0,0.0,0,0.0,0,0,0,0,0,0,0.0,0.0,0.0,0,0,0.0,0,0
31,1,0.0,0,0,0.0,0,0.0,0,0,0,0,0,0,0.0,0.0,0.0,0,0,0.0,0,0
32,1,0.0,0,0,0.0,0,0.0,0,0,0,0,0,0,0.0,0.0,0.0,0,0,0.0,0,0
33,1,0.0,0,0,0.0,0,0.0,0,0,0,0,0,0,0.0,0.0,0.0,0,0,0.0,0,0
34,1,0.0,0,0,0.0,0,0.0,0,0,0,0,0,0,0.0,0.0,0.0,0,0,0.0,0,0
35,1,0.0,0,0,0.0,0,0.0,0,0,0,0,0,0,0.0,0.0,0.0,0,0,0.0,0,0
36,1,0.0,0,0,0.0,0,0.0,0,0,0,0,0,0,0.0,0.0,0.0,0,0,0.0,0,0
37,1,0.0,0,0,0.0,0,0.0,0,0,0,0,0,0,0.0,0.0,0.0,0,0,0.0,0,0
38,1,0.0,0,0,0.0,0,0.0,0,0,0,0,0,0,0.0,0.0,0.0,0,0,0.0,0,0
39,1,0.0,0,0,0.0,0,0.0,0,0,0,0,0,0,0.0,0.0,0.0,0,0,0.0,0,0
40,1,0.0,0,0,0.0,0,0.0,0,0,0,0,0,0,0.0,0.0,0.0,0,0,0.0,0,0
41,1,0.0,0,0,0.0,0,0.0,0,0,0,0,0,0,0.0,0.0,0.0,0,0,0.0,0,0
42,1,0.0,0,0,0.0,0,0.0,0,0,0,0,0,0,0.0,0.0,0.0,0,0,0.0,0,0
43,1,0.0,0,0,0.0,0,0.0,0,0,0,0,0,0,0.0,0.0,0.0,0,0,0.0,0,0
44,1,0.0,0,0,0.0,0,0.0,0,0,0,0,0,0,0.0,0.0,0.0,0,0,0.0,0,0
45,1,0.0,0,0,0.0,0,0.0,0,0,0,0,0,0,0.0,0.0,0.0,0,0,0.0,0,0
46,1,0.0,0,0,0.0,0,0.0,0,0,0,0,0,0,0.0,0.0,0.0,0,0,0.0,0,0
47,1,0.0,0,0,0.0,0,0.0,0,0,0,0,0,0,0.0,0.0,0.0,0,0,0.0,0,0
48,1,0.0,0,0,0.0,0,0.0,0,0,0,0,0,0,0.0,0.0,0.0,0,0,0.0,0,0
49,1,0.0,0,0,0.0,0,0.0,0,0,0,0,0,0,0.0,0.0,0.0,0,0,0.0,0,0
50,1,0.0,0,0,0.0,0,0.0,0,0,0,0,0,0,0.0,0.0,0.0,0,0,0.0,0,0
51,1,0.0,0,0,0.0,0,0.0,0,0,0,0,0,0,0.0,0.0,0.0,0,0,0.0,0,0
52,1,0.0,0,0,0.0,0,0.0,0,0,0,0,0,0,0.0,0.0,0.0,0,0,0.0,0,0
53,1,0.0,0,0,0.0,0,0.0,0,0,0,0,0,0,0.0,0.0,0.0,0,0,0.0,0,0
54,1,0.0,0,0,0.0,0,0.0,0,0,0,0,0,0,0.0,0.0,0.0,0,0,0.0,0,0
55,1,0.0,0,0,0.0,0,0.0,0,0,0,0,0,0,0.0,0.0,0.0,0,0,0.0,0,0
56,1,0.0,0,0,0.0,0,0.0,0,0,0,0,0,0,0.0,0.0,0.0,0,0,0.0,0,0
57,1,0.0,0,0,0.0,0,0.0,0,0,0,0,0,0,0.0,0.0,0.0,0,0,0.0,0,0
58,1,0.0,0,0,0.0,0,0.0,0,0,0,0,0,0,0.0,0.0,0.0,0,0,0.0,0,0
59,1,0.0,0,0,0.0,0,0.0,0,0,0,0,0,0,0.0,0.0,0.0,0,0,0.0,0,0
60,1,0.0,0,0,0.0,0,0.0,0,0,0,0,0,0,0.0,0.0,0.0,0,0,0.0,0,0
61,1,0.0,0,0,0.0,0,0.0,0,0,0,0,0,0,0.0,0.0,0.0,0,0,0.0,0,0
62,1,0.0,0,0,0.0,0,0.0,0,0,0,0,0,0,0.0,0.0,0.0,0,0,0.0,0,0
63,1,0.0,0,0,0.0,0,0.0,0,0,0,0,0,0,0.0,0.0,0.0,0,0,0.0,0,0
64,1,0.0,0,0,0.0,0,0.0,0,0,0,0,0,0,0.0,0.0,0.0,0,0,0.0,0,0
65,1,0.0,0,0,0.0,0,0.0,0,0,0,0,0,0,0.0,0.0,0.0,0,0,0.0,0,0
66,1,0.0,0,0,0.0,0,0.0,0,0,0,0,0,0,0.0,0.0,0.0,0,0,0.0,0,0
67,1,0.0,0,0,0.0,0,0.0,0,0,0,0,0,0,0.0,0.0,0.0,0,0,0.0,0,0
68,1,0.0,0,0,0.0,0,0.0,0,0,0,0,0,0,0.0,0.0,0.0,0,0,0.0,0,0
69,1,0.0,0,0,0.0,0,0.0,0,0,0,0,0,0,0.0,0.0,0.0,0,0,0.0,0,0
70,1,0.0,0,0,0.0,0,0.0,0,0,0,0,0,0,0.0,0.0,0.0,0,0,0.0,0,0
71,1,0.0,0,0,0.0,0,0.0,0,0,0,0,0,0,0.0,0.0,0.0,0,0,0.0,0,0
72,1,0.0,0,0,0.0,0,0.0,0,0,0,0,0,0,0.0,0.0,0.0,0,0,0.0,0,0
73,1,0.0,0,0,0.0,0,0.0,0,0,0,0,0,0,0.0,0.0,0.0,0,0,0.0,0,0
74,1,0.0,0,0,0.0,0,0.0,0,0,0,0,0,0,0.0,0.0,0.0,0,0,0.0,0,0
75,1,0.0,0,0,0.0,0,0.0,0,0,0,0,0,0,0.0,0.0,0.0,0,0,0.0,0,0
76,1,0.0,0,0,0.0,0,0.0,0,0,0,0,0,0,0.0,0.0,0.0,0,0,0.0,0,0
77,1,0.0,0,0,0.0,0,0.0,0,0,0,0,0,0,0.0,0.0,0.0,0,0,0.0,0,0
78,1,0.0,0,0,0.0,0,0.0,0,0,0,0,0,0,0.0,0.0,0.0,0,0,0.0,0,0
79,1,0.0,0,0,0.0,0,0.0,0,0,0,0,0,0,0.0,0.0,0.0,0,0,0.0,0,0
80,1,0.0,0,0,0.0,0,0.0,0,0,0,0,0,0,0.0,0.0,0.0,0,0,0.0,0,0
81,1,0.0,0,0,0.0,0,0.0,0,0,0,0,0,0,0.0,0.0,0.0,0,0,0.0,0,0
82,1,0.0,0,0,0.0,0,0.0,0,0,0,0,0,0,0.0,0.0,0.0,0,0,0.0,0,0
83,1,0.0,0,0,0.0,0,0.0,0,0,0,0,0,0,0.0,0.0,0.0,0,0,0.0,0,0
84,1,0.0,0,0,0.0,0,0.0,0,0,0,0,0,0,0.0,0.0,0.0,0,0,0.0,0,0
85,1,0.0,0,0,0.0,0,0.0,0,0,0,0,0,0,0.0,0.0,0.0,0,0,0.0,0,0
86,1,0.0,0,0,0.0,0,0.0,0,0,0,0,0,0,0.0,0.0,0.0,0,0,0.0,0,0
87,1,0.0,0,0,0.0,0,0.0,0,0,0,0,0,0,0.0,0.0,0.0,0,0,0.0,0,0
88,1,0.0,0,0,0.0,0,0.0,0,0,0,0,0,0,0.0,0.0,0.0,0,0,0.0,0,0
89,1,0.0,0,0,0.0,0,0.0,0,0,0,0,0,0,0.0,0.0,0.0,0,0,0.0,0,0
90,1,0.0,0,0,0.0,0,0.0,0,0,0,0,0,0,0.0,0.0,0.0,0,0,0.0,0,0
91,2,0.812113,27261,7539,0.72304,14600,0.522466,23497,0,0,0,0,17630,0.090615,0.264322,0.308508,194560,0,0.0,0,0
92,2,0.789474,26885,7329,0.778415,13896,0.583045,22296,0,0,0,0,16274,0.083645,0.267298,0.304719,194560,0,0.0,0,0
93,2,0.762823,25989,6971,0.757137,12854,0.609616,20871,0,0,0,0,15178,0.078012,0.267756,0.30531,194560,0,0.0,0,0
94,2,0.776641,26791,7114,0.74754,13693,0.568466,23033,0,0,0,0,16895,0.086837,0.262859,0.322107,194560,0,0.0,0,0
95,2,0.781085,26106,6758,0.777153,13633,0.57933,21281,0,0,0,0,15648,0.080428,0.267446,0.307004,194560,0,0.0,0,0
96,2,0.763128,25803,6362,0.783873,13329,0.612424,20054,0,0,0,0,14382,0.073921,0.278195,0.31901,194560,0,0.0,0,0
97,2,0.847466,25260,6788,0.778138,14619,0.624119,20625,0,0,0,0,16148,0.082998,0.295331,0.32134,194560,0,0.0,0,0
98,2,0.779019,26939,6933,0.750757,14053,0.513556,21960,0,0,0,0,16251,0.083527,0.243124,0.291428,194560,0,0.0,0,0
99,2,0.782996,25465,6491,0.825451,13448,0.639872,21821,0,0,0,0,15938,0.081918,0.287426,0.29734,194560,0,0.0,0,0
100,2,0.800916,25542,6978,0.809544,13479,0.593961,21192,0,0,0,0,15662,0.0805,0.26708,0.315158,194560,0,0.0,0,0
101,2,0.816167,25534,6259,0.807637,14581,0.599616,20578,0,0,0,0,15629,0.08033,0.292725,0.355365,194560,0,0.0,0,0
102,2,0.777815,26559,7165,0.788974,13493,0.589046,23266,0,0,0,0,17083,0.087803,0.275069,0.334192,194560,0,0.0,0,0
103,2,0.805102,26070,7189,0.815273,13800,0.633406,21466,0,0,0,0,16177,0.083147,0.306794,0.347345,194560,0,0.0,0,0
104,2,0.799732,26115,6886,0.801481,13999,0.591614,22716,0,0,0,0,16982,0.087284,0.278648,0.325403,194560,0,0.0,0,0
105,2,0.739595,27607,7231,0.776379,13187,0.552741,23045,0,0,0,0,16575,0.085192,0.251403,0.308115,194560,0,0.0,0,0
106,2,0.775718,25517,6246,0.788665,13548,0.611308,20940,0,0,0,0,15744,0.080921,0.283537,0.315739,194560,0,0.0,0,0
107,2,0.793272,25802,6446,0.782501,14022,0.585366,22652,0,0,0,0,16597,0.085305,0.264445,0.312526,194560,0,0.0,0,0
108,2,0.790887,25852,5802,0.79283,14644,0.609533,20622,0,0,0,0,15390,0.079102,0.293827,0.337687,194560,0,0.0,0,0
109,2,0.811801,23964,6009,0.836412,13445,0.690814,17654,0,0,0,0,13044,0.067044,0.307958,0.351733,194560,0,0.0,0,0
110,2,0.656108,26802,5478,0.757758,12107,0.519039,21195,0,0,0,0,14149,0.072723,0.209838,0.24037,194560,0,0.0,0,0
111,2,0.789017,25604,7037,0.758136,13165,0.604937,23675,0,0,0,0,17375,0.089304,0.266417,0.308604,194560,0,0.0,0,0
112,2,0.740866,26083,5465,0.770357,13859,0.578541,20348,0,0,0,0,14842,0.076285,0.25064,0.313165,194560,0,0.0,0,0
113,2,0.781224,24861,6286,0.826599,13136,0.638474,20231,0,0,0,0,15576,0.080058,0.291731,0.31709,194560,0,0.0,0,0
114,2,0.773774,25585,5986,0.844637,13811,0.627833,21194,0,0,0,0,16048,0.082484,0.295489,0.335618,194560,0,0.0,0,0
115,2,0.802722,25056,5841,0.831364,14272,0.613999,21841,0,0,0,0,16394,0.084262,0.285043,0.322069,194560,0,0.0,0,0
116,2,0.77293,25992,6671,0.773797,13419,0.566212,22614,0,0,0,0,16734,0.086009,0.26969,0.300108,194560,0,0.0,0,0
117,2,0.772124,24781,6098,0.822237,13036,0.582311,20807,0,0,0,0,15376,0.07903,0.27725,0.317508,194560,0,0.0,0,0
118,2,0.753025,26691,5650,0.759823,14449,0.5372,22343,0,0,0,0,16422,0.084406,0.25679,0.284923,194560,0,0.0,0,0
119,2,0.769782,25415,5849,0.825269,13715,0.572876,20587,0,0,0,0,15070,0.077457,0.285534,0.371865,194560,0,0.0,0,0
120,2,0.708951,26700,6079,0.776608,12850,0.556187,22839,0,0,0,0,16296,0.083758,0.250614,0.300074,194560,0,0.0,0,0
121,2,0.745761,25417,4794,0.837714,14161,0.609632,19715,0,0,0,0,14627,0.07518,0.282628,0.328024,194560,0,0.0,0,0
122,2,0.732853,25967,6053,0.794152,12977,0.549973,23922,0,0,0,0,17383,0.089345,0.251222,0.29293,194560,0,0.0,0,0
123,2,0.753617,24397,5326,0.825948,13060,0.616616,19340,0,0,0,0,14413,0.07408,0.290224,0.339832,194560,0,0.0,0,0
124,2,0.724512,26836,5767,0.781862,13676,0.537072,24595,0,0,0,0,17285,0.088841,0.248655,0.302574,194560,0,0.0,0,0
125,2,0.795014,25392,6563,0.812281,13624,0.601585,20993,0,0,0,0,15944,0.081949,0.30143,0.348846,194560,0,0.0,0,0
126,2,0.748421,26755,5906,0.803082,14118,0.610568,22188,0,0,0,0,16320,0.083882,0.287439,0.335662,194560,0,0.0,0,0
127,2,0.698317,26266,5302,0.830441,13040,0.606595,20472,0,0,0,0,14364,0.073828,0.270398,0.344472,194560,0,0.0,0,0
128,2,0.683817,26472,5426,0.819204,12676,0.541101,21783,0,0,0,0,15283,0.078552,0.258915,0.331283,194560,0,0.0,0,0
129,2,0.719848,25454,5636,0.803939,12687,0.576496,21007,0,0,0,0,15131,0.07777,0.269513,0.3015,194560,0,0.0,0,0
130,2,0.764066,25647,6275,0.818327,13321,0.56745,21795,0,0,0,0,16563,0.085131,0.267645,0.330496,194560,0,0.0,0,0
131,2,0.709865,26112,4944,0.810275,13592,0.539876,20907,0,0,0,0,14692,0.075514,0.254492,0.322012,194560,0,0.0,0,0
132,2,0.697958,25662,4864,0.785979,13047,0.566337,21522,0,0,0,0,14988,0.077035,0.253336,0.296771,194560,0,0.0,0,0
133,2,0.717928,25295,4626,0.833333,13534,0.595316,19985,0,0,0,0,14554,0.074805,0.275526,0.334135,194560,0,0.0,0,0
134,2,0.690157,25926,5064,0.796209,12829,0.592953,20984,0,0,0,0,15195,0.078099,0.2718,0.307996,194560,0,0.0,0,0
135,2,0.717071,25745,4714,0.796988,13747,0.592347,19995,0,0,0,0,14759,0.075858,0.254082,0.273935,194560,0,0.0,0,0
136,3,0.787085,24747,5364,0.789896,14114,0.558027,21673,0,0,0,0,15908,0.081764,0.271624,0.317576,194560,0,0.0,0,0
137,3,0.725409,26931,5504,0.823219,14032,0.564781,22409,0,0,0,0,16856,0.086637,0.284172,0.329022,194560,0,0.0,0,0
138,3,0.794105,25717,5490,0.81694,14932,0.598848,19947,0,0,0,0,14995,0.077071,0.277359,0.33998,194560,0,0.0,0,0
139,3,0.761043,24858,5498,0.863223,13420,0.632787,20584,0,0,0,0,15906,0.081754,0.296178,0.365585,194560,0,0.0,0,0
140,3,0.745228,24202,4636,0.846204,13400,0.656119,19145,0,0,0,0,14260,0.073294,0.293969,0.328261,194560,0,0.0,0,0
141,3,0.697087,25367,4499,0.756168,13184,0.622269,20872,0,0,0,0,14885,0.076506,0.265637,0.315888,194560,0,0.0,0,0
142,3,0.779399,24746,5029,0.817658,14258,0.585285,20540,0,0,0,0,15468,0.079502,0.280515,0.342578,194560,0,0.0,0,0
143,3,0.688076,25083,4631,0.819046,12628,0.53421,20117,0,0,0,0,14563,0.074851,0.2483,0.309277,194560,0,0.0,0,0
144,3,0.709319,26032,5029,0.827998,13436,0.56877,19348,0,0,0,0,14203,0.073001,0.270365,0.329578,194560,0,0.0,0,0
145,3,0.748616,25105,5280,0.836364,13514,0.612624,19667,0,0,0,0,14701,0.07556,0.296987,0.358683,194560,0,0.0,0,0
146,3,0.72512,25502,5018,0.815664,13474,0.544382,19500,0,0,0,0,14020,0.07206,0.272111,0.340656,194560,0,0.0,0,0
147,3,0.774459,25676,5100,0.882549,14785,0.585255,21379,0,0,0,0,16077,0.082633,0.290788,0.387013,194560,0,0.0,0,0
148,3,0.744417,24896,4504,0.870115,14029,0.627985,19308,0,0,0,0,14581,0.074943,0.293464,0.342638,194560,0,0.0,0,0
149,3,0.720404,24657,4710,0.845011,13053,0.642381,20611,0,0,0,0,15065,0.077431,0.293727,0.341918,194560,0,0.0,0,0
150,3,0.787552,23714,5190,0.878613,13486,0.673217,19015,0,0,0,0,14642,0.075257,0.331171,0.371807,194560,0,0.0,0,0
151,3,0.735183,24938,5070,0.843787,13264,0.642416,20687,0,0,0,0,15470,0.079513,0.289787,0.33956,194560,0,0.0,0,0
152,3,0.830811,22992,4868,0.865859,14234,0.692848,18767,0,0,0,0,14746,0.075792,0.342059,0.389258,194560,0,0.0,0,0
153,3,0.824944,23541,5299,0.883563,14121,0.70512,20527,0,0,0,0,16569,0.085161,0.347154,0.393446,194560,0,0.0,0,0
154,3,0.765335,24111,4220,0.8609,14233,0.657767,18977,0,0,0,0,14156,0.072759,0.308915,0.338514,194560,0,0.0,0,0
155,3,0.698642,24748,4087,0.80964,13203,0.614557,18597,0,0,0,0,13281,0.068262,0.2612,0.313305,194560,0,0.0,0,0
156,3,0.69108,24508,3852,0.812305,13085,0.592511,18809,0,0,0,0,13090,0.06728,0.255386,0.321772,194560,0,0.0,0,0
157,3,0.703315,25522,5201,0.848875,12749,0.571731,19833,0,0,0,0,14408,0.074054,0.279775,0.375902,194560,0,0.0,0,0
158,3,0.756382,23660,4426,0.824898,13470,0.664068,18869,0,0,0,0,14493,0.074491,0.302905,0.36459,194560,0,0.0,0,0
159,3,0.734376,24546,4885,0.84176,13141,0.59691,20622,0,0,0,0,15048,0.077344,0.285154,0.343102,194560,0,0.0,0,0
160,3,0.750599,24206,4982,0.829386,13187,0.632744,20872,0,0,0,0,15918,0.081815,0.282008,0.342631,194560,0,0.0,0,0
161,3,0.735157,24388,4938,0.823815,12991,0.608113,19799,0,0,0,0,14738,0.07575,0.295698,0.341566,194560,0,0.0,0,0
162,3,0.723287,24997,4407,0.849784,13673,0.591531,19091,0,0,0,0,14170,0.072831,0.283345,0.357234,194560,0,0.0,0,0
163,3,0.695958,25605,4586,0.84867,13234,0.587124,19676,0,0,0,0,14327,0.073638,0.282683,0.362253,194560,0,0.0,0,0
164,3,0.764143,24129,4047,0.837658,14391,0.609339,19666,0,0,0,0,14804,0.07609,0.273102,0.309781,194560,0,0.0,0,0
165,3,0.740166,25016,4330,0.869284,14186,0.627309,18859,0,0,0,0,14361,0.073813,0.311051,0.38145,194560,0,0.0,0,0
166,3,0.696934,24526,4131,0.877996,12962,0.635319,19001,0,0,0,0,13713,0.070482,0.291986,0.361336,194560,0,0.0,0,0
167,3,0.78064,23915,4480,0.871429,14189,0.669462,20764,0,0,0,0,15743,0.080916,0.318935,0.370641,194560,0,0.0,0,0
168,3,0.754729,24532,3892,0.88001,14623,0.65014,19077,0,0,0,0,14685,0.075478,0.320804,0.377732,194560,0,0.0,0,0
169,3,0.785864,23840,3930,0.837913,14805,0.61459,19904,0,0,0,0,15114,0.077683,0.290592,0.365224,194560,0,0.0,0,0
170,3,0.669418,25080,3996,0.83033,12793,0.611975,18626,0,0,0,0,13666,0.070241,0.278794,0.336163,194560,0,0.0,0,0
171,3,0.831088,23089,4305,0.885714,14884,0.706665,18423,0,0,0,0,14467,0.074358,0.353079,0.423654,194560,0,0.0,0,0
172,3,0.728814,23364,3661,0.867249,13367,0.603501,18335,0,0,0,0,13372,0.068729,0.279764,0.331962,194560,0,0.0,0,0
173,3,0.698343,23593,3444,0.860337,13032,0.608886,18910,0,0,0,0,13322,0.068472,0.258295,0.321048,194560,0,0.0,0,0
174,3,0.714479,25879,4948,0.820534,13542,0.572811,21903,0,0,0,0,16240,0.08347,0.278571,0.361084,194560,0,0.0,0,0
175,3,0.752496,24339,4763,0.864791,13552,0.608545,18604,0,0,0,0,13999,0.071952,0.302593,0.407601,194560,0,0.0,0,0
176,3,0.668829,25739,3949,0.810332,13266,0.601312,20989,0,0,0,0,15385,0.079076,0.285993,0.344946,194560,0,0.0,0,0
177,3,0.694223,24858,3434,0.858765,13823,0.637995,18225,0,0,0,0,13617,0.069989,0.286113,0.362268,194560,0,0.0,0,0
178,3,0.731817,23346,2911,0.844383,14174,0.647171,17219,0,0,0,0,12459,0.064037,0.285256,0.349306,194560,0,0.0,0,0
179,3,0.680046,24988,3432,0.873252,13561,0.595605,20189,0,0,0,0,14488,0.074465,0.274641,0.349531,194560,0,0.0,0,0
180,3,0.817401,23160,4609,0.859189,14322,0.651096,19485,0,0,0,0,15081,0.077513,0.33214,0.406472,194560,0,0.0,0,0
181,3,0.695081,22665,3177,0.875669,12577,0.684901,16442,0,0,0,0,11689,0.060079,0.302421,0.337497,194560,0,0.0,0,0
182,3,0.715622,24478,4280,0.853271,13237,0.590088,21583,0,0,0,0,15738,0.08089,0.271254,0.33435,194560,0,0.0,0,0
183,3,0.68809,24164,3956,0.888777,12671,0.621656,17654,0,0,0,0,12718,0.065368,0.291948,0.369398,194560,0,0.0,0,0
184,3,0.710319,23878,3394,0.865056,13567,0.644874,17556,0,0,0,0,12865,0.066124,0.285426,0.363467,194560,0,0.0,0,0
185,3,0.744935,24037,3965,0.881463,13941,0.650384,18609,0,0,0,0,14343,0.07372,0.31409,0.408492,194560,0,0.0,0,0
186,3,0.681199,24429,3735,0.880321,12906,0.598481,20008,0,0,0,0,14427,0.074152,0.271228,0.348097,194560,0,0.0,0,0
187,3,0.739276,24129,3418,0.876243,14420,0.625381,18241,0,0,0,0,13799,0.070924,0.300457,0.393072,194560,0,0.0,0,0
188,3,0.71963,24860,4037,0.859797,13853,0.606006,18715,0,0,0,0,14124,0.072595,0.286534,0.383602,194560,0,0.0,0,0
189,3,0.718473,24804,4025,0.840745,13796,0.574587,21784,0,0,0,0,15951,0.081985,0.270328,0.332832,194560,0,0.0,0,0
190,3,0.76581,23276,3807,0.894405,14018,0.679484,19662,0,0,0,0,15318,0.078731,0.33366,0.39607,194560,0,0.0,0,0
191,3,0.679928,25663,3814,0.871002,13635,0.547561,19482,0,0,0,0,14436,0.074198,0.284913,0.37642,194560,0,0.0,0,0
192,3,0.796807,22860,3747,0.886042,14468,0.647982,17218,0,0,0,0,13626,0.070035,0.334214,0.414942,194560,0,0.0,0,0
193,3,0.684983,24951,3593,0.848038,13498,0.551045,19245,0,0,0,0,13588,0.06984,0.258979,0.324993,194560,0,0.0,0,0
194,3,0.708749,25054,3888,0.876543,13869,0.617204,18428,0,0,0,0,13716,0.070498,0.304826,0.402231,194560,0,0.0,0,0
195,3,0.710086,24052,3198,0.879925,13881,0.612492,19655,0,0,0,0,13733,0.070585,0.272992,0.351125,194560,0,0.0,0,0
196,3,0.728737,22904,3248,0.892549,13443,0.677602,17890,0,0,0,0,13221,0.067953,0.322442,0.382195,194560,0,0.0,0,0
197,3,0.739582,22990,3452,0.892816,13551,0.65818,17837,0,0,0,0,13500,0.069387,0.315481,0.380444,194560,0,0.0,0,0
198,3,0.751143,23612,3815,0.880734,13921,0.611378,20681,0,0,0,0,15622,0.080294,0.310268,0.368391,194560,0,0.0,0,0
199,3,0.685096,23604,3274,0.86744,12897,0.637745,18131,0,0,0,0,13210,0.067897,0.295382,0.361166,194560,0,0.0,0,0
200,3,0.7479,23804,3368,0.864014,14435,0.638795,18907,0,0,0,0,14264,0.073314,0.314428,0.373598,194560,0,0.0,0,0
201,3,0.7333,24012,3026,0.889623,14582,0.632355,19125,0,0,0,0,14704,0.075576,0.311412,0.386017,194560,0,0.0,0,0
202,3,0.689745,24525,3342,0.898564,13574,0.634596,18246,0,0,0,0,13504,0.069408,0.310427,0.388626,194560,0,0.0,0,0
203,3,0.681305,23750,2776,0.864914,13405,0.655502,17744,0,0,0,0,12583,0.064674,0.279504,0.348645,194560,0,0.0,0,0
204,3,0.693202,23729,3593,0.863624,12856,0.615588,19244,0,0,0,0,14109,0.072517,0.297966,0.359558,194560,0,0.0,0,0
205,3,0.679453,24505,2935,0.852129,13715,0.602333,20197,0,0,0,0,14932,0.076748,0.291455,0.351996,194560,0,0.0,0,0
206,3,0.645264,25013,3233,0.858955,12907,0.595723,17717,0,0,0,0,12495,0.064222,0.289236,0.37503,194560,0,0.0,0,0
207,3,0.716534,23382,3078,0.920078,13676,0.683094,17028,0,0,0,0,12791,0.065743,0.339692,0.428504,194560,0,0.0,0,0
208,3,0.760867,22891,2902,0.902481,14515,0.692043,16637,0,0,0,0,12771,0.06564,0.356667,0.427923,194560,0,0.0,0,0
209,3,0.668794,24133,3104,0.883698,13036,0.616984,19144,0,0,0,0,13913,0.07151,0.297492,0.365486,194560,0,0.0,0,0
210,3,0.713493,23797,3245,0.885054,13734,0.627639,17726,0,0,0,0,13539,0.069588,0.308221,0.41229,194560,0,0.0,0,0
211,3,0.64413,25692,2911,0.86156,13638,0.534976,19315,0,0,0,0,13399,0.068868,0.257855,0.355474,194560,0,0.0,0,0
212,3,0.672043,22814,2939,0.91902,12393,0.653514,17166,0,0,0,0,12093,0.062156,0.317374,0.39618,194560,0,0.0,0,0
213,3,0.654176,23645,2990,0.871906,12478,0.634717,16656,0,0,0,0,12017,0.061765,0.291587,0.382125,194560,0,0.0,0,0
214,3,0.692527,23550,2945,0.878438,13364,0.630275,17822,0,0,0,0,13167,0.067676,0.297714,0.392496,194560,0,0.0,0,0
215,3,0.643969,24481,2474,0.907033,13291,0.611767,17506,0,0,0,0,12607,0.064797,0.292695,0.388356,194560,0,0.0,0,0
216,3,0.686431,23207,2675,0.898318,13255,0.670841,18061,0,0,0,0,12747,0.065517,0.307602,0.388405,194560,0,0.0,0,0
217,3,0.680698,23138,2592,0.93287,13158,0.679587,16830,0,0,0,0,12268,0.063055,0.319449,0.416857,194560,0,0.0,0,0
218,3,0.681464,23225,3039,0.873972,12788,0.591023,17873,0,0,0,0,12896,0.066283,0.288617,0.371278,194560,0,0.0,0,0
219,3,0.692916,22629,2271,0.8952,13409,0.699903,16267,0,0,0,0,12331,0.063379,0.32544,0.394372,194560,0,0.0,0,0
220,3,0.656175,23256,2367,0.874525,12893,0.635539,17830,0,0,0,0,12824,0.065913,0.306145,0.36689,194560,0,0.0,0,0
221,3,0.749977,22110,2420,0.92314,14162,0.717695,17122,0,0,0,0,13176,0.067722,0.346539,0.419551,194560,0,0.0,0,0
222,3,0.664908,23501,2395,0.910647,13231,0.644698,17415,0,0,0,0,12701,0.065281,0.305724,0.397213,194560,0,0.0,0,0
223,3,0.693939,24139,2528,0.850475,14223,0.651902,18824,0,0,0,0,13700,0.070415,0.313577,0.389927,194560,0,0.0,0,0
224,3,0.619613,23342,2399,0.906211,12064,0.628399,16941,0,0,0,0,11662,0.05994,0.29386,0.369148,194560,0,0.0,0,0
225,3,0.689897,23647,2702,0.906736,13612,0.626947,17772,0,0,0,0,12971,0.066668,0.31262,0.416699,194560,0,0.0,0,0
226,3,0.767097,21919,2500,0.924,14314,0.730893,15919,0,0,0,0,11980,0.061575,0.364775,0.431052,194560,0,0.0,0,0
227,3,0.729851,23239,2821,0.926622,14140,0.639675,17845,0,0,0,0,13042,0.067033,0.324413,0.413664,194560,0,0.0,0,0
228,3,0.627668,23146,2448,0.915033,12080,0.630381,17100,0,0,0,0,11983,0.06159,0.29158,0.376617,194560,0,0.0,0,0
229,3,0.663581,23224,2379,0.892392,13032,0.664672,16965,0,0,0,0,12019,0.061775,0.31342,0.386139,194560,0,0.0,0,0
230,3,0.737146,22172,2643,0.894438,13701,0.701117,17719,0,0,0,0,13167,0.067676,0.336675,0.403964,194560,0,0.0,0,0
231,3,0.719017,22432,2438,0.911813,13691,0.710978,15870,0,0,0,0,12135,0.062372,0.355665,0.425711,194560,0,0.0,0,0
232,3,0.690021,22366,2158,0.908248,13275,0.692655,16966,0,0,0,0,12437,0.063924,0.329259,0.395755,194560,0,0.0,0,0
233,3,0.748736,22745,2324,0.913081,14706,0.690058,16012,0,0,0,0,12166,0.062531,0.349499,0.436462,194560,0,0.0,0,0
234,3,0.650104,22561,2190,0.904566,12477,0.681975,17315,0,0,0,0,12274,0.063086,0.32744,0.407528,194560,0,0.0,0,0
235,3,0.670659,22545,2411,0.904189,12709,0.669368,15035,0,0,0,0,10751,0.055258,0.328807,0.422193,194560,0,0.0,0,0
236,3,0.673268,23380,2210,0.91086,13531,0.650654,17395,0,0,0,0,12496,0.064227,0.305458,0.409331,194560,0,0.0,0,0
237,3,0.603211,22856,1808,0.923119,11979,0.639202,15684,0,0,0,0,10502,0.053978,0.291849,0.392973,194560,0,0.0,0,0
238,3,0.73987,22039,2401,0.934194,13905,0.703272,16129,0,0,0,0,11732,0.0603,0.352455,0.452353,194560,0,0.0,0,0
239,3,0.65233,22622,2013,0.917536,12744,0.65725,17130,0,0,0,0,11954,0.061441,0.32098,0.409737,194560,0,0.0,0,0
240,3,0.628748,23577,2048,0.932617,12776,0.628444,16388,0,0,0,0,11197,0.05755,0.2949,0.391623,194560,0,0.0,0,0
241,3,0.733494,21114,2282,0.916301,13205,0.710488,15923,0,0,0,0,11900,0.061164,0.351345,0.415546,194560,0,0.0,0,0
242,3,0.696556,22182,1932,0.932195,13519,0.715807,15850,0,0,0,0,11564,0.059437,0.349879,0.434019,194560,0,0.0,0,0
243,3,0.707308,22112,2440,0.915574,13200,0.703485,16068,0,0,0,0,11803,0.060665,0.347454,0.443616,194560,0,0.0,0,0
244,3,0.650072,24405,2054,0.894839,13811,0.659836,16224,0,0,0,0,11539,0.059308,0.306959,0.420747,194560,0,0.0,0,0
245,3,0.698914,22379,1904,0.904412,13737,0.706632,15018,0,0,0,0,11006,0.056569,0.332455,0.427767,194560,0,0.0,0,0
246,3,0.640111,23360,2099,0.93616,12854,0.640657,16664,0,0,0,0,11394,0.058563,0.321222,0.417237,194560,0,0.0,0,0
247,3,0.784105,21126,2190,0.939726,14375,0.745391,15709,0,0,0,0,12293,0.063184,0.382982,0.48068,194560,0,0.0,0,0
248,3,0.682838,23581,2403,0.905119,13699,0.666764,17022,0,0,0,0,12302,0.06323,0.341001,0.440172,194560,0,0.0,0,0
249,3,0.719946,21678,1787,0.932289,13820,0.724891,15560,0,0,0,0,11147,0.057293,0.379115,0.44568,194560,0,0.0,0,0
250,3,0.725063,21925,2116,0.901229,13781,0.721355,15763,0,0,0,0,11542,0.059324,0.365708,0.440045,194560,0,0.0,0,0
251,3,0.665754,23001,1987,0.921993,13326,0.663965,17492,0,0,0,0,12553,0.06452,0.335458,0.441568,194560,0,0.0,0,0
252,3,0.785659,20584,2436,0.937603,13736,0.761284,15143,0,0,0,0,11686,0.060064,0.3968,0.471162,194560,0,0.0,0,0
253,3,0.633373,22827,1932,0.937371,12526,0.697589,15858,0,0,0,0,10613,0.054549,0.336286,0.426552,194560,0,0.0,0,0
254,3,0.708678,21526,2080,0.944712,13175,0.729184,15437,0,0,0,0,11123,0.05717,0.367707,0.45752,194560,0,0.0,0,0
255,3,0.728078,22021,1786,0.928891,14247,0.739314,16842,0,0,0,0,12440,0.063939,0.372186,0.465514,194560,0,0.0,0,0
256,3,0.607913,23227,1454,0.921596,12666,0.667456,15425,0,0,0,0,10002,0.051408,0.295941,0.385623,194560,0,0.0,0,0
257,3,0.659248,21928,1833,0.92144,12623,0.697457,15510,0,0,0,0,10880,0.055921,0.33318,0.403125,194560,0,0.0,0,0
258,3,0.677757,23293,2135,0.911475,13652,0.679168,17897,0,0,0,0,12571,0.064612,0.340228,0.449288,194560,0,0.0,0,0
259,3,0.703387,21196,1713,0.942207,13196,0.725978,14732,0,0,0,0,10378,0.053341,0.372326,0.455772,194560,0,0.0,0,0
260,3,0.641583,22764,1693,0.949793,12912,0.689359,15157,0,0,0,0,10082,0.051819,0.334358,0.462408,194560,0,0.0,0,0
261,3,0.680301,22590,1966,0.944049,13402,0.686838,15830,0,0,0,0,11416,0.058676,0.333655,0.459881,194560,0,0.0,0,0
262,3,0.677156,21323,1831,0.881486,12608,0.706853,14739,0,0,0,0,10316,0.053022,0.340733,0.413339,194560,0,0.0,0,0
263,3,0.721267,21752,1800,0.929444,13889,0.710778,16403,0,0,0,0,12243,0.062927,0.348771,0.445724,194560,0,0.0,0,0
264,3,0.675175,22252,1619,0.930821,13405,0.701977,16319,0,0,0,0,11763,0.060459,0.335714,0.422001,194560,0,0.0,0,0
265,3,0.679471,22310,1917,0.944184,13242,0.708654,14437,0,0,0,0,10217,0.052513,0.356269,0.47235,194560,0,0.0,0,0
266,3,0.643044,22521,1414,0.924328,13068,0.695363,14494,0,0,0,0,9850,0.050627,0.328934,0.428731,194560,0,0.0,0,0
267,3,0.754669,21473,1734,0.923875,14471,0.770921,14746,0,0,0,0,10916,0.056106,0.399047,0.480304,194560,0,0.0,0,0
268,3,0.736303,21866,1901,0.921094,14199,0.741109,15972,0,0,0,0,11613,0.059689,0.371739,0.463102,194560,0,0.0,0,0
269,3,0.722161,21876,2171,0.936895,13627,0.714611,16407,0,0,0,0,12174,0.062572,0.36159,0.470675,194560,0,0.0,0,0
270,3,0.697715,22535,1703,0.925426,14020,0.741369,15583,0,0,0,0,10712,0.055058,0.37556,0.462939,194560,0,0.0,0,0
271,3,0.756969,21166,1976,0.969636,14046,0.765556,14306,0,0,0,0,10660,0.05479,0.395122,0.490807,194560,0,0.0,0,0
272,3,0.650411,22515,1667,0.932813,12977,0.713724,16129,0,0,0,0,11038,0.056733,0.350698,0.448994,194560,0,0.0,0,0
273,3,0.641842,22666,1835,0.920436,12713,0.680091,15697,0,0,0,0,10628,0.054626,0.339575,0.437147,194560,0,0.0,0,0
274,3,0.644947,22084,1666,0.929772,12577,0.708118,14788,0,0,0,0,10101,0.051917,0.359469,0.44748,194560,0,0.0,0,0
275,3,0.709035,22800,1823,0.924849,14343,0.730391,16133,0,0,0,0,11808,0.060691,0.370342,0.480522,194560,0,0.0,0,0
276,3,0.731105,21633,1860,0.945161,13956,0.757954,15935,0,0,0,0,11637,0.059812,0.390221,0.481224,194560,0,0.0,0,0
277,3,0.708368,21918,1459,0.94791,14067,0.776143,14697,0,0,0,0,9976,0.051275,0.39174,0.479451,194560,0,0.0,0,0
278,3,0.667703,22200,1848,0.944264,12975,0.745973,14677,0,0,0,0,10015,0.051475,0.356465,0.462506,194560,0,0.0,0,0
279,3,0.655522,21894,2363,0.935252,11989,0.676704,15224,0,0,0,0,10619,0.05458,0.339486,0.448536,194560,0,0.0,0,0
280,3,0.733935,22036,2255,0.937916,13918,0.756287,15688,0,0,0,0,11100,0.057052,0.401622,0.492703,194560,0,0.0,0,0
281,3,0.664186,22033,2390,0.93682,12244,0.716923,14433,0,0,0,0,9933,0.051054,0.337864,0.441256,194560,0,0.0,0,0
282,3,0.67216,23301,1912,0.917364,13750,0.7024,17579,0,0,0,0,12259,0.063009,0.341953,0.451668,194560,0,0.0,0,0
283,3,0.700146,22541,2243,0.920196,13539,0.731812,15959,0,0,0,0,11081,0.056954,0.374695,0.475679,194560,0,0.0,0,0
284,3,0.674605,22760,2215,0.927765,13139,0.725854,16287,0,0,0,0,10942,0.05624,0.370956,0.468927,194560,0,0.0,0,0
285,3,0.716044,22419,2442,0.947174,13611,0.761369,15561,0,0,0,0,10639,0.054682,0.390168,0.500987,194560,0,0.0,0,0
286,3,0.685308,22066,3017,0.940007,12105,0.748451,14910,0,0,0,0,9941,0.051095,0.385273,0.483955,194560,0,0.0,0,0
287,3,0.669322,22971,2589,0.945925,12786,0.732442,15762,0,0,0,0,10320,0.053043,0.381202,0.476841,194560,0,0.0,0,0
288,3,0.755714,22707,2818,0.940028,14342,0.774648,15688,0,0,0,0,11050,0.056795,0.392127,0.505068,194560,0,0.0,0,0
289,3,0.626665,23199,2672,0.94274,11866,0.699646,16975,0,0,0,0,10913,0.056091,0.355173,0.47448,194560,0,0.0,0,0
290,3,0.742369,23227,3774,0.953895,13469,0.777118,16358,0,0,0,0,11003,0.056553,0.413524,0.528129,194560,0,0.0,0,0
291,3,0.689412,23668,3303,0.930366,13014,0.722299,17053,0,0,0,0,11474,0.058974,0.369008,0.478647,194560,0,0.0,0,0
292,3,0.688692,23639,3380,0.944083,12900,0.755659,14984,0,0,0,0,10061,0.051712,0.389226,0.505715,194560,0,0.0,0,0
293,3,0.729059,23518,3899,0.957169,13247,0.775647,16732,0,0,0,0,11123,0.05717,0.414007,0.521712,194560,0,0.0,0,0
294,3,0.675195,23842,3798,0.940758,12300,0.74,16533,0,0,0,0,10692,0.054955,0.374673,0.502058,194560,0,0.0,0,0
295,3,0.747314,24196,4231,0.967147,13851,0.796621,16804,0,0,0,0,10908,0.056065,0.425651,0.524294,194560,0,0.0,0,0
296,3,0.705417,23742,4269,0.966503,12479,0.773059,15183,0,0,0,0,9912,0.050946,0.407082,0.536118,194560,0,0.0,0,0
297,3,0.687656,23695,3380,0.955621,12914,0.752439,15702,0,0,0,0,10212,0.052488,0.369174,0.48727,194560,0,0.0,0,0
298,3,0.668726,23304,3753,0.940048,11831,0.697321,16433,0,0,0,0,10976,0.056414,0.358327,0.496629,194560,0,0.0,0,0
299,3,0.716564,23889,3488,0.926606,13630,0.742553,16941,0,0,0,0,11796,0.060629,0.378179,0.492201,194560,0,0.0,0,0
300,3,0.67945,23416,3548,0.943067,12362,0.722375,17194,0,0,0,0,11264,0.057895,0.374112,0.490856,194560,0,0.0,0,0
