round,phase,gate,lr,acc,delta_acc,params_global_norm,params_global_relative,params_local_mean_norm,params_local_rms_norm,params_disagreement_rms,params_disagreement_relative,params_retained_ratio,bn_mean_global_norm,bn_mean_global_relative,bn_mean_local_mean_norm,bn_mean_local_rms_norm,bn_mean_disagreement_rms,bn_mean_disagreement_relative,bn_mean_retained_ratio,bn_var_global_norm,bn_var_global_relative,bn_var_local_mean_norm,bn_var_local_rms_norm,bn_var_disagreement_rms,bn_var_disagreement_relative,bn_var_retained_ratio
226,3,1.0,0.02141454902753976,0.8473,-0.005499999999999949,0.7029873412874791,0.016539101762726768,1.948506468461991,1.95079251841695,1.8197253421807604,0.9328133694389246,0.3607826572125091,0.4049330623702115,0.02811764335582798,1.1234451519017037,1.1334548376840596,1.058654411956318,0.9340066994812266,0.3604386575390565,0.31473753032899565,0.016227344197508882,1.1656034382208502,1.2555872804235304,1.2154996859620188,0.9680726341477517,0.2700211066719258
227,3,1.0,0.02086798289262284,0.8495,0.0021999999999999797,0.7495100019970118,0.01764970481551932,2.03969332173341,2.0442468710579056,1.9018885621110726,0.930361488642924,0.36746210521493955,0.4043081183161856,0.028219190149921775,1.1631456971799288,1.1753825214792644,1.103657113001341,0.9389769652286014,0.3475988599677918,0.34221193255367677,0.017585404609576298,1.1809219032094416,1.2292597436718606,1.180665157438887,0.9604684148463047,0.2897837118810591
228,3,1.0,0.02032735294339415,0.8399,-0.009600000000000053,0.7434887945549771,0.017524769074703888,1.9504812436779488,1.9536967781630967,1.806697427714329,0.9247583595920247,0.3811822323156558,0.4795429393172771,0.03354056832829256,1.1231425247960687,1.1258382025795672,1.0186021106512377,0.9047499972175169,0.42696534832420197,0.3992713176155413,0.020504414042586884,1.0361573414214778,1.0576262364212414,0.9793650036294953,0.9260029393213961,0.38533850184161333
229,3,1.0,0.01979271846601995,0.8481,0.008199999999999985,0.7415627194121251,0.017494147499346035,1.945007115077399,1.9563127490387404,1.8103160996806131,0.9253715187257944,0.3812647849273372,0.4303976982111229,0.030274439104440574,1.1089480250193535,1.1176897189747508,1.031498007092792,0.9228840433810003,0.3881134990105704,0.2355006740480308,0.01225007907450899,1.1827422270406462,1.2287402357749064,1.2059609997322833,0.9814613085993255,0.1991141168919621
230,3,1.0,0.01926413808919542,0.8549,0.006800000000000028,0.6845028967292042,0.01616137990539114,1.8916019258451418,1.8936635140780602,1.7656209552067883,0.9323836796139519,0.36186413609373846,0.3852384314302115,0.027088283415698782,1.1158181459366379,1.121755449415938,1.0535305610060488,0.9391802478468798,0.34525198647565947,0.3479057400984338,0.018059215437993128,1.198372577650543,1.240891811562023,1.1911230748088424,0.9598927672102757,0.2903151712470898
231,3,1.0,0.01874166977771553,0.8485,-0.006399999999999961,0.6134647054250266,0.014496984367065546,1.7702749762974885,1.7734462139357179,1.663962920694541,0.9382652304981913,0.34653639329415453,0.32636376669729417,0.022979059261532167,1.029101872279866,1.0329987431624716,0.9800883001721871,0.948779760536492,0.3171345573147874,0.30104461442395397,0.015733259970770203,1.174374059740205,1.2501372505867148,1.2133487493905384,0.9705724302040349,0.25634474120669104
232,3,1.0,0.01822537082611828,0.8513,0.0027999999999999137,0.6222725894404888,0.014717258205571163,1.7396719085688759,1.742463218306304,1.627561050720019,0.9340576223479935,0.3576953713947104,0.35625507741176016,0.02507695634947926,1.049541608698077,1.0566949808679509,0.9948299447321759,0.9414542159697209,0.33943873635813565,0.2874076025963714,0.014986219957196407,1.130122347377224,1.1886997294414705,1.153431369204331,0.9703303034705737,0.25431547589814846
233,3,1.0,0.01771529785240183,0.8534,0.002100000000000102,0.5989951632871252,0.014178662569808247,1.6926897502175628,1.6974353486238196,1.5882353828233011,0.9356676730639247,0.3538717967720522,0.3281564997596515,0.023185070315343854,0.9951128855898865,1.0017406751488198,0.946465909246132,0.9448212823199217,0.32976811426286146,0.4503469169299934,0.023511933751175034,1.1131131104750465,1.1723905753620956,1.0824452287425392,0.9232803909296383,0.4045832473734835
234,3,1.0,0.017211506791815812,0.8545,0.0010999999999999899,0.5773996777651186,0.013678547379882692,1.6788414974013086,1.6806683398922122,1.578371228294382,0.9391330763067799,0.3439274515544677,0.3204353107999726,0.022772071687324476,0.9540138144948596,0.9574679258526276,0.9022560905523881,0.9423355771932796,0.33588120625867435,0.2582576732703767,0.01366691546981287,1.0443155342140529,1.1037838925336383,1.0731458403083487,0.9722427076237155,0.24729850778743825
235,3,1.0,0.016714052890727183,0.8483,-0.006199999999999983,0.6004733468712163,0.014235733469324174,1.6582362564992987,1.661436985380697,1.5491302979689572,0.9324038838668286,0.3621156783405973,0.4752814317052554,0.033832862985264577,1.02750757428651,1.0396138943196147,0.9246105133309863,0.8893787572318919,0.46255759431776994,0.5451882957041555,0.028937443167364376,1.0580636507280115,1.131298472698434,0.9912648466083103,0.8762186730827028,0.5152698472620557
236,3,1.0,0.01622299070056202,0.8559,0.00759999999999994,0.5656461053435075,0.013420480805774456,1.6195355664702897,1.6230819542541635,1.521328222403161,0.9373083216258417,0.3492643922456792,0.38918331856479016,0.0276679989211395,0.9362896736003645,0.9525870016037649,0.8694586558917999,0.9127341171231489,0.4156655034635198,0.5390441332638776,0.028465071082940576,1.0629373698087423,1.1175999619883277,0.9790106947092774,0.8759938511160241,0.5071269000175141
237,3,1.0,0.015738374071823238,0.851,-0.0049000000000000155,0.5633658136848497,0.01337613638935406,1.582374917425917,1.5848577336364296,1.4813483895022708,0.9346885578829475,0.35602549527345195,0.3262518885556517,0.023258591888323948,0.9409575955077071,0.9459728403879657,0.8879326258323924,0.9386449461574715,0.3467232637402941,0.4910766753970824,0.02641721555122687,0.986983140164689,1.0297902555914324,0.9051582328641189,0.8789733908913961,0.4975532563961942
238,3,1.0,0.015260256148185282,0.845,-0.006000000000000005,0.6026939785894595,0.014320108598382841,1.5697738723121943,1.5738434309659348,1.4538717874275244,0.9237715511098975,0.3839368135881399,0.3423480158605833,0.024490861617093383,0.9224327219492323,0.9257121651096598,0.860081903659276,0.9291029502214554,0.37113602728354317,0.49289486222799944,0.026247467500404208,1.0265205359615206,1.0709302032599943,0.9507610672540429,0.8877899459365818,0.480160742002414
239,3,1.0,0.014788689360666423,0.8488,0.0038000000000000256,0.5337193828923856,0.012690625323151532,1.5118205637277424,1.5150214455455808,1.4178976162599186,0.9358927693259903,0.3530309057156739,0.33301883885870714,0.023880336731561057,0.9088161169602686,0.9157048022411358,0.8530027839190971,0.9315259479162072,0.36643148448176777,0.3510582526998314,0.018934844066081577,0.9774271234504464,1.004636751470589,0.9413041074298518,0.9369596583560867,0.35916565468384953
240,3,1.0,0.014323725421878947,0.8509,0.0020999999999999908,0.5302351415916664,0.012617032382726228,1.5081246195094562,1.5091717418955732,1.4129579266762409,0.9362472722299422,0.35158576070731784,0.3442795298590522,0.02476803285097361,0.8872519095911449,0.8966813887524628,0.8279547735396029,0.9233544756532996,0.3880290660830472,0.330993381304559,0.0180337067437249,0.8908796541312093,0.9296567509260995,0.8687375930376804,0.9344713435063715,0.3715354591045696
241,3,1.0,0.013865415320358426,0.8531,0.0021999999999999797,0.49153145870987336,0.011704089657677653,1.4217671490160146,1.424696097962645,1.3372194489015665,0.9385997833599934,0.345718677668179,0.30712610696219333,0.02211057229012156,0.9224698042996694,0.9326860755554053,0.8806684213478966,0.9442281217970016,0.33293892713958334,0.2304301141312824,0.012570718740197287,1.1339809703321924,1.1879583763220722,1.1653957068659886,0.9810071885465063,0.2032045688242717
242,3,1.0,0.013413809314972198,0.8528,-0.00029999999999996696,0.4710741108550264,0.011224790652763187,1.3740508397270434,1.3768265873997885,1.2937313048337304,0.9396472414707011,0.3428360124932537,0.2844692187529093,0.02053750322820949,0.917698571264344,0.9256673845166958,0.8808730499421287,0.9516086065860958,0.3099811067167584,0.22544773128290602,0.012286243206921801,1.0868452060392568,1.1473549771752691,1.1249874298771296,0.9805051202608566,0.20743315610186613
243,3,1.0,0.012968956929407856,0.8507,-0.0020999999999999908,0.5276731323322114,0.01258193556083035,1.380033115563243,1.3860286754754076,1.281653846896848,0.9246950438866215,0.38236265954882415,0.3491881496492475,0.02519959840154225,0.8335574268389188,0.8397049104645183,0.7636569716569175,0.9094349242693701,0.41891312872523484,0.5371164024348153,0.029255754942391837,0.9258011734309313,0.9903102293631385,0.8319977110600584,0.8401384600410623,0.5801638816726845
244,3,1.0,0.012530906946742542,0.8544,0.0037000000000000366,0.5010837700131702,0.011955251365578427,1.3886988386422974,1.3918821541167452,1.2985572862353398,0.9329505967115247,0.36082968896486556,0.38010025613440185,0.02751377673025794,0.8382472870350283,0.8505565406596357,0.7609009292616309,0.8945918265134098,0.45344644953025465,0.4446125738699743,0.024589969096871566,0.8928835435116567,0.9747984849672736,0.8674970956138647,0.8899245423457841,0.497951358943564
245,3,1.0,0.012099707404093205,0.8552,0.0007999999999999119,0.4351086095958711,0.01038765345389763,1.2636830440836406,1.2654429969094805,1.1882872185167992,0.9390286416842841,0.344317834786958,0.26012181169123827,0.018820308818975357,0.7459840433842979,0.7471778514064585,0.7004365677545117,0.9374428945344634,0.3486962140787173,0.23926224870294266,0.013151640207506874,0.8541365654812147,0.8674261095298273,0.8337754665808197,0.9612063291854941,0.2801217725272585
246,3,1.0,0.011675405587348867,0.8536,-0.0015999999999999348,0.49076848560080416,0.011723252069311654,1.3027165118340858,1.3042184442497298,1.2083592597339903,0.92650066793766,0.37672700172492213,0.29414681340170307,0.02134372053553312,0.8378850647943982,0.8481110397915177,0.7954684378829993,0.93792958770887,0.3510586663504754,0.39574353190767936,0.021790499128475846,0.9977340322968863,1.0418216025675615,0.9637319096759489,0.9250450435092139,0.3966423105731265
247,3,1.0,0.011258048025985219,0.8506,-0.0030000000000000027,0.4400964881086009,0.010519200830390422,1.2350208336127477,1.2368343605431285,1.1558868311966102,0.9345526515684994,0.3563474203274835,0.26254137442585807,0.019111769758897577,0.8216637854700479,0.8385445088135178,0.7963849179577225,0.949722894357214,0.31952409132363846,0.2610452046331978,0.014540797941819717,1.152572768091384,1.239996855616483,1.2122077840725365,0.977589401603659,0.22648913097736864
248,3,1.0,0.010847680487962004,0.8569,0.006299999999999972,0.4247181441896574,0.010157653481880406,1.2335856067635709,1.2349101253318837,1.1595764638294084,0.9389966444058192,0.34429563855235457,0.3013602871191427,0.021994658486331035,0.7640477946101849,0.7718404585403967,0.7105770349843955,0.920626830482747,0.39442596293716925,0.38599825968384044,0.021531366046670747,0.8822005600027807,0.9654720796075641,0.8849529475556985,0.9166012837112864,0.4375402569259577
249,3,1.0,0.010444347974704237,0.8545,-0.0023999999999999577,0.3845454839448577,0.009201987949643315,1.1720599056555276,1.1736954021311667,1.108911952243132,0.9448038649802986,0.3280937109863708,0.2268424548669794,0.01663641457843551,0.7897925148741258,0.8076300885528646,0.7751186199011071,0.9597446044760263,0.2872177826389412,0.35678440991343946,0.02020992404012469,1.084179143629455,1.1605557288845338,1.1043523465262695,0.9515720090302909,0.32908252479295
250,3,1.0,0.010048094716167114,0.856,0.0014999999999999458,0.37638769037051584,0.009011833798427116,1.12927070201039,1.1314286919255536,1.066987922401008,0.9430447804758465,0.33330156330138533,0.22633082878239377,0.016606156280123456,0.7828509808350487,0.798499411608118,0.765751705727868,0.9589884408126256,0.2891109985465842,0.23280299418473702,0.013036569906380092,1.0260656210786498,1.0981998581980885,1.073240809830753,0.9772727630758504,0.22688899170016363
251,3,1.0,0.009658964165985781,0.8529,-0.0030999999999999917,0.4274913676179508,0.010240916412251583,1.142112385516592,1.1425335837103965,1.059544315912155,0.927363826340463,0.3742988632634353,0.29464930607788936,0.021641031912987867,0.7556673773739352,0.7673638649305773,0.7085401105647102,0.9233430748381815,0.3899193148999534,0.5355851216820213,0.030193797196915367,1.0012667722305943,1.0269729125361664,0.8762544739277538,0.8532401032504303,0.5349075156952025
252,3,1.0,0.009276998996710232,0.8517,-0.0011999999999999789,0.37644191416128786,0.009022331250354646,1.0732387893886948,1.0745050835425083,1.006405834198854,0.9366226829573112,0.35075317616474255,0.24277375543182117,0.017823993232443467,0.8478120849447983,0.8590602910931677,0.8240421709948854,0.9592367142779685,0.2863532612272546,0.4370011025872216,0.024981677429387977,1.2803149226155832,1.3289979761993216,1.2550958267186203,0.9443925793686705,0.3413231345413537
253,3,1.0,0.008902241095125588,0.8501,-0.0016000000000000458,0.3702496927481081,0.008878505030237654,1.0479337514874765,1.048651677660854,0.9811144365115642,0.9355961158619037,0.35331402602746764,0.2643859499216021,0.019442329090436458,0.7088589963535223,0.7219932219525016,0.6718439455626501,0.9305405163579906,0.37297396418983647,0.38138446572345375,0.02162389508038177,0.8952452823294932,0.9921053507346058,0.9158706058874774,0.9231586194039975,0.4260111427016557
254,3,1.0,0.008534731557658895,0.8551,0.0050000000000000044,0.3666827496116719,0.008796706655925505,1.0335458298164077,1.0363327096095494,0.9692931820046146,0.9353108060921933,0.3547813159642926,0.2627173571846264,0.019317510138203976,0.7536747665499269,0.763413973047475,0.7167848516985708,0.9389202673842013,0.3485818669334776,0.267183810111237,0.01524746145130249,1.0150745014238265,1.0593167708651015,1.0250682084279827,0.9676691964301204,0.2632159607363431
255,3,1.0,0.008174510685872416,0.8533,-0.0018000000000000238,0.34193990130347995,0.00820689844208606,0.9940248228979718,0.9948058949904489,0.9341926528313508,0.9390702824899524,0.34399533434848356,0.19604417784715247,0.014467693014597067,0.717414987137492,0.7314665288462479,0.7047055933761263,0.9634146821286109,0.273264681337889,0.2894001544523095,0.016506926880266965,1.0902357751313543,1.1246166554833212,1.086743021690348,0.9663230723035162,0.2654473106218165
256,3,1.0,0.007821617982044048,0.8544,0.001100000000000101,0.34510241520163354,0.008286552803142774,0.9668410661156216,0.967655718704262,0.9040254113025272,0.9342428240005248,0.35693810213101124,0.320069493564994,0.023634721217828468,0.6861817317738131,0.7028005064956587,0.6256868834977026,0.8902766542066622,0.4664500361115688,0.5647915994082432,0.03262419153611894,0.9240489913233393,0.9911909944907594,0.8145367991152987,0.8217758269018378,0.6112139125863877
257,3,1.0,0.007476092144835487,0.849,-0.005400000000000071,0.3199100414578055,0.007684739614792002,0.9336100553530019,0.9346509385001293,0.8781970082564894,0.9395989155756547,0.3426591644161825,0.1967603043827003,0.014539485973204116,0.7193021034793673,0.7427272533224996,0.7161907482956715,0.9642715345261397,0.2735433462948913,0.18909437322789924,0.010777691200128085,0.9768849898206083,1.0917452809450727,1.0752446740016237,0.9848860286080969,0.19356871607027543
258,3,1.0,0.007137971065048549,0.8526,0.0036000000000000476,0.386016880259386,0.009276522965583489,0.9449048849693042,0.9462575366148205,0.8639411581197842,0.913008483092755,0.40852458951138343,0.44573103373197304,0.03302745281457548,0.7276235956744231,0.7533010145806494,0.6072777506779474,0.8061554928556803,0.612584633568448,0.8058780972858571,0.0462133641491052,1.0703759540184228,1.1844586273758488,0.8680453770433042,0.732862555922655,0.7528925647670022
259,3,1.0,0.006807291821469859,0.8501,-0.0025000000000000577,0.30357043873307277,0.0072980220413348925,0.8611914542956506,0.8616281078749427,0.8063795678836478,0.935878902410048,0.3525005238020578,0.26106549699779247,0.019326841183927294,0.6993203582924317,0.7178576776121526,0.6687035678224031,0.9315266642362128,0.3733131659934085,0.5746439483474617,0.03357979251933703,1.0745604063570087,1.1256509499642169,0.967922844539214,0.8598783171372822,0.5347711910358102
260,3,1.0,0.006484090676804943,0.8455,-0.0045999999999999375,0.2747430441857127,0.0066073674469384605,0.8369036615066917,0.8379759673187736,0.7916564948371372,0.9447245812671188,0.32828515015824905,0.1719836787193829,0.012727139811670288,0.6419216157375903,0.659567577362086,0.6367503614949028,0.9654057951750149,0.2679200614264526,0.17438194355284434,0.010034149593666178,0.844123327810993,0.9072242050862939,0.8903071485002755,0.9813529483768466,0.2065834905961633
261,3,1.0,0.006168403073701431,0.8493,0.0038000000000000256,0.26977139212143486,0.006490013216584515,0.8157430283755928,0.8174724814803517,0.7716765374649748,0.9439786108366052,0.33070634101358687,0.1804125886041028,0.013385643121423686,0.6449698123857727,0.664355110978758,0.6393895475135828,0.9624213571136755,0.2797225314108089,0.2724246609598775,0.015696107106713236,0.8746674396188359,0.962824898009047,0.923480864995309,0.9591368761909932,0.3114608462830115
262,3,1.0,0.005860263630862452,0.8506,0.0012999999999999678,0.2769626910028139,0.006665265024476734,0.7957189862317893,0.7981800845398189,0.7485874306930164,0.9378678385900914,0.3480659576999661,0.1646738516105192,0.012195331566335454,0.6452877716313984,0.6677343293573859,0.6471102234962843,0.9691133060644797,0.2551944401397773,0.29454360467955226,0.01712530845875542,0.9376736136042518,1.0647985753209717,1.023249793682507,0.9609796795361598,0.3141216734758896
263,3,1.0,0.005559706139250394,0.8531,0.0024999999999999467,0.2648621616044805,0.006375998097910417,0.7778082034805975,0.7785643580104575,0.7321273945526683,0.940355652066511,0.3405237440531668,0.24413348309742544,0.018052662178082355,0.6967777879046537,0.7252121907840984,0.6828847613006819,0.9416344209028641,0.350374950716472,0.23607311222875624,0.013671304866627418,1.0460746164636991,1.1197908251658928,1.094623695302776,0.9775251508607525,0.22567521332924767
264,3,1.0,0.0052667635583811484,0.8514,-0.0016999999999999238,0.23281578910199155,0.0056063436027795404,0.7259391879748467,0.7263479173229092,0.6880248033057222,0.9472386261415412,0.3207097687500216,0.14382809444805925,0.010677774630622451,0.6731688867319179,0.6929307688221698,0.6778396110426427,0.9782212618366208,0.21365826211355665,0.12974730932829143,0.0075526591642121966,0.9700283117903448,1.0290232142870028,1.0208106864389335,0.9920191034234735,0.13375620871191038
265,3,1.0,0.00498146801270987,0.8543,0.0028999999999999027,0.2860204801246965,0.006889570441634705,0.7080722307444091,0.709499428214106,0.6492932606337308,0.9151427539104278,0.4039425184405241,0.22479622128220547,0.01670427486384148,0.5186692601637485,0.5245692553775134,0.4739615554595217,0.9035252268424095,0.4334095705059431,0.29068659123799145,0.016945339279173757,0.7112814590488723,0.7338739138029028,0.6738487416893979,0.9182077861271059,0.4086801188754427
266,3,1.0,0.004703850788108141,0.8511,-0.0031999999999999806,0.22429960357098533,0.005404097011496544,0.6727021718691415,0.6736550881646945,0.6352171915684084,0.9429412806767239,0.3334307706302717,0.23631969262720862,0.01752477565955289,0.5724869432986077,0.5930252063271008,0.5439043333973439,0.9171689965187368,0.4127949036978209,0.2678351569011812,0.015557801409743909,0.8468644637980746,0.9062516020127882,0.8657691041371808,0.9553297364819046,0.31626685065987553
267,3,1.0,0.00443394232843309,0.8524,0.0013000000000000789,0.20859453468358252,0.0050269880177402,0.64133397290651,0.6430126866570594,0.6082381557405404,0.9459193704290544,0.3252510290983607,0.17907309072458613,0.013332885661975359,0.6998597740390026,0.727552807199435,0.7051708367864972,0.9692366379574664,0.25586995762183434,0.37138168279158384,0.021580772947017712,1.1142280181816626,1.202699235383107,1.1439235722772172,0.9511302066412577,0.3333085120204132
268,3,1.0,0.004171772232188925,0.8536,0.0011999999999999789,0.22052703857803244,0.005315889957435631,0.6081268701451552,0.6107108396063934,0.5695046822673533,0.9325275487731678,0.36263327506872756,0.1952939933107463,0.014540926785508203,0.5592291366083619,0.5799496511660259,0.5460786127827897,0.9415965880570213,0.34921998967216566,0.4417882315715941,0.025720981986113813,0.8862976290769792,0.997512317345925,0.8943456855105364,0.8965760822784791,0.49846486899856374
269,3,1.0,0.003917369249281083,0.8533,-0.000300000000000078,0.2109721078061028,0.005086688784599953,0.6061183962103008,0.6080203029684641,0.5702451060344709,0.9378718165338099,0.34807078802621133,0.20650676355906628,0.015386772090574426,0.5419715394169229,0.5581695611257849,0.5185636227372771,0.9290431776526372,0.3810287967911294,0.1650646780529428,0.009754783179510004,0.7433591209397188,0.8066681931395677,0.7895994558031186,0.9788404483012808,0.2220524015959823
270,3,1.0,0.0036707612778634846,0.8545,0.0012000000000000899,0.18817777219631657,0.0045380901353186676,0.5750252426605734,0.5753179906939643,0.5436726351154807,0.9449950182501471,0.3272513243516761,0.17251812962248142,0.012873234147121068,0.6188121143287596,0.6704493043807365,0.6478732614970589,0.966326994843361,0.27878919243463096,0.31488633620725515,0.018638142301981575,1.0593457617000468,1.1557837297806224,1.1120621278841394,0.9621714679226522,0.29724604335219407
271,3,1.0,0.0034319753612792386,0.8553,0.0007999999999999119,0.17201609897439965,0.00414914097660715,0.5335874003407794,0.5342838848400507,0.5058356907117718,0.9467545345546113,0.3223766132118943,0.2047370811522777,0.015291104967976324,0.5509778201808152,0.5800511016030365,0.5427172425370274,0.9356369482570883,0.37158860784103587,0.32206494359398724,0.018897764137155354,0.926672670178486,0.968362888877757,0.9132364664590789,0.9430725577654421,0.34754984576371983
272,3,1.0,0.003201037685094957,0.8564,0.001100000000000101,0.17343732490799288,0.004184186173074196,0.5239594049168059,0.5257371614165105,0.4963054246628548,0.9440181541012684,0.3310129053519541,0.2794984110212615,0.02086926159733755,0.5878687135842836,0.6252971821600685,0.5593542711532326,0.8945414870109628,0.4754435889556647,0.4288726701101454,0.02511928248205762,0.9826882822946286,1.0972228210070551,1.009933896608166,0.9204455806717786,0.43642798824130197
273,3,1.0,0.00297797357422927,0.8541,-0.0023000000000000798,0.16170135706583952,0.0039017127230919395,0.49309974330450607,0.4937666728023163,0.46653854033266484,0.9448562773280722,0.3279282929295369,0.14332391570965264,0.010688002965149872,0.49679221946972396,0.5041678626544204,0.48336684626607684,0.9587418835488102,0.28849871252540266,0.12819979096243342,0.007590499905094684,0.8041044406832822,0.8322359611757306,0.8223025984431099,0.9880642471654464,0.15943176592022862
274,3,1.0,0.002762807490175642,0.853,-0.0010999999999999899,0.15412581399830394,0.0037194860185729185,0.4743509133785814,0.4755380375140022,0.4498685042735386,0.9460200210804214,0.3249193996498021,0.16063774934836336,0.012008125743581892,0.5853922476750274,0.6007967843422519,0.5789233920141181,0.9635926940719555,0.2744104486971943,0.2648775249232889,0.01572002788278982,0.9235506518531356,0.9512934932414044,0.9136733107941417,0.9604536531422316,0.2868034626923853
275,3,1.0,0.0025555630283198767,0.8553,0.0022999999999999687,0.17209396435135627,0.00415372429673336,0.45717253133578023,0.4581660147325922,0.42461720576153245,0.9267758674971986,0.3764311120104417,0.16963997768188552,0.012690447597430769,0.5056940969350063,0.5371806618011798,0.5096914115933265,0.9488268060214953,0.3354596755431145,0.2650040098471609,0.01564234508902117,0.8904641668326788,0.971636666132058,0.9347996847219296,0.9620876993487999,0.2976021042932725
276,3,1.0,0.0023562629153526696,0.8571,0.0018000000000000238,0.12945350325804114,0.0031249519439721964,0.4155278646261643,0.41588837945854495,0.3952277163482751,0.9503216148112422,0.31153988523611015,0.17012646088055966,0.012711401065123763,0.47433149522580115,0.49154678753681236,0.46116723340437893,0.938196007170206,0.3586657487282655,0.21644021325710955,0.01285122873754128,0.8165840296242961,0.8879265321332566,0.8611429922939422,0.9698358604343464,0.26505565306817475
277,3,1.0,0.0021649290067773026,0.8579,0.0008000000000000229,0.12449148433548055,0.003005532785743556,0.3927632861896858,0.394103435083582,0.3739243194074259,0.9487974123547629,0.3169631396641211,0.2029096814297647,0.015144227452556227,0.5179834126149182,0.5640406242228466,0.5262789206940164,0.9330514471703886,0.39173007568991947,0.46410440058410224,0.02754840756910906,0.9480607628800719,1.0351237761599454,0.9252502572213775,0.8938547046555422,0.4895302271282908
278,3,1.0,0.0019815822845129782,0.8537,-0.0041999999999999815,0.1413096031127055,0.0034119431786664195,0.3919583809143358,0.394161438281286,0.3679603905890827,0.9335271156751122,0.36052195843616697,0.20901693301365218,0.015643487370407737,0.5787885875038484,0.6151947311330079,0.5785987346053063,0.9405131502665789,0.3611282902364802,0.24343449261753505,0.014296103094122029,0.8554088631353732,0.9395585188256097,0.907474421491268,0.9658519435548891,0.28458261669777696
279,3,1.0,0.0018062428545939507,0.8555,0.0018000000000000238,0.1339512786462344,0.0032346012969656714,0.36659868092140635,0.3677187229275652,0.3424530912079081,0.9312908749423836,0.3653894179585215,0.2429610072935748,0.01821299016248305,0.4778297845601093,0.5385814687778686,0.48066612967557587,0.8924668922721899,0.5084676910989234,0.4977100412242784,0.029209025448089503,0.7246637978566798,0.8621676957301537,0.7040016583216796,0.8165484067754055,0.6868151033573681
280,3,1.0,0.0016389299449645815,0.855,-0.000500000000000056,0.12022980565574704,0.0029035099493458154,0.34693503940446396,0.34752193335439574,0.32606179236697286,0.9382480962272437,0.346548465851501,0.10708778739272583,0.008015481684843721,0.47753791976806487,0.4918093931122219,0.4800090507914957,0.9760062689204605,0.22424980919784807,0.14437096277712066,0.008603488583105431,0.9109952350675365,0.9680245050380211,0.9571982523117784,0.9888161377424867,0.15847608990668072
281,3,1.0,0.0014796619033708683,0.855,0.0,0.12164017428966901,0.0029378091992073867,0.3276542967065119,0.3282655740070807,0.30489663769892456,0.9288108831428907,0.3712454727814088,0.16278037758023167,0.012176682443632946,0.5083471320929228,0.5486472193417301,0.5239430471000032,0.9549725736852049,0.32021500133195674,0.3805786697689003,0.022720221635647655,0.8580913925775489,0.92871025856772,0.8471495331621024,0.91217850276425,0.4435176404994717
282,3,1.0,0.0013284561953483542,0.8567,0.0017000000000000348,0.12290583109611966,0.0029685710158152048,0.31203379349182825,0.3129892604299483,0.28784793790459917,0.9196735297217135,0.3938862830231829,0.19786525422619225,0.014792183714351141,0.5193621031613462,0.5741976804031131,0.5390290554175853,0.938751711848021,0.3809774587359967,0.5270355284778108,0.031152252574065755,0.9914398494133616,1.0864346397121913,0.9500388369230344,0.8744555836094385,0.531585984555351
283,3,1.0,0.0011853294023068588,0.8574,0.0007000000000000339,0.07931863529391216,0.001915930487463539,0.27151634638123906,0.2719024227522886,0.26007592523661344,0.9565046261965475,0.29213208100016197,0.08640069450636266,0.006462538949058861,0.40900144165139324,0.43497400137943704,0.4263065699518889,0.9800736793462115,0.21124789721402767,0.1382710732719597,0.008280907444431976,0.7386871385224378,0.8150940470075182,0.8032803647695232,0.9855063568659753,0.18718489338874508
284,3,1.0,0.0010502972197121263,0.8562,-0.0012000000000000899,0.08030905068004228,0.0019399534274784217,0.2630846695869563,0.2637029059874267,0.25117659933334374,0.9524984125329276,0.3052593326936447,0.18724281845975943,0.013983876446658418,0.5154465028552045,0.5377364729681199,0.5040840058396454,0.9374182916350746,0.3632633404680569,0.26383383696039114,0.015773839827853953,0.9396642806659374,0.9999151818318951,0.9644802081952721,0.9645620205788812,0.28077457277977286
285,3,1.0,0.0009233744553646757,0.8558,-0.00039999999999995595,0.07168270276816914,0.001731658030464466,0.23223044299062398,0.23285863351186672,0.22155075037957897,0.9514388495640146,0.30867056810059673,0.1282292449260462,0.009615205572177401,0.4226529165108496,0.44488803061090654,0.42600775207417263,0.9575617296091151,0.3033913642064139,0.25940997160035395,0.01551087351071448,0.7496468712011777,0.7853306630567598,0.7412493630529129,0.9438691215337648,0.346042892415058
286,3,1.0,0.0008045750277758752,0.8567,0.0009000000000000119,0.07902055719150079,0.0019089973687862237,0.23286210283547756,0.23326133036212737,0.2194689097454702,0.9408713797728707,0.3393448578763829,0.097810782883124,0.007327005774646143,0.3859492608175755,0.42023537351894763,0.4086940422391763,0.9725360309791938,0.25342912349650976,0.2276191980920745,0.013553882328521404,0.8220809434338252,0.8757681362562237,0.8456709268957464,0.9656333587459138,0.27688173519910464
287,3,1.0,0.0006939119646417303,0.8568,9.999999999998899e-05,0.0663891181014224,0.001603898131143291,0.192410117766341,0.19304133410062668,0.18126623008191622,0.9390021620314101,0.3450396417408985,0.171110165696946,0.012813437617219115,0.47293810353772603,0.5077261167290319,0.4780241694447007,0.9415000601590428,0.3618024524075943,0.3150095908587254,0.018747476220278874,0.7307265600131355,0.8002581570118477,0.7356508156486937,0.9192668755737563,0.43109092798414606
288,3,1.0,0.0005913974014141677,0.8564,-0.00039999999999995595,0.06431697174867118,0.0015538832007935559,0.18281934369595051,0.18397799688148783,0.17236946501623676,0.9369026075834009,0.35180616256689806,0.148343345527424,0.011087009226706666,0.5796351614656998,0.6269742721593983,0.6091723795917476,0.9716066617752303,0.25592537407895377,0.42394624385706337,0.025388922627095127,1.0728379844672298,1.1577175320774873,1.0773018983656861,0.9305395042541181,0.3951633424571508
289,3,1.0,0.0004970425799702666,0.8568,0.00039999999999995595,0.05327721297466745,0.0012871972793037933,0.1626662057118764,0.16331062137577704,0.15437583689396278,0.945289630236264,0.3275247783736658,0.07655481290180745,0.005719906840087411,0.3945886271644836,0.42360897988253254,0.4166340695737129,0.9835345551202579,0.1940117064496532,0.24080629902771716,0.01424983116611004,0.7682748823698965,0.8419892358880141,0.8068198864426732,0.958230642452039,0.3134376829877638
290,3,1.0,0.0004108578473795032,0.8563,-0.000500000000000056,0.052722351931683044,0.0012738164101196584,0.14893861064011607,0.1497577678539252,0.1401704162144106,0.9359809392400521,0.3539871340620823,0.07144431602394255,0.005351846118541662,0.41388001191704576,0.4667532210846698,0.46125294719867393,0.9882158844598565,0.1726208417097035,0.28239530851247946,0.01683280362011397,0.8583879845197059,0.9399723288291367,0.8965493952641725,0.9538040299345265,0.3289832961379209
291,3,1.0,0.0003328526547690002,0.8567,0.00040000000000006697,0.046549638223896746,0.001124693754505148,0.1293268968022589,0.12971916118483023,0.12107928155117978,0.9333955018307594,0.3599377961961868,0.07682537593779619,0.00575540228815345,0.4716751639891336,0.5400015747141005,0.5345086935397098,0.9898280274880701,0.1628777213709011,0.39023022800110746,0.0233275380790489,1.0210290113268938,1.1272414568749372,1.0575413750700164,0.9381675670462378,0.38219308528165896
292,3,1.0,0.0002630355562871722,0.8583,0.0015999999999999348,0.04198764597582667,0.0010144816108683871,0.10573920719930545,0.10646065038714154,0.09783102281042277,0.918940683291551,0.3970868241586596,0.09470931458100873,0.007085271638431183,0.37008310949417056,0.4092057035418352,0.3980947797353514,0.972847583231821,0.25591363710291287,0.1873622304700383,0.011180015489308687,0.8165538768951972,0.8512066210276099,0.830330040972907,0.9754741333784506,0.2294548293401659
293,3,1.0,0.00020141420816564278,0.8586,0.000300000000000078,0.02541981413174293,0.0006141828914841891,0.08568203771356639,0.08608168666298283,0.08224287378858344,0.9554049993301286,0.2966761156722363,0.06670173593222,0.004987754456692159,0.3622764304469053,0.38784012015536173,0.38206131651686265,0.9851000364887877,0.18411834258700335,0.3090126289466996,0.018359867652720692,0.8040088638193463,0.8216889922620759,0.7613699775151224,0.9265914289774069,0.3843398286416554
294,3,1.0,0.00014799536787963308,0.8581,-0.000500000000000056,0.020111732153511065,0.000485934171577063,0.0654540087795408,0.06579001705180051,0.06264059866936142,0.9521292359605354,0.30726509389593665,0.14371542765509665,0.010770248071746555,0.2750914269436541,0.2865731394167846,0.24793153850308333,0.8651597250449146,0.5224278678976546,0.26286277974140937,0.015748131627349227,0.7132208702819895,0.7582343673519973,0.711211935141471,0.9379843037519598,0.36855733012619224
295,3,1.0,0.00010278489340696252,0.8584,0.000300000000000078,0.018627681564477947,0.0004500784592200998,0.050736987377559654,0.051006595491194885,0.04748349243382418,0.9309284804554563,0.367142050154849,0.33082328639618186,0.024820601755362468,0.47873113552856744,0.5399254488410614,0.4267029543960532,0.790299763257987,0.6910419269699674,0.39761668669148653,0.023681385370192473,0.9485124959596763,1.0240959190295624,0.9437549735193399,0.9215493939411906,0.4192002618681264
296,3,1.0,0.00010000000000000002,0.8607,0.0022999999999999687,0.019227405718483033,0.000464570327873029,0.04750091364721221,0.04815429938236554,0.04414910372685314,0.9168257931922247,0.4047797030028594,0.1149954905569261,0.00859073761112748,0.36451434593771775,0.42475299985217485,0.4088901348742095,0.9626539071331196,0.31547589783084873,0.2887073032340438,0.017233661650829617,0.7604530792583497,0.8546256157399325,0.8043835205093112,0.9412115734594243,0.3796516985842343
297,3,1.0,0.00010000000000000002,0.8582,-0.0025000000000000577,0.02231413958885189,0.0005391526849599596,0.04966988189121318,0.04983630232926068,0.044561598873824666,0.8941594137424789,0.44924889569345566,0.08560061289776177,0.006390447777013651,0.402340814036927,0.44747899963369503,0.4392152176306452,0.9815325813952955,0.21275647389306448,0.32541792786629975,0.019281470845061252,0.8257596164396296,0.8746508134069346,0.8118602034314744,0.9282106538826864,0.3940831222400796
298,3,1.0,0.00010000000000000002,0.8582,0.0,0.014134007636849483,0.0003415055342077821,0.0463362082629215,0.04658153372650538,0.044385459917144675,0.9528552704542849,0.30503159767951055,0.05251781297263307,0.0039287026968156,0.362165529543141,0.42671768716337694,0.4234735862938826,0.9923975476829666,0.14501052333412964,0.15318289710254665,0.009033876182174615,0.658146554646361,0.8343604909335606,0.8201783434567502,0.983002374116562,0.23274891590803168
299,3,1.0,0.00010000000000000002,0.858,-0.00019999999999997797,0.016177370521171117,0.00039087808838114024,0.04680059062196657,0.04724824420615397,0.044392448747996104,0.939557638465941,0.34566594793310196,0.18892692239252581,0.014151639026264547,0.3568135999964779,0.404743463376346,0.3579439488206193,0.884372401804027,0.5294835241548829,0.4321858384618345,0.02565124480478069,0.8439259306278011,0.9486345593828331,0.844466215038392,0.8901912824974335,0.5121134720203812
300,3,1.0,0.00010000000000000002,0.8579,-9.999999999998899e-05,0.013272349959746113,0.00032068771287878926,0.0447994652361359,0.04498952799662152,0.04298723732756077,0.955494294823206,0.29626134798235143,0.08608272329948267,0.006430783492383751,0.4304538770942446,0.46287205931715114,0.45479699359078,0.9825544325611621,0.19998129388583835,0.18974818274251315,0.011360000109374243,0.8252350060357647,0.8881610118228161,0.8676551332582673,0.9769119807201808,0.22993229971425821
