round,phase,lr,gate,aux_scale,a_ratio,a_mean_weight,a_effective_mass_per_u,a_wrong_mass_per_u,b_ratio,b_mean_weight,b_effective_mass_per_u,b_wrong_mass_per_u,c_ratio,b_score_only_candidates,b_score_only_accuracy,b_score_only_admitted,L_sup_effective,L_A_effective,L_B_effective,L_proto_effective,loss_reconstructed,L_feature_effective,teacher_b_visits,teacher_b_precision,bc_feature_std,tail_gate,tail_b_old_mass,tail_b_new_mass,tail_b_old_wrong,tail_b_new_wrong,tail_a_guard_visits,tail_a_guard_correct,tail_a_removed_correct,tail_a_removed_wrong,tail_b_true_prob,tail_b_true_nll,tail_score_0_visits,tail_score_0_correct,tail_score_1_visits,tail_score_1_correct,tail_score_2_visits,tail_score_2_correct,loss_observed,u_visits,local_steps,trust_authority_mean,trust_valid_fraction,trust_refreshes,trusted_weight_gate
226,3,0.021414549027539767,1.0,1.0,0.7303402549342105,0.9031653325140504,0.6596179991960526,0.04893270395879977,0.18934004934210527,0.5369529788583036,0.10166670351142162,0.03611724449101051,0.0803196957236842,0,0.0,0,0.003906851422518804,0.1424961448254946,0.07522264376993439,0.021450725344842984,0.25047659983007947,0.007400234467288675,36838,0.6376024757044356,0.03648110689889444,0.002012853002380466,0.0,0.0,0.0,0.0,2661.0,243.0,0.07506231963634491,0.603769838809967,21647.213856220245,46489.41501045227,0.0,0.0,0.0,0.0,0.0,0.0,0.2504766004944318,194560,760,0.4426678605377674,0.8344983552631579,40,1.0
227,3,0.020867982892622833,1.0,1.0,0.6967310855263158,0.8958850122060227,0.6241909370610589,0.06381739285578461,0.21240234375,0.5462654768245118,0.1160280675872376,0.04291192476735695,0.09086657072368422,0,0.0,0,0.005144319019248207,0.15031665606718314,0.08687513574565711,0.02201634234503696,0.27217821787741786,0.007825764700292462,41325,0.6567211131276467,0.036217222259821075,0.008035205700685166,0.0,0.0,0.0,0.0,4296.0,209.0,0.26315633952617645,4.0783680602908134,25034.274221420288,47781.08668136597,0.0,0.0,0.0,0.0,0.0,0.0,0.27217821733731973,194560,760,0.42632088202394935,0.8145096628289473,40,1.0
228,3,0.02032735294339415,1.0,1.0,0.7013723273026315,0.9170951158087197,0.6432251357326382,0.057794554969050775,0.21052631578947367,0.5736164899775759,0.1207613663110686,0.03978397437481602,0.08810135690789474,0,0.0,0,0.00433266363420683,0.15307753384113312,0.08781886274779313,0.02011950578148428,0.2729655863164379,0.007617020311820517,40960,0.6443603515625,0.03627732503963144,0.01801856965207338,0.0,0.0,0.0,0.0,3241.0,486.0,1.5248437374830246,6.562592662870884,24316.798833847046,50042.25246810913,0.0,0.0,0.0,0.0,0.0,0.0,0.2729655869501202,194560,760,0.3866700087134775,0.7285002055921053,40,1.0
229,3,0.01979271846601995,1.0,1.0,0.7113332648026316,0.9184655858389243,0.6533351237836637,0.05248644147834152,0.20260074013157894,0.5710463467855916,0.11569441250819516,0.039862028535725055,0.08606599506578948,0,0.0,0,0.005307862943338573,0.14778027185483983,0.0868280134617204,0.020036058022003426,0.26782054148540885,0.007868335203506592,39418,0.6152772844893196,0.03611614760011435,0.0318825646801314,0.0,0.0,0.0,0.0,2617.0,593.0,3.40154068171978,9.121528401970863,22329.6296646595,53645.43941402435,0.0,0.0,0.0,0.0,0.0,0.0,0.267820541315565,194560,760,0.39988116257284817,0.7491879111842106,40,1.0
230,3,0.019264138089195422,1.0,1.0,0.7102282072368421,0.9033565609304413,0.6415893107652664,0.05581838902772257,0.2011256167763158,0.5466890706014573,0.10995317650958895,0.03941956107002242,0.0886461759868421,0,0.0,0,0.004775590198091538,0.14661075606157906,0.08916616753527992,0.0218173211538478,0.2703372472306288,0.007967412281830451,39131,0.6086223198998236,0.03619455386345324,0.04951556604879043,0.0,0.0,0.0,0.0,4394.0,398.0,3.2345900386571884,26.304979659616947,22001.7179479599,54337.85425376892,0.0,0.0,0.0,0.0,0.0,0.0,0.27033724733873415,194560,760,0.4310292185137146,0.8156455592105263,40,1.0
231,3,0.01874166977771553,1.0,1.0,0.7343904194078947,0.9108394091698455,0.668911735713482,0.0494231623039875,0.18648231907894736,0.547395480861278,0.10207957872434666,0.034460568739297356,0.0791272615131579,0,0.0,0,0.0040445711639844565,0.14166977795233068,0.07558092778720157,0.02169154031692367,0.24988846142993823,0.006901644209497853,36282,0.6250206714073094,0.03636815745971705,0.07077560319906695,0.0,0.0,0.0,0.0,2399.0,123.0,1.3606052249670029,21.07856272161007,20503.632398605347,46136.46300506592,0.0,0.0,0.0,0.0,0.0,0.0,0.24988846101454998,194560,760,0.42060584702381965,0.7995168585526315,40,1.0
232,3,0.018225370826118276,1.0,1.0,0.7211040296052632,0.911309294330907,0.6571488043587459,0.04763286131752753,0.1964586759868421,0.5540609125957145,0.10885007330461552,0.03723091569447302,0.08243729440789474,0,0.0,0,0.003749861051351457,0.1421742827974652,0.0791141173140587,0.02147501310039508,0.2532577671143946,0.006744492851124194,38223,0.6304842634016168,0.03638409301638603,0.09549150281252627,0.0,0.0,0.0,0.0,2099.0,173.0,2.3760976642370224,22.729924090206623,21887.247371673584,48176.25558567047,0.0,0.0,0.0,0.0,0.0,0.0,0.25325776765024977,194560,760,0.41651595293691285,0.7811986019736842,40,1.0
233,3,0.017715297852401824,1.0,1.0,0.7237150493421053,0.9014933227844225,0.6524242845805068,0.052303252579325714,0.19399671052631579,0.5401904425564434,0.10479516891370479,0.03707979348745491,0.08228824013157894,0,0.0,0,0.004056793452668659,0.14052271154758178,0.07787475928688715,0.02192780161570562,0.2512109939738194,0.0068289280709761535,37744,0.6366309877066554,0.036595512701100424,0.12346426699819452,0.0,0.0,0.0,0.0,2401.0,223.0,4.304459825158119,32.060091108083725,21929.880021095276,47236.62166976929,0.0,0.0,0.0,0.0,0.0,0.0,0.2512109935479729,194560,760,0.4336444201045915,0.8251696134868421,40,1.0
234,3,0.017211506791815812,1.0,1.0,0.7174136513157895,0.9195610820367422,0.6597056734718775,0.04642329168426314,0.19582648026315788,0.5703996649063792,0.11169935872190093,0.03790134265375519,0.08675986842105263,0,0.0,0,0.0038208519124294216,0.14498542873188852,0.0803586028736869,0.019836898650974037,0.2565052011181175,0.007503418949138569,38100,0.6394488188976378,0.03638832659803723,0.15446867550656762,0.0,0.0,0.0,0.0,1294.0,123.0,2.9889921098947525,21.062535531818867,22274.84090232849,46486.337814331055,0.0,0.0,0.0,0.0,0.0,0.0,0.25650520051192294,194560,760,0.37975016375513454,0.7168379934210526,40,1.0
235,3,0.01671405289072718,1.0,1.0,0.7334344161184211,0.9145331134035727,0.6707500600501111,0.05329824031551222,0.19000822368421053,0.568975583025192,0.10811003985030479,0.035151043947246906,0.07655736019736842,0,0.0,0,0.003942123598053035,0.14103411955170725,0.07639205316571814,0.02114050006788028,0.24875977895992327,0.006250982576564542,36968,0.6788844405972733,0.036667054715125186,0.1882550990706332,0.0,0.0,0.0,0.0,2657.0,236.0,6.707039535045624,55.66961553692818,22979.339240550995,39845.602657318115,0.0,0.0,0.0,0.0,0.0,0.0,0.24875977859881362,194560,760,0.40449060403594844,0.7595703125,40,1.0
236,3,0.01622299070056202,1.0,1.0,0.7125513980263158,0.909784295526357,0.6482680716796925,0.054920659556764326,0.20181949013157896,0.5630424570479894,0.11363294160385665,0.038333584790387634,0.08562911184210527,0,0.0,0,0.003793251127315575,0.14838449133952197,0.07990630983718132,0.020905815257053626,0.2607992902148659,0.0078094226537934065,39266,0.6635766311821932,0.03659377629917703,0.22455150927394874,0.0,0.0,0.0,0.0,1883.0,172.0,5.6492819637060165,43.52015274018049,24009.169509887695,45841.08853816986,0.0,0.0,0.0,0.0,0.0,0.0,0.26079928976924793,194560,760,0.3914367821459707,0.748766447368421,40,1.0
237,3,0.015738374071823234,1.0,1.0,0.7290964226973684,0.9213265953906489,0.6717359248352678,0.04948993281547078,0.19276315789473683,0.5796153941048697,0.11172849373205712,0.036884858102023015,0.07814041940789473,0,0.0,0,0.0037544438076637515,0.14059871902297202,0.07202256164562545,0.01969364492222667,0.2424878483307073,0.00641847893221941,37504,0.6788342576791809,0.0366536728449558,0.2630656687635007,0.0,0.0,0.0,0.0,1512.0,126.0,5.489936903119087,40.920516438782215,23388.159750938416,38871.502133369446,0.0,0.0,0.0,0.0,0.0,0.0,0.24248784921671215,194560,760,0.3654412732116486,0.6907997532894737,40,1.0
238,3,0.015260256148185278,1.0,1.0,0.7314350328947369,0.9075465084519512,0.6638113102630565,0.046158811355953254,0.1874280427631579,0.5514254891747529,0.10335260016574083,0.03705363808212018,0.08113692434210526,0,0.0,0,0.003988344294071124,0.14343584026945264,0.07717547534572843,0.02093812097746291,0.2525937422655223,0.007055961378807153,36466,0.6118301979926507,0.03672312747098898,0.30348748417303817,0.0,0.0,0.0,0.0,2010.0,232.0,10.79094822704792,67.41352114081383,20385.216516971588,49539.11906719208,0.0,0.0,0.0,0.0,0.0,0.0,0.2525937428207774,194560,760,0.4265348911677536,0.8109015213815789,40,1.0
239,3,0.01478868936066642,1.0,1.0,0.7175729851973685,0.9148767511766301,0.6564908414294846,0.04819784671111081,0.19625822368421053,0.5669256037020368,0.11126381194366045,0.03864970650082748,0.08616879111842106,0,0.0,0,0.0035995888194616113,0.1475340255781224,0.07949085843406226,0.019479814286490805,0.2574936941569238,0.007389407038786693,38184,0.6141839513932538,0.03657657934940959,0.3454915028125263,0.0,0.0,0.0,0.0,965.0,100.0,5.000544518232346,31.971410781145096,21511.035476207733,49937.72323799133,0.0,0.0,0.0,0.0,0.0,0.0,0.2574936936658464,194560,760,0.3914873405898872,0.7348221628289474,40,1.0
240,3,0.014323725421878951,1.0,1.0,0.7147615131578947,0.915810693265626,0.6545862368847194,0.054428768219230206,0.2019788240131579,0.573798927262281,0.11589523254844704,0.038155935680199614,0.08325966282894737,0,0.0,0,0.00373471144416008,0.14959215600239603,0.07813586569391191,0.019681717112268272,0.2582491790942042,0.007104728841467908,39297,0.6671247168995089,0.036697205092365806,0.3887395330218428,0.0,0.0,0.0,0.0,2100.0,120.0,7.032873839139938,85.45288999378681,24181.333559036255,44734.54816150665,0.0,0.0,0.0,0.0,0.0,0.0,0.2582491785287857,194560,760,0.36829087959700507,0.6982935855263158,40,1.0
241,3,0.013865415320358428,1.0,1.0,0.7401110197368421,0.914141798102858,0.6765664183779767,0.04220852388963593,0.18004214638157895,0.5425770625443568,0.0976867389178982,0.03501230844933736,0.07984683388157894,0,0.0,0,0.0034491031418407434,0.14017485935044915,0.07661752464911459,0.02141749012431032,0.24826048383783353,0.006601506572118715,35029,0.5868566045276771,0.03639835094248778,0.43288336709117226,0.0,0.0,0.0,0.0,1211.0,113.0,6.877307876944542,52.775214456021786,18647.691707611084,48976.24559593201,0.0,0.0,0.0,0.0,0.0,0.0,0.24826048343001228,194560,760,0.42534805510781315,0.7961400082236842,40,1.0
242,3,0.013413809314972196,1.0,1.0,0.7333316200657894,0.9088748856033043,0.6665066922965802,0.04280853613745421,0.1874486019736842,0.5555164473528139,0.1041307814296727,0.035600186326222395,0.07921977796052632,0,0.0,0,0.00315036399008118,0.13911807828239706,0.07304277689147153,0.020897144565456792,0.24270592101573896,0.00649755728633241,36470,0.6275843158760626,0.03649015395264876,0.4775675848247425,0.0,0.0,0.0,0.0,1338.0,93.0,5.50132492184639,64.17140826582909,20770.165630340576,46331.69500923157,0.0,0.0,0.0,0.0,0.0,0.0,0.24270592121113288,194560,760,0.40165117337907613,0.7594058388157895,40,1.0
243,3,0.012968956929407856,1.0,1.0,0.7295538651315789,0.9159170807770997,0.6682108464209657,0.04647676280675162,0.18991056743421053,0.5625029154703218,0.10682524786036658,0.03710125920326008,0.08053556743421053,0,0.0,0,0.0038121210071135705,0.14348394510973442,0.075911016691182,0.02003629592884528,0.2505588278499138,0.007315449113038516,36949,0.6337654604996076,0.03667615629536541,0.5224324151752573,0.0,0.0,0.0,0.0,1617.0,348.0,30.04543161392212,80.172925978899,21573.2179107666,47196.979926109314,0.0,0.0,0.0,0.0,0.0,0.0,0.2505588268174937,194560,760,0.39964005204015657,0.7579564144736842,40,1.0
244,3,0.012530906946742542,1.0,1.0,0.7171977796052632,0.9095236003184463,0.6523083066469745,0.05492381928549883,0.202734375,0.5748099117319672,0.11653372819878553,0.03752649237499817,0.08006784539473684,0,0.0,0,0.004485967593140423,0.1456926254261481,0.07750551366786423,0.02167962329364137,0.2566285188563588,0.0072647888755646385,39444,0.6826386776189027,0.03681662813515255,0.5671166329088276,0.0,0.0,0.0,0.0,2164.0,253.0,24.012541592121124,134.2444378361106,24941.25544166565,42781.904911994934,0.0,0.0,0.0,0.0,0.0,0.0,0.2566285188652967,194560,760,0.3696088581493026,0.7143708881578947,40,1.0
245,3,0.012099707404093205,1.0,1.0,0.7428042763157895,0.9119274477268433,0.6773836078612427,0.04628394576169453,0.18201583059210527,0.5577536735155493,0.10151999815073061,0.03549655180326418,0.07517989309210527,0,0.0,0,0.0031739505614448143,0.13655602244268122,0.06880318120514092,0.021912011153211716,0.23708985963876136,0.006644694276282711,35413,0.6588540931296416,0.0369289044339798,0.6112604669781572,0.0,0.0,0.0,0.0,1025.0,69.0,4.821802839636803,62.937126241624355,21533.346457481384,40121.01144695282,0.0,0.0,0.0,0.0,0.0,0.0,0.23708985952758474,194560,760,0.3937865184129853,0.7578536184210526,40,1.0
246,3,0.011675405587348866,1.0,1.0,0.70966796875,0.9137185949006028,0.648436819252215,0.050976790004949035,0.20501130756578947,0.5676502950134056,0.11637472922080441,0.04003503661553719,0.08532072368421052,0,0.0,0,0.003770330271551134,0.14757879733255036,0.07597301797451157,0.01916566632393944,0.25381496662000963,0.007327154717457138,39887,0.6727254493945396,0.036695043987741593,0.6545084971874737,0.0,0.0,0.0,0.0,1417.0,93.0,8.719521157443523,95.1223576515913,24623.84876060486,44999.43123817444,0.0,0.0,0.0,0.0,0.0,0.0,0.2538149665845068,194560,760,0.37741813930241686,0.7139597039473684,40,1.0
247,3,0.011258048025985219,1.0,1.0,0.7440018503289474,0.9115574231735145,0.6782004095221821,0.03964421870677095,0.17809416118421054,0.5355514137879078,0.0953785798095755,0.03508456566579346,0.0779039884868421,0,0.0,0,0.0035214750468807515,0.1366887254493409,0.07350031798092746,0.02219396395118613,0.24273360258352017,0.0068291201551849215,34650,0.6015584415584415,0.0363461868396323,0.6965125158269618,0.0,0.0,0.0,0.0,842.0,118.0,11.406046003103256,55.499823577702045,18931.995797634125,47395.82547664642,0.0,0.0,0.0,0.0,0.0,0.0,0.24273360297083854,194560,760,0.43419143784987296,0.830309416118421,40,1.0
248,3,0.010847680487962004,1.0,1.0,0.7122944078947369,0.9139705732389953,0.6510161282984834,0.053349523187467926,0.20274979440789473,0.5657811858105406,0.114712019102942,0.0412618759682549,0.08495579769736843,0,0.0,0,0.0037453601620463335,0.15204900083573242,0.08071987014508954,0.02171770462080052,0.26565874631561825,0.007426810551949434,39447,0.6368038127107258,0.036523169558495286,0.7369343312364993,0.0,0.0,0.0,0.0,1564.0,137.0,13.748968467116356,116.9681258648634,23211.616238594055,49179.24365234375,0.0,0.0,0.0,0.0,0.0,0.0,0.2656587455813822,194560,760,0.3804647060601335,0.7405838815789474,40,1.0
249,3,0.010444347974704237,1.0,1.0,0.7397203947368421,0.9109953060224363,0.6738818073743268,0.045207003345345394,0.1831517269736842,0.5515496247196235,0.10101726627908647,0.03686219978844747,0.07712787828947368,0,0.0,0,0.003642776426797929,0.14175082292701852,0.07427720835456919,0.020773823310277967,0.2471003437380147,0.006655712719351102,35634,0.6132626143570747,0.03653662578741971,0.7754484907260513,0.0,0.0,0.0,0.0,767.0,108.0,11.711068019270897,55.68295456469059,19939.30152821541,46586.97084617615,0.0,0.0,0.0,0.0,0.0,0.0,0.24710034289838453,194560,760,0.41654910649123944,0.7881013569078947,40,1.0
250,3,0.010048094716167116,1.0,1.0,0.7364617598684211,0.9110890621399724,0.6709822541004733,0.045347003323503915,0.18480160361842105,0.5479958356927058,0.10127050921222881,0.037271148839346624,0.07873663651315789,0,0.0,0,0.0035483215163510883,0.14146489952935984,0.07309347181826045,0.022209033983710567,0.24702602756249498,0.006710300714813025,35955,0.6119593936865526,0.036646601665568976,0.8117449009293667,0.0,0.0,0.0,0.0,759.0,79.0,8.06370709091425,59.021544724702835,20060.39187002182,46350.20371055603,0.0,0.0,0.0,0.0,0.0,0.0,0.2470260272782884,194560,760,0.4154703938255185,0.7890059621710527,40,1.0
251,3,0.00965896416598578,1.0,1.0,0.713121916118421,0.9179703189349869,0.654624752778756,0.049266067762418014,0.20124897203947367,0.5624635813078225,0.11319521754784019,0.03960827047397432,0.08562911184210527,0,0.0,0,0.003906369855739238,0.1517435476379959,0.0796691855624024,0.0204079097803486,0.26380053863815484,0.00807352580166863,39155,0.6166773081343379,0.03649691767794521,0.8455313244934324,0.0,0.0,0.0,0.0,719.0,106.0,13.912583753466606,51.27457644790411,22143.430646896362,51064.55945396423,0.0,0.0,0.0,0.0,0.0,0.0,0.2638005386645857,194560,760,0.38463067249640037,0.7355725740131579,40,1.0
252,3,0.009276998996710233,1.0,1.0,0.7524928042763158,0.9152730312590382,0.6887363699705977,0.037632296080884864,0.17196751644736843,0.5316340715517893,0.09142379094356377,0.0339081716919808,0.07553967927631579,0,0.0,0,0.003309041826172401,0.13873207970081192,0.07165241611655801,0.020814660358193675,0.24118065446830433,0.00667245646656834,33458,0.5571462729392074,0.03637592490566404,0.8765357330018054,0.0,0.0,0.0,0.0,256.0,119.0,14.5863326638937,12.735464870929718,16726.554481983185,50379.37584114075,0.0,0.0,0.0,0.0,0.0,0.0,0.24118065525238452,194560,760,0.4473707091651465,0.83876953125,40,1.0
253,3,0.008902241095125591,1.0,1.0,0.7333573190789474,0.9249785279935574,0.6783397734949463,0.04427503658899743,0.1882606907894737,0.5784184272807147,0.1088934526852283,0.0373290051945093,0.07838199013157894,0,0.0,0,0.003447420679003699,0.14278338675534255,0.06976421738018919,0.019007717976836782,0.24213000798375056,0.007127265192378361,36628,0.6565469040078629,0.036708307839733986,0.9045084971874737,0.0,0.0,0.0,0.0,617.0,40.0,5.046271026134491,59.06488108634949,22003.572761535645,41602.447410583496,0.0,0.0,0.0,0.0,0.0,0.0,0.2421300078987291,194560,760,0.36100066612033466,0.6804790296052632,40,1.0
254,3,0.008534731557658892,1.0,1.0,0.7424547697368421,0.9182739000069822,0.681776836985036,0.04043846830333534,0.18031455592105264,0.5566505451484021,0.10037219585164597,0.03489834868202084,0.07723067434210526,0,0.0,0,0.003955159067118075,0.14314309549763016,0.07240003349112445,0.020550681338890604,0.24699357331315314,0.006944603918389859,35082,0.602217661478821,0.03667162753347503,0.929224396800933,0.0,0.0,0.0,0.0,557.0,114.0,15.245722398161888,42.041216641664505,19229.4097533226,47013.817014694214,0.0,0.0,0.0,0.0,0.0,0.0,0.2469935732844629,194560,760,0.39625906961921015,0.7608809621710526,40,1.0
255,3,0.008174510685872417,1.0,1.0,0.7265368009868421,0.9127090375840291,0.6631167043980799,0.04088463712312085,0.1890881990131579,0.5446185310542326,0.10298093718623644,0.03669533892657215,0.084375,0,0.0,0,0.0037431739561725407,0.1441668664840491,0.07851753547346514,0.020976345303811525,0.255240998693411,0.007837077475912673,36789,0.5989018456603876,0.03641154731770879,0.9504844339512095,0.0,0.0,0.0,0.0,530.0,82.0,10.604668095707893,44.99590876698494,19940.90728855133,50983.13921165466,0.0,0.0,0.0,0.0,0.0,0.0,0.255240998985736,194560,760,0.4112623513137039,0.7848324424342106,40,1.0
256,3,0.00782161798204405,1.0,1.0,0.7308953536184211,0.9161789375972009,0.6696309285728554,0.0453197571859499,0.19187397203947368,0.5811118268490234,0.11150023441663698,0.03767290604178255,0.07723067434210526,0,0.0,0,0.0038759499284711446,0.14173732769528502,0.07248391441902832,0.019960197170117967,0.24479546327686924,0.006738074063966786,37331,0.6660952023787201,0.036919840400744426,0.9681174353198686,0.0,0.0,0.0,0.0,1024.0,80.0,9.76087310910225,97.9957079961896,22764.031026363373,40577.22967147827,0.0,0.0,0.0,0.0,0.0,0.0,0.24479546305772507,194560,760,0.36285354773464956,0.6851254111842106,40,1.0
257,3,0.007476092144835486,1.0,1.0,0.7382144325657894,0.9222239023731433,0.6807989947889981,0.039537801932678314,0.1834703947368421,0.5610855246194004,0.10294258268304954,0.035419415583294867,0.07831517269736842,0,0.0,0,0.003643445241284912,0.1403340487887985,0.07160577818775844,0.021436309498783793,0.24305447260473126,0.006034890888105637,35696,0.6181925145674585,0.03654573935231096,0.9819814303479266,0.0,0.0,0.0,0.0,395.0,62.0,8.992761671543121,33.686638966202736,19905.16015958786,46149.98586559296,0.0,0.0,0.0,0.0,0.0,0.0,0.24305447257663074,194560,760,0.3866115627320189,0.7187397203947369,40,1.0
258,3,0.007137971065048547,1.0,1.0,0.7088096217105263,0.9172329029580442,0.6501435069661391,0.05116097285951439,0.20169099506578947,0.5644228832367069,0.11383901295791331,0.04231230071439457,0.08949938322368421,0,0.0,0,0.004117885208114258,0.15800659265369177,0.08292855016495052,0.020860766560623523,0.27421995875411087,0.00830616416673078,39241,0.6134655080145766,0.03648717686239826,0.9919647942993148,0.0,0.0,0.0,0.0,723.0,61.0,8.581689603626728,70.37532903254032,21973.13796854019,53023.90340042114,0.0,0.0,0.0,0.0,0.0,0.0,0.2742199591900173,194560,760,0.37951134278586035,0.7309878700657895,40,1.0
259,3,0.006807291821469861,1.0,1.0,0.7509046052631579,0.9161482397273106,0.6879399323149731,0.04210601648511855,0.1765830592105263,0.5501010812249085,0.09713853179771258,0.03579707327053735,0.0725123355263158,0,0.0,0,0.0035642020885700873,0.13882581192117774,0.06923094537158153,0.021449045314404523,0.2392983399676297,0.006228335271895814,34356,0.6160787053207591,0.036801570781359545,0.9979871469976196,0.0,0.0,0.0,0.0,812.0,45.0,5.611572131514549,76.04883060604334,19274.19585418701,44258.468742370605,0.0,0.0,0.0,0.0,0.0,0.0,0.23929833959003813,194560,760,0.4045365677656312,0.7665810032894737,40,1.0
260,3,0.0064840906768049425,1.0,1.0,0.7345034950657895,0.9205203313164504,0.6761254006310513,0.04657496510588221,0.18992598684210527,0.5772984116643661,0.10964397053773466,0.04000010519521311,0.07557051809210526,0,0.0,0,0.003547307967681646,0.14646801633858367,0.0709929581486473,0.0205941001208205,0.24850372486607644,0.0069013422903433244,36952,0.6389369993505087,0.036819654345316324,1.0,0.0,0.0,0.0,0.0,402.0,26.0,3.4675317853689194,38.04578945785761,21565.130420684814,44170.059299468994,0.0,0.0,0.0,0.0,0.0,0.0,0.24850372468170367,194560,760,0.35977539639723927,0.6978310032894737,40,1.0
261,3,0.006168403073701431,1.0,1.0,0.73134765625,0.9195571887510811,0.672515994780942,0.046518074374609183,0.19014699835526316,0.561249970893535,0.1067199972923845,0.03886582577221193,0.07850534539473684,0,0.0,0,0.00360835195575706,0.1464837464454927,0.07312759181460071,0.021715870021205202,0.2520620263607921,0.0071264661237364635,36995,0.6201378564670902,0.03668578816577792,1.0,0.0,0.0,0.0,0.0,367.0,63.0,7.98626609146595,30.98428165912628,20927.106351852417,48251.44573497772,0.0,0.0,0.0,0.0,0.0,0.0,0.25206202589171495,194560,760,0.37817812895304276,0.7223221628289473,40,1.0
262,3,0.005860263630862453,1.0,1.0,0.75166015625,0.9233079908465437,0.6940138286665867,0.04303014232948618,0.17544716282894737,0.5608306043822402,0.09839613836650786,0.03545027123120809,0.07289268092105264,0,0.0,0,0.00437905846321021,0.14011394064873456,0.0687616170138905,0.021493229466049295,0.24067898584270503,0.005931140250820471,34135,0.6251940823201992,0.036727044471588574,1.0,0.0,0.0,0.0,0.0,563.0,40.0,4.965580768883228,62.45504608005285,19389.85573577881,43701.66829204559,0.0,0.0,0.0,0.0,0.0,0.0,0.24067898628939138,194560,760,0.38634070626607064,0.7199270148026315,40,1.0
263,3,0.005559706139250394,1.0,1.0,0.73388671875,0.9213214791847568,0.6761455972727977,0.042135235647009196,0.18388157894736842,0.5473770679962656,0.10065255954273437,0.03679937472456674,0.08223170230263158,0,0.0,0,0.004349673106442328,0.14718234156209387,0.07537300052905553,0.02253672119622168,0.25624663931179764,0.0068049029179842605,35776,0.5861750894454383,0.036461354635263746,1.0,0.0,0.0,0.0,0.0,374.0,42.0,4.7846789211034775,34.25572747737169,18888.72137069702,51875.65243148804,0.0,0.0,0.0,0.0,0.0,0.0,0.25624663874899084,194560,760,0.3969708664244727,0.7548725328947369,40,1.0
264,3,0.0052667635583811484,1.0,1.0,0.7301295230263158,0.9212166639316698,0.6726074834403238,0.040933404928440914,0.18760793585526317,0.5531812675528119,0.10378119575938112,0.036516770572205516,0.08226254111842106,0,0.0,0,0.003955519392413982,0.1457075562622202,0.07428162937101565,0.02158474328486543,0.2522960777231875,0.006766629412672237,36501,0.5977644448097312,0.03651433078278052,1.0,0.0,0.0,0.0,0.0,283.0,34.0,5.326996773481369,23.572327949106693,19662.10089492798,49626.499185562134,0.0,0.0,0.0,0.0,0.0,0.0,0.2522960778717932,194560,760,0.3889478182322101,0.7358192845394737,40,1.0
265,3,0.004981468012709869,1.0,1.0,0.7494192023026316,0.9220957887869525,0.6910362904793338,0.042576520844656775,0.17974403782894738,0.570923692882632,0.10262012985093813,0.03681288773108176,0.07083675986842106,0,0.0,0,0.004119154860918092,0.14432325134740065,0.06622307850293031,0.021994669672689943,0.24316021245734246,0.006500058073403412,34971,0.6581739155300106,0.0370298173719723,1.0,0.0,0.0,0.0,0.0,471.0,34.0,3.832113340497017,45.10214266180992,21052.355984210968,39308.85893917084,0.0,0.0,0.0,0.0,0.0,0.0,0.24316021258893766,194560,760,0.3650982930668091,0.7129625822368421,40,1.0
266,3,0.004703850788108141,1.0,1.0,0.74599609375,0.9232826527013562,0.6887652523423496,0.04256231148580187,0.18045333059210528,0.5701704130797756,0.10288915004532197,0.03547839728049248,0.07355057565789473,0,0.0,0,0.004115516939667654,0.14205156899008312,0.06895904142507597,0.021809724457561967,0.24334309231579507,0.0064072405034063485,35109,0.6439659346606283,0.03695453971036171,1.0,0.0,0.0,0.0,0.0,284.0,14.0,2.0070416629314423,28.598625242710114,20528.171167373657,41027.31127548218,0.0,0.0,0.0,0.0,0.0,0.0,0.24334309128554243,194560,760,0.35824162464000675,0.6840614720394737,40,1.0
267,3,0.00443394232843309,1.0,1.0,0.7534693667763158,0.9120846150528787,0.6872278173503122,0.037592602900756326,0.17245065789473685,0.5385315084832591,0.0928701129349831,0.034516636415164136,0.07407997532894736,0,0.0,0,0.00350201839001353,0.13836704798925079,0.06746945663992511,0.022842237455280204,0.23816958993577586,0.005988829461306236,33552,0.5926919408679066,0.03668927327288609,1.0,0.0,0.0,0.0,0.0,196.0,45.0,5.277545586228371,15.581976138055325,17874.143259048462,46642.31831884384,0.0,0.0,0.0,0.0,0.0,0.0,0.23816959018770018,194560,760,0.41877796136234935,0.793785978618421,40,1.0
268,3,0.004171772232188926,1.0,1.0,0.7372892680921053,0.9163308044057886,0.6756008681105939,0.04082688277244176,0.18336245888157895,0.5469077255446843,0.10028234533720502,0.03741649694887823,0.0793482730263158,0,0.0,0,0.00387150745040057,0.14385925732847107,0.07088671062190674,0.023007378474270042,0.2484069621680675,0.006782108293019088,35675,0.6074001401541695,0.036670193512384826,1.0,0.0,0.0,0.0,0.0,179.0,21.0,2.69978229701519,15.746969640254974,19663.590792655945,47539.85488796234,0.0,0.0,0.0,0.0,0.0,0.0,0.24840696287390432,194560,760,0.3953503195588526,0.7610145970394737,40,1.0
269,3,0.003917369249281083,1.0,1.0,0.7342670641447369,0.9228722724511076,0.6776347140732565,0.041414866578078975,0.18580900493421051,0.5553745484933138,0.10319359222132908,0.03820043500378042,0.07992393092105263,0,0.0,0,0.004478647873666456,0.1484344962102018,0.07399383068672921,0.02379627711678806,0.257312002435685,0.0066087505482995005,36151,0.5836076457082792,0.03667003661884289,1.0,0.0,0.0,0.0,0.0,306.0,101.0,14.0206358730793,21.374881610274315,19181.9414768219,52162.304142951965,0.0,0.0,0.0,0.0,0.0,0.0,0.25731200278785665,194560,760,0.39087964878662634,0.7522512335526316,40,1.0
270,3,0.0036707612778634855,1.0,1.0,0.7380962171052632,0.9231211992031465,0.6813522650615165,0.04169114475126231,0.18464740953947367,0.5606006854063285,0.10351346434633199,0.03907959426165019,0.07725637335526316,0,0.0,0,0.004479098846480299,0.1452918958556103,0.07226137459817293,0.022961409225275644,0.25152970124431273,0.006535922718773547,35925,0.6200417536534447,0.036620389478967376,1.0,0.0,0.0,0.0,0.0,281.0,14.0,2.0108184218406677,25.6834302470088,20191.803278923035,45807.60616493225,0.0,0.0,0.0,0.0,0.0,0.0,0.25152970123055735,194560,760,0.3910213071460787,0.7433542351973684,40,1.0
271,3,0.0034319753612792373,1.0,1.0,0.7567280016447369,0.9205988081080855,0.6966428963761581,0.035086442936996094,0.17141241776315788,0.544428283299642,0.09332176833903712,0.03446682156186159,0.07185958059210526,0,0.0,0,0.003744571348790104,0.13883802045234725,0.06528950792394186,0.02257324786954805,0.23647716106499214,0.006031813470364892,33350,0.6071364317841079,0.03686720110770119,1.0,0.0,0.0,0.0,0.0,83.0,22.0,2.2973292022943497,5.715216256678104,18282.636483192444,43659.529779434204,0.0,0.0,0.0,0.0,0.0,0.0,0.2364771615125631,194560,760,0.4151139994789111,0.79189453125,40,1.0
272,3,0.0032010376850949577,1.0,1.0,0.7342567845394737,0.9255245154293006,0.6795726547115728,0.04176481535266104,0.18532072368421051,0.5692937092160025,0.1055019221807781,0.03955365291759862,0.08042249177631579,0,0.0,0,0.0039956254714190054,0.15184377857336873,0.07090330047925052,0.020973550034196754,0.25463912611596723,0.006922871557732211,36056,0.597709119147992,0.036656217835843566,1.0,0.0,0.0,0.0,0.0,92.0,17.0,2.1943187564611435,7.920202925801277,19520.526851654053,48564.874024391174,0.0,0.0,0.0,0.0,0.0,0.0,0.2546391259878874,194560,760,0.3546405611069579,0.6692999588815789,40,1.0
273,3,0.0029779735742292705,1.0,1.0,0.7354440789473684,0.9309853459183007,0.6846876602423818,0.04331953523092364,0.18676500822368422,0.5750322593086163,0.10739590463865745,0.03873234150416561,0.07779091282894737,0,0.0,0,0.004526334297215247,0.15427919723289577,0.07192966119190188,0.022550700438257895,0.26025314941798566,0.0069672562577148996,36337,0.6226160662685417,0.036780701513941354,1.0,0.0,0.0,0.0,0.0,112.0,17.0,2.0763111114501953,9.155065104365349,20594.282240867615,44125.22821998596,0.0,0.0,0.0,0.0,0.0,0.0,0.26025314849654313,194560,760,0.35280023670118105,0.6802785773026315,40,1.0
274,3,0.0027628074901756413,1.0,1.0,0.7468338815789474,0.9303595980758848,0.6948240698952424,0.03833949445029966,0.17969777960526315,0.566181122414492,0.1017414905522999,0.03544511401008717,0.07346833881578947,0,0.0,0,0.004303033485561364,0.14569928859311498,0.07027814097849554,0.021825263223757867,0.24872200706272113,0.0066162807817913985,34962,0.5965905840626966,0.036865343114263135,1.0,0.0,0.0,0.0,0.0,55.0,9.0,1.233219027519226,4.523886069655418,18827.68668270111,46025.39660167694,0.0,0.0,0.0,0.0,0.0,0.0,0.24872200677269382,194560,760,0.37152459052832504,0.6946854440789474,40,1.0
275,3,0.0025555630283198762,1.0,1.0,0.7328844572368421,0.9196083147501208,0.6739666406261293,0.04278947040438652,0.18759251644736843,0.5557837899635704,0.10426087975992183,0.0387394143819907,0.07952302631578947,0,0.0,0,0.004873421449998492,0.15055660172120522,0.07234734134307426,0.0245409468365343,0.25918822456843615,0.006869913217623865,36498,0.6224724642446161,0.03679503528401255,1.0,0.0,0.0,0.0,0.0,191.0,17.0,1.921611025929451,19.91043148934841,20556.53640651703,46502.78140640259,0.0,0.0,0.0,0.0,0.0,0.0,0.2591882242380004,194560,760,0.38046319878807194,0.7454872532894737,40,1.0
276,3,0.002356262915352669,1.0,1.0,0.7416375411184211,0.9211981341267679,0.6831951190766535,0.0388897022967668,0.18050986842105263,0.5480155803348046,0.09892222029892238,0.0383325560557607,0.07785259046052631,0,0.0,0,0.004086721979011169,0.14669679836615135,0.06830671404145267,0.023235086086941397,0.24891595104502476,0.006590630571468194,35120,0.5921412300683371,0.03679247485277684,1.0,0.0,0.0,0.0,0.0,72.0,26.0,2.6482666581869125,4.479211948812008,18875.36903476715,48453.54742908478,0.0,0.0,0.0,0.0,0.0,0.0,0.24891595026772273,194560,760,0.40255586512778935,0.7624280427631579,40,1.0
277,3,0.002164929006777303,1.0,1.0,0.7507709703947368,0.918431967850656,0.6895320597447847,0.03668187767555202,0.17723581414473685,0.5605493880782642,0.09934942716438519,0.03789857441289841,0.07199321546052631,0,0.0,0,0.004163909822742234,0.14368804149133593,0.06754450022095912,0.02285658478148674,0.24439362529256245,0.0061405889760384235,34483,0.6171156801902387,0.036933673094762,1.0,0.0,0.0,0.0,0.0,55.0,19.0,2.277977243065834,3.487112671136856,19217.206394195557,44407.83874607086,0.0,0.0,0.0,0.0,0.0,0.0,0.24439362595347983,194560,760,0.387797999480053,0.7465203536184211,40,1.0
278,3,0.001981582284512978,1.0,1.0,0.74736328125,0.933905157972435,0.6979664232385786,0.03637873287324941,0.1787623355263158,0.578366773768771,0.10339019526972583,0.036276332388239865,0.07387438322368421,0,0.0,0,0.0052023613416455,0.14680952817495715,0.07043766020061938,0.02297279608288878,0.25161842501654874,0.006196079216437954,34780,0.6140598044853364,0.036919583566486835,1.0,0.0,0.0,0.0,0.0,56.0,14.0,1.629463568329811,3.97466691583395,19229.981798171997,44081.594058036804,0.0,0.0,0.0,0.0,0.0,0.0,0.251618425087317,194560,760,0.36164942248479315,0.6880653782894737,40,1.0
279,3,0.0018062428545939505,1.0,1.0,0.7423365542763158,0.9409027542278965,0.6984665084826319,0.040421814434720496,0.18100328947368421,0.5777463755083322,0.10457399444850651,0.036941644633924096,0.07666015625,0,0.0,0,0.00541529781621648,0.15483538375089043,0.06964858192950488,0.02343799057955805,0.26000626038442864,0.006669006308258854,35216,0.6063721035892776,0.03701444720163157,1.0,0.0,0.0,0.0,0.0,29.0,5.0,0.6181848347187042,2.6452286541461945,19259.52290916443,45278.404722213745,0.0,0.0,0.0,0.0,0.0,0.0,0.2600062608130668,194560,760,0.3438119402841518,0.6653371710526316,40,1.0
280,3,0.0016389299449645815,1.0,1.0,0.7379985608552632,0.9273944174474995,0.6844157454214598,0.03936465373936746,0.18275082236842105,0.5589449466823767,0.1021476486648776,0.03813601572581224,0.07925061677631579,0,0.0,0,0.005294424555981287,0.15695815206946512,0.0727921367230776,0.02322893030157215,0.2656378170300434,0.0073641733799472845,35556,0.5985206434919563,0.036830503807256096,1.0,0.0,0.0,0.0,0.0,52.0,6.0,0.739975780248642,4.826228000223637,19056.03664112091,47901.0126285553,0.0,0.0,0.0,0.0,0.0,0.0,0.2656378171553737,194560,760,0.3981937288649772,0.7612099095394737,40,1.0
281,3,0.0014796619033708685,1.0,1.0,0.7528423108552632,0.939816952210729,0.7075339660832757,0.03785020318311198,0.17540604440789473,0.5795808440512,0.1016619832696099,0.03513496113254836,0.0717516447368421,0,0.0,0,0.005792628191825076,0.1520920639269446,0.06688342205689926,0.02375478574908094,0.2546588926863287,0.006135992761578803,34127,0.6153778533126264,0.03696207754117878,1.0,0.0,0.0,0.0,0.0,20.0,3.0,0.32516586780548096,2.046559363603592,18985.473042488098,42033.64146232605,0.0,0.0,0.0,0.0,0.0,0.0,0.25465889226057026,194560,760,0.3483726695964211,0.6608912417763158,40,1.0
282,3,0.0013284561953483542,1.0,1.0,0.7124383223684211,0.9296941428329956,0.6623497354356866,0.04362651327943527,0.20009251644736842,0.5619110872223112,0.11243420346198897,0.0421902691663586,0.08746916118421053,0,0.0,0,0.00610495646925349,0.16249210482561274,0.07826455709230351,0.024663429224961685,0.2793053737705524,0.007780326158421016,38930,0.5952221936809658,0.03666959964229088,1.0,0.0,0.0,0.0,0.0,40.0,11.0,0.9654267728328705,2.5343383252620697,20821.368461608887,52830.64962768555,0.0,0.0,0.0,0.0,0.0,0.0,0.2793053734263307,194560,760,0.3657843839769301,0.6940686677631579,40,1.0
283,3,0.001185329402306859,1.0,1.0,0.7331722861842105,0.9276068050581934,0.680095601944547,0.04192791379816634,0.18790090460526315,0.5701812722436564,0.10713757684356288,0.041273608516999766,0.07892680921052632,0,0.0,0,0.005970043123862094,0.15860729623389871,0.0710653238366113,0.024829666647864016,0.2674072771421542,0.006934947299918062,36558,0.6099622517643197,0.036860781844313205,1.0,0.0,0.0,0.0,0.0,19.0,3.0,0.22678498923778534,1.7556580603122711,20203.578763961792,46820.66626739502,0.0,0.0,0.0,0.0,0.0,0.0,0.2674072768931326,194560,760,0.3664221356181722,0.7073396381578947,40,1.0
284,3,0.0010502972197121263,1.0,1.0,0.7278217516447368,0.9365074545905852,0.6816104960284735,0.0397963209335055,0.19040912828947368,0.5722742361286923,0.10896623844378873,0.040632293336583594,0.08176912006578947,0,0.0,0,0.006587250482009136,0.1610210482031107,0.07508405673709748,0.02446037517958566,0.2741737173709676,0.00702098676916457,37046,0.5977163526426604,0.036858807783573866,1.0,0.0,0.0,0.0,0.0,7.0,2.0,0.1942848116159439,0.5153448283672333,19860.44887161255,48954.066970825195,0.0,0.0,0.0,0.0,0.0,0.0,0.2741737168870474,194560,760,0.36800595376836626,0.6959549753289473,40,1.0
285,3,0.0009233744553646754,1.0,1.0,0.7372532894736842,0.9300008087668815,0.6856461554765702,0.037408384489581774,0.18490953947368421,0.5712134733660263,0.10562282030127551,0.03972510927246491,0.07783717105263158,0,0.0,0,0.005837289450343968,0.15433451711739365,0.07096808274080486,0.02437612371225106,0.2622253218180911,0.006709308797297509,35976,0.6205525906159662,0.03704289930725568,1.0,0.0,0.0,0.0,0.0,12.0,1.0,0.13115578889846802,1.202575534582138,20166.75085735321,44186.254695892334,0.0,0.0,0.0,0.0,0.0,0.0,0.26222532199401605,194560,760,0.38246163163138064,0.7357216282894737,40,1.0
286,3,0.0008045750277758751,1.0,1.0,0.7461143092105263,0.9427012577852073,0.7033628977443043,0.03577351730996988,0.178125,0.5873699773271548,0.10462527721139946,0.03628562656353767,0.07576069078947369,0,0.0,0,0.007144087158820567,0.1601551725578151,0.07136469518912858,0.023407307059357042,0.2689040790602571,0.00683281709513578,34656,0.616516620498615,0.03701225460359925,1.0,0.0,0.0,0.0,0.0,21.0,0.0,0.0,2.3077915385365486,19321.16934299469,42351.59885597229,0.0,0.0,0.0,0.0,0.0,0.0,0.268904078791016,194560,760,0.36389458220648135,0.687659333881579,40,1.0
287,3,0.0006939119646417304,1.0,1.0,0.7292506167763158,0.9343807788591657,0.6813977592869809,0.04248902281427658,0.19168379934210528,0.5851944466023853,0.11217229487864595,0.0427054158056547,0.07906558388157894,0,0.0,0,0.006281062271553214,0.16387515203341058,0.073526753546474,0.023200297945816264,0.2741014222758914,0.007218156478637339,37294,0.6095618598165925,0.037097545693579474,1.0,0.0,0.0,0.0,0.0,5.0,0.0,0.0,0.7239675223827362,20760.838834762573,46390.16045951843,0.0,0.0,0.0,0.0,0.0,0.0,0.27410142260946724,194560,760,0.3578189198711985,0.6812088815789473,40,1.0
288,3,0.0005913974014141678,1.0,1.0,0.7341231496710526,0.9313974599563635,0.6837604368987836,0.039774859079625455,0.18748458059210527,0.5608462757142283,0.10515002877892632,0.04039834433137194,0.0783922697368421,0,0.0,0,0.007049325282844764,0.16266179803366723,0.07187737754399055,0.027270412454871756,0.2755261798565411,0.00666726654116677,36477,0.612879348630644,0.03687779736754141,1.0,0.0,0.0,0.0,0.0,5.0,0.0,0.0,0.5156984180212021,20121.060341835022,45766.178676605225,0.0,0.0,0.0,0.0,0.0,0.0,0.27552617953011865,194560,760,0.4083091614277739,0.7760022615131579,40,1.0
289,3,0.0004970425799702665,1.0,1.0,0.7175472861842105,0.9425373777179099,0.6763151375086685,0.04203148764852238,0.19930098684210526,0.5983195084258407,0.11924566847615337,0.04433566309070509,0.08315172697368421,0,0.0,0,0.008002389834483007,0.17223214729640043,0.07910062869961716,0.023752930081988637,0.2908952848681273,0.0078071889556380674,38776,0.612260160924283,0.036938295336930375,1.0,0.0,0.0,0.0,0.0,14.0,2.0,0.21137389540672302,1.417589694261551,21608.617102622986,48011.084199905396,0.0,0.0,0.0,0.0,0.0,0.0,0.2908952841045041,194560,760,0.3264277897775173,0.6255191200657895,40,1.0
290,3,0.00041085784737950325,1.0,1.0,0.7268400493421052,0.9441145049709154,0.6862202333776575,0.03762024538591504,0.19051192434210526,0.5872375378109302,0.11187575337428012,0.04130466671317424,0.08264802631578948,0,0.0,0,0.009469600522731382,0.1693002197107202,0.0746017062987544,0.025756271955998323,0.2866561162556938,0.007528317767489506,37066,0.6316570441914423,0.03696190142317822,1.0,0.0,0.0,0.0,0.0,15.0,5.0,0.5118138790130615,1.3410564363002777,21294.105346679688,43372.70405960083,0.0,0.0,0.0,0.0,0.0,0.0,0.28665611481196,194560,760,0.38389633019503794,0.7400133634868421,40,1.0
291,3,0.00033285265476900027,1.0,1.0,0.7186060855263158,0.9451334631924254,0.6791786582846391,0.041477134609962565,0.19629934210526315,0.5859694143294489,0.11502541052667718,0.041821143901171656,0.08509457236842105,0,0.0,0,0.009217126467755358,0.17392842374545964,0.07666509511488441,0.025726633405214864,0.29300214220659415,0.007464863473279892,38192,0.6241621281943862,0.03679419545652835,1.0,0.0,0.0,0.0,0.0,8.0,1.0,0.14355939626693726,0.6784337013959885,21609.433815956116,46256.06392669678,0.0,0.0,0.0,0.0,0.0,0.0,0.29300214169841066,194560,760,0.35787510681701334,0.6732473273026316,40,1.0
292,3,0.0002630355562871722,1.0,1.0,0.7352898848684211,0.9450792815184663,0.6949072360992432,0.03713632433301475,0.1890111019736842,0.5931715172228069,0.11211600212968494,0.03850779897827459,0.07569901315789473,0,0.0,0,0.00978779688639885,0.1621715714076632,0.07015947439266663,0.026643614047452024,0.2756395134379732,0.0068770567037924925,36774,0.6695491379779192,0.03722278249793147,1.0,0.0,0.0,0.0,0.0,6.0,0.0,0.0,0.629267007112503,22608.051504135132,37853.24541091919,0.0,0.0,0.0,0.0,0.0,0.0,0.27563951397804837,194560,760,0.3600857024718272,0.6902035361842105,40,1.0
293,3,0.0002014142081656428,1.0,1.0,0.7203073601973684,0.9382792025525727,0.6758494155187356,0.0385688329568917,0.1963353207236842,0.5917922429924358,0.11618971982970834,0.04378932756861966,0.08335731907894736,0,0.0,0,0.009546831501402744,0.17010499179167182,0.07511814874841978,0.025649266033188296,0.2879435391202078,0.007524301045525231,38199,0.6421634074190424,0.037050405997586876,1.0,0.0,0.0,0.0,0.0,7.0,0.0,0.0,0.7644818052649498,22433.868557929993,43537.93665122986,0.0,0.0,0.0,0.0,0.0,0.0,0.2879435389449722,194560,760,0.3724532278156594,0.7144634046052631,40,1.0
294,3,0.00014799536787963308,1.0,1.0,0.7195518092105263,0.9422253006754434,0.6779799197849474,0.039667607546097744,0.1969006990131579,0.6052363258847155,0.11917145563485591,0.04325791381814174,0.08354749177631579,0,0.0,0,0.010377084517447082,0.17214885916756956,0.07555130951498684,0.025782069895220434,0.29142338253367744,0.007564059438453497,38309,0.6490380850452896,0.03709241714524596,1.0,0.0,0.0,0.0,0.0,3.0,0.0,0.0,0.284934401512146,22775.767930984497,41976.99154090881,0.0,0.0,0.0,0.0,0.0,0.0,0.29142338302182524,194560,760,0.34615389130225305,0.6693205180921052,40,1.0
295,3,0.0001027848934069625,1.0,1.0,0.7151881167763158,0.9374294619168312,0.6704384114789336,0.041592783097631154,0.20079666940789473,0.5883155007857548,0.11813179311881725,0.0477247774919593,0.08401521381578947,0,0.0,0,0.011544415782555006,0.1779232698149587,0.07798618326992973,0.025677200151901496,0.30078905492111135,0.007657985901766408,39067,0.6290987278265544,0.036992269999494676,1.0,0.0,0.0,0.0,0.0,6.0,0.0,0.0,0.6840907335281372,22712.985663414,46031.475105285645,0.0,0.0,0.0,0.0,0.0,0.0,0.3007890535420493,194560,760,0.38430435712400235,0.7364155016447368,40,1.0
296,3,9.999999999999999e-05,1.0,1.0,0.7293071546052632,0.9485612413012062,0.6917924998622191,0.03940238265051065,0.19413034539473684,0.6061701971290918,0.1176760297366663,0.04387409251771475,0.0765625,0,0.0,0,0.012172374838509744,0.17036500499632798,0.07443539078935589,0.026884066738972534,0.2907317866043702,0.006874949241204089,37770,0.6636748742388139,0.037121507368589705,1.0,0.0,0.0,0.0,0.0,10.0,0.0,0.0,1.1018680483102798,23290.45818901062,38654.94242286682,0.0,0.0,0.0,0.0,0.0,0.0,0.29073178713258946,194560,760,0.3569912995358831,0.6999331825657895,40,1.0
297,3,9.999999999999999e-05,1.0,1.0,0.72685546875,0.9441028975504404,0.6862263541472585,0.03802077330060696,0.1944078947368421,0.5987757979663697,0.11640674230201464,0.04168936684237499,0.07873663651315789,0,0.0,0,0.012083477598743661,0.16946352198719977,0.07482715383368103,0.027535740248858926,0.2910154788886307,0.007105585220147316,37824,0.6561706852791879,0.03710940752276465,1.0,0.0,0.0,0.0,0.0,2.0,0.0,0.0,0.15966694056987762,22770.136430740356,40423.22154045105,0.0,0.0,0.0,0.0,0.0,0.0,0.29101547938036293,194560,760,0.3574350308038686,0.6877107319078948,40,1.0
298,3,9.999999999999999e-05,1.0,1.0,0.7207236842105263,0.9493906001204608,0.6842482910736611,0.038950348035187314,0.19618626644736842,0.5974814050947773,0.11721764613727206,0.04221572230913137,0.08309004934210526,0,0.0,0,0.010391303427260076,0.17252645773911163,0.07643268133121493,0.027423756946074337,0.29374141490332,0.006967215459659009,38170,0.6487031700288185,0.03700450913196331,1.0,0.0,0.0,0.0,0.0,6.0,0.0,0.0,0.6379658579826355,22847.92993927002,41700.135915756226,0.0,0.0,0.0,0.0,0.0,0.0,0.2937414149508665,194560,760,0.3450315972299952,0.6675164473684211,40,1.0
299,3,9.999999999999999e-05,1.0,1.0,0.7102744654605263,0.9374598703045485,0.6658538082712575,0.04227191838068201,0.20252878289473683,0.5820512207204733,0.1178821253149133,0.04489484619300224,0.08719675164473684,0,0.0,0,0.011065123717018746,0.17599614319440565,0.07666244394832143,0.02795701968238542,0.2995158049573288,0.007835074415197596,39404,0.6429550299461984,0.03691202275651066,1.0,0.0,0.0,0.0,0.0,8.0,0.0,0.0,1.433755338191986,23380.208993911743,44435.934410095215,0.0,0.0,0.0,0.0,0.0,0.0,0.2995158039229481,194560,760,0.3621147623775821,0.7005962171052632,40,1.0
300,3,9.999999999999999e-05,1.0,1.0,0.7115234375,0.9417729730395413,0.6700935431216892,0.04390091207123509,0.2019788240131579,0.5945048542985188,0.12007739134132862,0.046586137502699305,0.0864977384868421,0,0.0,0,0.009769031702920697,0.17596202369191144,0.07782537790113374,0.025453948278568294,0.29669332237528195,0.007682940800747785,39297,0.6307860650940276,0.03688187677119123,1.0,0.0,0.0,0.0,0.0,5.0,0.0,0.0,0.6345425248146057,22857.96265220642,46323.121196746826,0.0,0.0,0.0,0.0,0.0,0.0,0.2966933233565406,194560,760,0.34307312100733584,0.6560289884868421,40,1.0
