loss,L_sup,L_A,L_B,L_proto,n_batches,cnt_u,cnt_a,cnt_b,cnt_c,hce_all,hce_hc,hce_den_hc,a_correct,a_total,b_correct,b_total,lr,gate,aux_scale,tau0,delta0,eta_B,tau_warmup,a_ratio_cap,b_ratio_cap,use_a_for_proto,lambda_A_scale,lambda_B_scale,r_mean,m_mean,alpha_t,round,acc,phase
1.0549720682595907,1.0549720682595907,0.0,0.0,2.0714960862147183,95.0,24320.0,0.0,0.0,24320.0,21606.875,0.0,0.0,0.0,0.0,0.0,0.0,0.09999725846827562,0.0,0.0,0.92,0.12,0.7000000000000001,0.9500000000000001,0.3,0.35000000000000003,0.0,1.0,1.0,0.13648814309976603,0.0,1.0105263157894735,1,0.1032,1
0.8711558144343527,0.8711558144343527,0.0,0.0,2.2067814478748726,95.0,24320.0,0.0,0.0,24320.0,21641.25,0.0,42.75,0.0,0.0,0.0,0.0,0.09998903417374227,0.0,0.0,0.92,0.12,0.7000000000000001,0.9580000000000001,0.39999999999999997,0.35000000000000003,0.0,0.25,1.0,0.8450574638027895,0.0,1.0105263157894735,2,0.2564,1
0.6854807313727705,0.6747713002621343,0.042837720415626994,0.0,2.2094842531179126,95.0,24320.0,110.25,0.0,24209.75,18925.0,50.5,181.25,59.75,110.25,0.0,0.0,0.09997532801828658,0.0,0.0,0.92,0.12,0.7000000000000001,0.9660000000000001,0.39999999999999997,0.35000000000000003,0.0,0.25,1.0,0.4667191606995307,0.0,1.0105263157894735,3,0.3219,1
0.5414756608685772,0.5260812193743493,0.061577770228342585,0.0,2.052001795956963,95.0,24320.0,274.5,0.0,24045.5,17633.0,113.875,580.0,160.625,274.5,0.0,0.0,0.09995614150494292,0.0,0.0,0.92,0.12,0.7000000000000001,0.9740000000000001,0.39999999999999997,0.35000000000000003,0.0,0.25,1.0,0.5994836836269027,0.0,1.0105263157894735,4,0.3562,1
0.6324161687571752,0.5418395937812562,0.3623062945608245,0.0,2.212559609350405,95.0,24320.0,4375.375,0.0,19944.625,15605.75,1931.5,6071.75,2443.875,4375.375,0.0,0.0,0.0999314767377287,0.0,0.0,0.92,0.12,0.7000000000000001,0.9800000000000002,0.39999999999999997,0.35000000000000003,0.0,0.25,1.0,0.7404006064722412,0.0,1.0105263157894735,5,0.3755,1
0.3563195782566541,0.32931220715399834,0.1080294842591582,0.0,2.145220464781711,95.0,24320.0,836.625,0.0,23483.375,14457.375,303.5,1901.375,533.125,836.625,0.0,0.0,0.09990133642141358,0.0,0.0,0.92,0.12,0.7000000000000001,0.9800000000000002,0.39999999999999997,0.35000000000000003,0.0,0.25,1.0,0.6219217386684919,0.0,1.0105263157894735,6,0.4449,1
0.4110032750759274,0.33456632413803356,0.30574780400401275,0.0,2.1964937722996662,95.0,24320.0,3607.875,0.0,20712.125,12633.375,514.375,5453.5,3093.5,3607.875,0.0,0.0,0.09986572386122292,0.0,0.0,0.92,0.12,0.7000000000000001,0.9800000000000002,0.39999999999999997,0.35000000000000003,0.0,0.25,1.0,0.7186819280448712,0.0,1.0105263157894735,7,0.4475,1
0.4000035236834696,0.27314925605896867,0.12685426739779743,0.0,2.1238180720492412,95.0,24320.0,3557.0,0.0,20763.0,13079.0,811.875,5417.875,2745.125,3557.0,0.0,0.0,0.09982464296247523,0.0,0.0,0.92,0.12,0.7000000000000001,0.9800000000000002,0.39999999999999997,0.35000000000000003,0.0,1.0,1.0,0.7271116596303487,0.0,1.0105263157894735,8,0.4494,1
0.2965060480208577,0.2272904682757431,0.13843116147112786,0.0,2.1306901334147703,95.0,24320.0,3169.875,0.0,21150.125,13975.5,879.5,4836.75,2290.375,3169.875,0.0,0.0,0.09977809823015402,0.0,0.0,0.92,0.12,0.7000000000000001,0.9800000000000002,0.39999999999999997,0.35000000000000003,0.0,0.5,1.0,0.7058186843207009,0.0,1.0105263157894735,9,0.4024,1
0.21367069900427993,0.16848321969829205,0.18074991515053335,0.0,2.014292316374026,95.0,24320.0,4357.25,0.0,19962.75,14905.25,1607.25,6209.5,2750.0,4357.25,0.0,0.0,0.09972609476841367,0.0,0.0,0.92,0.12,0.7000000000000001,0.9800000000000002,0.39999999999999997,0.35000000000000003,0.0,0.25,1.0,0.7400154472965944,0.0,1.0105263157894735,10,0.4407,1
0.26722549343432644,0.1955309061557177,0.28677834863529394,0.0,2.05408980266044,95.0,24320.0,6255.25,0.0,18064.75,12771.375,1613.0,8524.375,4642.25,6255.25,0.0,0.0,0.09966863828001982,0.0,0.0,0.92,0.12,0.7000000000000001,0.9800000000000002,0.39999999999999997,0.35000000000000003,0.0,0.25,1.0,0.7950396095451556,0.0,1.0105263157894735,11,0.4589,1
0.16310685478935116,0.13245761779651635,0.12259694524599533,0.0,2.103810801317817,95.0,24320.0,3554.5,0.0,20765.5,11923.25,491.25,5412.75,3063.25,3554.5,0.0,0.0,0.0996057350657239,0.0,0.0,0.92,0.12,0.7000000000000001,0.9800000000000002,0.39999999999999997,0.35000000000000003,0.0,0.25,1.0,0.7233708749476231,0.0,1.0105263157894735,12,0.4367,1
0.26234220147721077,0.1403496172714145,0.12199258385471215,0.0,2.0074025486644946,95.0,24320.0,6553.0,0.0,17767.0,12879.0,1616.25,8635.75,4936.75,6553.0,0.0,0.0,0.09953739202357217,0.0,0.0,0.92,0.12,0.7000000000000001,0.9800000000000002,0.39999999999999997,0.35000000000000003,0.0,1.0,1.0,0.7877799284301306,0.0,1.0105263157894735,13,0.4257,1
0.1999818650368405,0.1350062407231522,0.12995124974925268,0.0,1.9841373107935252,95.0,24320.0,6501.25,0.0,17818.75,13179.5,1625.25,8584.5,4876.0,6501.25,0.0,0.0,0.09946361664814941,0.0,0.0,0.92,0.12,0.7000000000000001,0.9800000000000002,0.39999999999999997,0.35000000000000003,0.0,0.5,1.0,0.7869414212672333,0.0,1.0105263157894735,14,0.4151,1
0.17184075623946754,0.11225080961563724,0.11917989331444627,0.0,2.005661400682048,95.0,24320.0,7891.5,0.0,16428.5,12427.5,1901.25,10135.875,5990.25,7891.5,0.0,0.0,0.09938441702975688,0.0,0.0,0.92,0.12,0.7000000000000001,0.9800000000000002,0.39999999999999997,0.35000000000000003,0.0,0.5,1.0,0.8104853756333652,0.0,1.0105263157894735,15,0.3843,1
0.21093120749941782,0.13907792582299167,0.1437065643062325,0.0,2.0251550489350367,95.0,24320.0,9013.25,0.0,15306.75,14347.125,3019.125,11958.875,5994.125,9013.25,0.0,0.0,0.09929980185352526,0.0,0.0,0.92,0.12,0.7000000000000001,0.9800000000000002,0.39999999999999997,0.35000000000000003,0.0,0.5,1.0,0.843625939127646,0.0,1.0105263157894735,16,0.3618,1
0.17039148855072103,0.1341724087643486,0.14487631869943518,0.0,2.0041961727957975,95.0,24320.0,7394.875,0.0,16925.125,16723.0,3601.5,9660.875,3793.375,7394.875,0.0,0.0,0.09920978039846208,0.0,0.0,0.92,0.12,0.7000000000000001,0.9800000000000002,0.39999999999999997,0.35000000000000003,0.0,0.25,1.0,0.8088350197986552,0.0,1.0105263157894735,17,0.3489,1
0.17894141442926698,0.14123692458869253,0.1508179588071806,0.0,1.934350894156255,95.0,24320.0,9138.375,0.0,15181.625,14031.125,3218.75,11714.625,5919.625,9138.375,0.0,0.0,0.09911436253643445,0.0,0.0,0.92,0.12,0.7000000000000001,0.9800000000000002,0.39999999999999997,0.35000000000000003,0.0,0.25,1.0,0.8334703162312507,0.0,1.0105263157894735,18,0.3573,1
0.12678776238187164,0.09631427336165582,0.12189395532600192,0.0,1.9407662619101373,95.0,24320.0,7494.875,0.0,16825.125,14629.125,2436.25,9875.5,5058.625,7494.875,0.0,0.0,0.0990135587310861,0.0,0.0,0.92,0.12,0.7000000000000001,0.9800000000000002,0.39999999999999997,0.35000000000000003,0.0,0.25,1.0,0.819263867563323,0.0,1.0105263157894735,19,0.364,1
0.1487539683676962,0.11331843094284476,0.1417421496473253,0.0,1.9716145058995802,95.0,24320.0,8367.0,0.0,15953.0,15536.25,3423.0,10648.125,4944.0,8367.0,0.0,0.0,0.09890738003669029,0.0,0.0,0.92,0.12,0.7000000000000001,0.9800000000000002,0.39999999999999997,0.35000000000000003,0.0,0.25,1.0,0.8249532008641645,0.0,1.0105263157894735,20,0.3576,1
0.12896537714466255,0.0999339823231199,0.1161255802628339,0.0,1.8918587849328392,95.0,24320.0,7808.125,0.0,16511.875,15623.375,3310.25,10192.875,4497.875,7808.125,0.0,0.0,0.09879583809693737,0.0,0.0,0.92,0.12,0.7000000000000001,0.9800000000000002,0.39999999999999997,0.35000000000000003,0.0,0.25,1.0,0.813418182809102,0.0,1.0105263157894735,21,0.3396,1
0.11854835911163766,0.09124107669616167,0.10922913000379739,0.0,1.9195293545722962,95.0,24320.0,8341.0,0.0,15979.0,16426.0,3718.75,10848.125,4622.25,8341.0,0.0,0.0,0.09867894514365803,0.0,0.0,0.92,0.12,0.7000000000000001,0.9800000000000002,0.39999999999999997,0.35000000000000003,0.0,0.25,1.0,0.8333575011868226,0.0,1.0105263157894735,22,0.3536,1
0.1162291983840987,0.08919037982122972,0.1081552742098115,0.0,1.9290373345738963,95.0,24320.0,8578.5,0.0,15741.5,15043.0,3199.125,10983.125,5379.375,8578.5,0.0,0.0,0.09855671399548181,0.0,0.0,0.92,0.12,0.7000000000000001,0.9800000000000002,0.39999999999999997,0.35000000000000003,0.0,0.25,1.0,0.8266028280320921,0.0,1.0105263157894735,23,0.3315,1
0.08575870408186395,0.06038948278950748,0.10147688552541168,0.0,1.8736286188426772,95.0,24320.0,8390.75,0.0,15929.25,14387.875,2570.0,10668.5,5820.75,8390.75,0.0,0.0,0.09842915805643157,0.0,0.0,0.92,0.12,0.7000000000000001,0.9800000000000002,0.39999999999999997,0.35000000000000003,0.0,0.25,1.0,0.8180586399216402,0.0,1.0105263157894735,24,0.3536,1
0.12497471569988289,0.09486769605251824,0.12042808019016919,0.0,1.9625908536346337,95.0,24320.0,9026.375,0.0,15293.625,15089.875,3532.0,11618.5,5494.375,9026.375,0.0,0.0,0.0982962913144534,0.0,0.0,0.92,0.12,0.7000000000000001,0.9800000000000002,0.39999999999999997,0.35000000000000003,0.0,0.25,1.0,0.8460788503289222,0.0,1.0105263157894735,25,0.368,1
0.09948163826116604,0.07530999276848313,0.0966865829339153,0.0,1.9237200586419356,95.0,24320.0,8133.125,0.0,16186.875,14466.625,3080.25,10358.5,5052.875,8133.125,0.0,0.0,0.09815812833988291,0.0,0.0,0.92,0.12,0.7000000000000001,0.9800000000000002,0.39999999999999997,0.35000000000000003,0.0,0.25,1.0,0.8185371347948125,0.0,1.0105263157894735,26,0.3538,1
0.09798892512304806,0.07298108523713095,0.10003135900601352,0.0,1.910900726443843,95.0,24320.0,7859.875,0.0,16460.125,15493.25,2945.125,10324.625,4914.75,7859.875,0.0,0.0,0.09801468428384717,0.0,0.0,0.92,0.12,0.7000000000000001,0.9800000000000002,0.39999999999999997,0.35000000000000003,0.0,0.25,1.0,0.8202690380968546,0.0,1.0105263157894735,27,0.3507,1
0.11472618794068692,0.08788159449430072,0.10737837492978494,0.0,1.8982295550798112,95.0,24320.0,8680.0,0.0,15640.0,14751.875,3055.75,11377.125,5624.25,8680.0,0.0,0.0,0.09786597487660337,0.0,0.0,0.92,0.12,0.7000000000000001,0.9800000000000002,0.39999999999999997,0.35000000000000003,0.0,0.25,1.0,0.830506147365821,0.0,1.0105263157894735,28,0.3565,1
0.13235887176430736,0.10650022375859981,0.10343459065586919,0.0,1.9345015240342993,95.0,24320.0,7228.125,0.0,17091.875,15912.75,2957.875,9344.5,4270.25,7228.125,0.0,0.0,0.09771201642581384,0.0,0.0,0.92,0.12,0.7000000000000001,0.9800000000000002,0.39999999999999997,0.35000000000000003,0.0,0.25,1.0,0.8082465612574627,0.0,1.0105263157894735,29,0.3216,1
0.13245036588418052,0.10225166201876403,0.12079481450154594,0.0,1.8616720428592282,95.0,24320.0,8541.375,0.0,15778.625,15185.625,2672.0,10744.25,5869.375,8541.375,0.0,0.0,0.09755282581475767,0.0,0.0,0.92,0.12,0.7000000000000001,0.9800000000000002,0.39999999999999997,0.35000000000000003,0.0,0.25,1.0,0.8166040826000664,0.0,1.0105263157894735,30,0.3657,1
0.11641431512115033,0.09148564558463955,0.09971467831147542,0.0,1.8349516159609744,95.0,24320.0,6210.625,0.0,18109.375,14979.125,2526.75,8212.125,3683.875,6210.625,0.0,0.0,0.0973884205004793,0.0,0.0,0.92,0.12,0.7000000000000001,0.9800000000000002,0.39999999999999997,0.35000000000000003,0.0,0.25,1.0,0.7737916886022217,0.0,1.0105263157894735,31,0.3068,1
0.13541923085913846,0.08824448719923997,0.10560552498178655,0.21485587355533714,1.8339913060790614,95.0,24320.0,9052.5,8454.625,6812.875,16412.25,3948.375,12339.375,5104.125,9052.5,1737.25,8454.625,0.09721881851187407,0.0,0.07142857142857141,0.92,0.12,0.7000000000000001,0.9800000000000002,0.39999999999999997,0.35000000000000003,0.0,0.25,1.0,0.8564955734108625,0.0,1.0105263157894735,32,0.3517,1
0.11764394177712109,0.06672727145755505,0.07644397084797291,0.2917287762521913,1.826769355566878,95.0,24320.0,7403.125,8430.375,8486.5,14751.0,2341.75,9656.25,5061.375,7403.125,2621.625,8430.375,0.09704403844771127,0.0,0.14285714285714282,0.92,0.12,0.7000000000000001,0.9800000000000002,0.39999999999999997,0.35000000000000003,0.0,0.25,0.27397233269758664,0.8039750099966401,0.0,1.0105263157894735,33,0.3273,1
0.13579067902541475,0.0716960596534926,0.0710059166015861,0.24397880361464458,1.7941447609349301,95.0,24320.0,7359.375,8377.625,8583.0,16303.25,2586.75,9674.375,4772.625,7359.375,1661.0,8377.625,0.0968640994745946,0.0,0.21428571428571425,0.92,0.12,0.7000000000000001,0.9800000000000002,0.39999999999999997,0.35000000000000003,0.0,0.25,0.30210418912709497,0.800537008596094,0.0,1.0105263157894735,34,0.3393,1
0.1297936875324108,0.04943147701621791,0.0800814301780376,0.20272274391823694,1.813400511992605,95.0,24320.0,8684.875,8244.875,7390.25,15854.0,3432.0,11256.125,5252.875,8684.875,1811.25,8244.875,0.09667902132486007,0.0,0.28571428571428564,0.92,0.12,0.7080000000000001,0.9800000000000002,0.39999999999999997,0.35000000000000003,0.0,0.25,0.2945543419861878,0.8271586102090384,0.0,1.0105263157894735,35,0.3105,1
0.12861346224028813,0.04174797826103474,0.05890684861836856,0.1925981566113861,1.7365492576046995,95.0,24320.0,7014.625,8421.625,8883.75,17364.75,2760.125,9417.0,4254.5,7014.625,1394.625,8421.625,0.09648882429441258,0.0,0.35714285714285715,0.92,0.12,0.7160000000000001,0.9800000000000002,0.39999999999999997,0.35000000000000003,0.0,0.25,0.29422531988740835,0.7984983943010631,0.0,1.0105263157894735,36,0.346,1
0.160150485877928,0.05324928159664668,0.08459248170379156,0.20952713013087448,1.7080487783017912,95.0,24320.0,8561.125,8184.0,7574.875,16081.625,3593.75,10806.0,4967.375,8561.125,1735.375,8184.0,0.09629352924049973,0.0,0.4285714285714285,0.92,0.12,0.7240000000000001,0.9800000000000002,0.39999999999999997,0.35000000000000003,0.0,0.25,0.27954037940153315,0.8208130329847336,0.0,1.0105263157894735,37,0.3593,1
