phase,round,acc,loss,L_sup,L_A,L_B,L_proto,best_acc,best_round,gate,a_ratio,b_ratio,c_ratio,m_a,geom_drop_rate,a_prec,b_prec,hce_rate,proto_a_share,proto_a_dirty,proto_a_unique,proto_lab_mass,proto_a_mass,lab_mult,rel_r,rel_m,rel_alpha,tau0,delta0,eta_B,tau_warmup,cap_a,cap_b,lambda_A_scale,lambda_B_scale,use_a_for_proto,lr,cnt_u,cnt_a,cnt_b,cnt_c,pass_s,geom_drop,a_total,a_correct,b_total,b_correct,hce_hc,hce_den_hc,n_batches
1,1,0.1,1.18716,1.15546,0.0317,0.0,2.06962,0.1,1,0.0,0.0539,0.0,0.9461,0.0539,0.0,0.4671,0.0,0.5329,0.09546,0.53295,4998.7196,97280.0,10266.23547,48.64,0.58399,0.0,1.0,0.92,0.1,0.6,0.95,0.0,0.0,1.0,1.0,1.0,0.15,194560,10486,0,184074,10486,0,10486,4898,0,0,5588,10486,760
1,2,0.2229,1.00552,0.94449,0.06103,0.0,2.18277,0.2229,2,0.0,0.09189,0.0,0.90811,0.09189,0.0,0.46622,0.0,0.53378,0.15285,0.53342,6930.98108,97280.0,17551.67761,48.64,0.61361,0.0,1.0,0.92,0.1,0.6,0.95,0.0,0.0,1.0,1.0,1.0,0.14998,194560,17878,0,176682,17878,0,17878,8335,0,0,9543,17878,760
1,3,0.3347,0.83738,0.74774,0.08964,0.0,2.20971,0.3347,3,0.0,0.14249,0.0,0.85751,0.14249,0.0,0.47563,0.0,0.52437,0.21872,0.52399,9651.13513,97280.0,27234.05151,48.64,0.67395,0.0,1.0,0.92,0.1,0.6,0.95,0.0,0.0,1.0,1.0,1.0,0.14996,194560,27723,0,166837,27723,0,27723,13186,0,0,14537,27723,760
1,4,0.3128,0.74755,0.63129,0.11625,0.0,2.01257,0.3347,3,0.0,0.19288,0.0,0.80712,0.19288,0.0,0.50742,0.0,0.49258,0.27508,0.49205,11556.14087,97280.0,36914.76978,48.64,0.71118,0.0,1.0,0.92,0.1,0.6,0.95,0.0,0.0,1.0,1.0,1.0,0.14993,194560,37527,0,157033,37527,0,37527,19042,0,0,18485,37527,760
1,5,0.2616,0.79995,0.68685,0.11311,0.0,2.14087,0.3347,3,0.0,0.1875,0.0,0.8125,0.1875,0.0,0.54986,0.0,0.45014,0.26966,0.44946,11016.27332,97280.0,35918.49585,48.64,0.68861,0.0,1.0,0.92,0.1,0.6,0.95,0.0,0.0,1.0,1.0,1.0,0.1499,194560,36480,0,158080,36480,0,36480,20059,0,0,16421,36480,760
1,6,0.4375,0.60324,0.45531,0.14793,0.0,2.13026,0.4375,6,0.0,0.23797,0.0,0.76203,0.23797,0.0,0.54738,0.0,0.45262,0.31906,0.45196,13174.85083,97280.0,45582.33838,48.64,0.73716,0.0,1.0,0.92,0.1,0.6,0.95,0.0,0.0,1.0,1.0,1.0,0.14985,194560,46299,0,148261,46299,0,46299,25343,0,0,20956,46299,760
1,7,0.3511,0.60301,0.44674,0.15628,0.0,2.14687,0.4375,6,0.0,0.25628,0.0,0.74372,0.25628,0.0,0.5056,0.0,0.4944,0.33554,0.49361,13396.17139,97280.0,49124.63232,48.64,0.74908,0.0,1.0,0.92,0.1,0.6,0.95,0.0,0.0,1.0,1.0,1.0,0.1498,194560,49862,0,144698,49862,0,49862,25210,0,0,24652,49862,760
1,8,0.4971,0.55108,0.37045,0.18064,0.0,2.08006,0.4971,8,0.0,0.30703,0.0,0.69297,0.30703,0.0,0.65177,0.0,0.34823,0.37715,0.3472,14662.48328,97280.0,58905.31934,48.64,0.7773,0.0,1.0,0.92,0.1,0.6,0.95,0.0,0.0,1.0,1.0,1.0,0.14974,194560,59736,0,134824,59736,0,59736,38934,0,0,20802,59736,760
1,9,0.3836,0.49145,0.30352,0.18792,0.0,2.07256,0.4971,8,0.0,0.34425,0.0,0.65575,0.34425,0.0,0.5355,0.0,0.4645,0.40465,0.46377,15112.46143,97280.0,66118.92627,48.64,0.79026,0.0,1.0,0.92,0.1,0.6,0.95,0.0,0.0,1.0,1.0,1.0,0.14967,194560,66977,0,127583,66977,0,66977,35866,0,0,31111,66977,760
1,10,0.479,0.45659,0.25334,0.20325,0.0,1.9877,0.4971,8,0.0,0.38253,0.0,0.61747,0.38253,0.0,0.54594,0.0,0.45406,0.43044,0.45322,15940.38806,97280.0,73519.71289,48.64,0.80954,0.0,1.0,0.92,0.1,0.6,0.95,0.0,0.0,1.0,1.0,1.0,0.14959,194560,74426,0,120134,74426,0,74426,40632,0,0,33794,74426,760
1,11,0.5396,0.45203,0.25017,0.20187,0.0,2.0079,0.5396,11,0.0,0.36233,0.0,0.63767,0.36233,0.0,0.46465,0.0,0.53535,0.4171,0.53459,15813.72729,97280.0,69608.4082,48.64,0.80219,0.0,1.0,0.92,0.1,0.6,0.95,0.0,0.0,1.0,1.0,1.0,0.1495,194560,70494,0,124066,70494,0,70494,32755,0,0,37739,70494,760
1,12,0.4563,0.41351,0.19743,0.21608,0.0,2.04239,0.5396,11,0.0,0.40475,0.0,0.59525,0.40475,0.0,0.66021,0.0,0.33979,0.44446,0.33866,16108.60034,97280.0,77829.17236,48.64,0.81819,0.0,1.0,0.92,0.1,0.6,0.95,0.0,0.0,1.0,1.0,1.0,0.14941,194560,78749,0,115811,78749,0,78749,51991,0,0,26758,78749,760
1,13,0.5495,0.40392,0.18684,0.21708,0.0,1.94772,0.5495,13,0.0,0.412,0.0,0.588,0.412,0.0,0.50933,0.0,0.49067,0.44887,0.48974,16457.28564,97280.0,79229.80078,48.64,0.82241,0.0,1.0,0.92,0.1,0.6,0.95,0.0,0.0,1.0,1.0,1.0,0.14931,194560,80159,0,114401,80159,0,80159,40827,0,0,39332,80159,760
1,14,0.531,0.38024,0.1636,0.21663,0.0,1.89761,0.5495,13,0.0,0.42385,0.0,0.57615,0.42385,0.0,0.50771,0.0,0.49229,0.45595,0.49158,16606.56726,97280.0,81525.78906,48.64,0.82701,0.0,1.0,0.92,0.1,0.6,0.95,0.0,0.0,1.0,1.0,1.0,0.1492,194560,82464,0,112096,82464,0,82464,41868,0,0,40596,82464,760
1,15,0.5453,0.38482,0.16176,0.22306,0.0,1.8982,0.5495,13,0.0,0.44316,0.0,0.55684,0.44316,0.0,0.63353,0.0,0.36647,0.46715,0.36548,16786.2561,97280.0,85285.43555,48.64,0.83381,0.0,1.0,0.92,0.1,0.6,0.95,0.0,0.0,1.0,1.0,1.0,0.14908,194560,86222,0,108338,86222,0,86222,54624,0,0,31598,86222,760
1,16,0.611,0.36917,0.1432,0.22596,0.0,1.93512,0.611,16,0.0,0.44936,0.0,0.55064,0.44936,0.0,0.59442,0.0,0.40558,0.47062,0.40462,16806.26624,97280.0,86483.25781,48.64,0.83486,0.0,1.0,0.92,0.1,0.6,0.95,0.0,0.0,1.0,1.0,1.0,0.14895,194560,87428,0,107132,87428,0,87428,51969,0,0,35459,87428,760
1,17,0.4937,0.37523,0.14946,0.22577,0.0,1.87087,0.611,16,0.0,0.45821,0.0,0.54179,0.45821,0.0,0.54315,0.0,0.45685,0.47553,0.45609,17103.17908,97280.0,88202.14648,48.64,0.83933,0.0,1.0,0.92,0.1,0.6,0.95,0.0,0.0,1.0,1.0,1.0,0.14881,194560,89149,0,105411,89149,0,89149,48421,0,0,40728,89149,760
1,18,0.4727,0.39339,0.17512,0.21828,0.0,1.81231,0.611,16,0.0,0.45412,0.0,0.54588,0.45412,0.0,0.64245,0.0,0.35755,0.47328,0.35648,16872.54053,97280.0,87409.51953,48.64,0.8366,0.0,1.0,0.92,0.1,0.6,0.95,0.0,0.0,1.0,1.0,1.0,0.14867,194560,88354,0,106206,88354,0,88354,56763,0,0,31591,88354,760
1,19,0.5921,0.35188,0.1298,0.22208,0.0,1.868,0.611,16,0.0,0.4488,0.0,0.5512,0.4488,0.0,0.53693,0.0,0.46307,0.47032,0.46191,16981.9762,97280.0,86376.95898,48.64,0.83476,0.0,1.0,0.92,0.1,0.6,0.95,0.0,0.0,1.0,1.0,1.0,0.14852,194560,87318,0,107242,87318,0,87318,46884,0,0,40434,87318,760
1,20,0.5541,0.34852,0.1227,0.22582,0.0,1.81382,0.611,16,0.0,0.48156,0.0,0.51844,0.48156,0.0,0.57287,0.0,0.42713,0.48806,0.42629,17220.84302,97280.0,92742.89355,48.64,0.84718,0.0,1.0,0.92,0.1,0.6,0.95,0.0,0.0,1.0,1.0,1.0,0.14836,194560,93692,0,100868,93692,0,93692,53673,0,0,40019,93692,760
1,21,0.6159,0.33733,0.11412,0.22321,0.0,1.82799,0.6159,21,0.0,0.50432,0.0,0.49568,0.50432,0.0,0.6147,0.0,0.3853,0.49974,0.38447,17278.53638,97280.0,97177.79395,48.64,0.85421,0.0,1.0,0.92,0.1,0.6,0.95,0.0,0.0,1.0,1.0,1.0,0.14819,194560,98121,0,96439,98121,0,98121,60315,0,0,37806,98121,760
1,22,0.531,0.32742,0.10154,0.22588,0.0,1.81293,0.6159,21,0.0,0.50112,0.0,0.49888,0.50112,0.0,0.66675,0.0,0.33325,0.49815,0.33223,17396.56165,97280.0,96562.1875,48.64,0.85359,0.0,1.0,0.92,0.1,0.6,0.95,0.0,0.0,1.0,1.0,1.0,0.14802,194560,97498,0,97062,97498,0,97498,65007,0,0,32491,97498,760
1,23,0.5876,0.34958,0.11776,0.23182,0.0,1.7925,0.6159,21,0.0,0.47239,0.0,0.52761,0.47239,0.0,0.58155,0.0,0.41845,0.48322,0.41751,17282.43237,97280.0,90963.01855,48.64,0.84396,0.0,1.0,0.92,0.1,0.6,0.95,0.0,0.0,1.0,1.0,1.0,0.14784,194560,91908,0,102652,91908,0,91908,53449,0,0,38459,91908,760
1,24,0.617,0.30481,0.07905,0.22577,0.0,1.77607,0.617,24,0.0,0.53453,0.0,0.46547,0.53453,0.0,0.61416,0.0,0.38584,0.51443,0.38495,17628.61011,97280.0,103063.6543,48.64,0.865,0.0,1.0,0.92,0.1,0.6,0.95,0.0,0.0,1.0,1.0,1.0,0.14764,194560,103999,0,90561,103999,0,103999,63872,0,0,40127,103999,760
1,25,0.6458,0.33368,0.10207,0.23162,0.0,1.83915,0.6458,25,0.0,0.5336,0.0,0.4664,0.5336,0.0,0.74016,0.0,0.25984,0.51401,0.25861,17787.39941,97280.0,102887.89941,48.64,0.86564,0.0,1.0,0.92,0.1,0.6,0.95,0.0,0.0,1.0,1.0,1.0,0.14744,194560,103818,0,90742,103818,0,103818,76842,0,0,26976,103818,760
1,26,0.6862,0.30372,0.07034,0.23339,0.0,1.81592,0.6862,26,0.0,0.53539,0.0,0.46461,0.53539,0.0,0.65756,0.0,0.34244,0.51486,0.34131,17765.11499,97280.0,103239.74121,48.64,0.86597,0.0,1.0,0.92,0.1,0.6,0.95,0.0,0.0,1.0,1.0,1.0,0.14724,194560,104165,0,90395,104165,0,104165,68495,0,0,35670,104165,760
1,27,0.6383,0.29958,0.06897,0.23061,0.0,1.78303,0.6862,26,0.0,0.54138,0.0,0.45862,0.54138,0.0,0.59212,0.0,0.40788,0.51765,0.40694,17865.22534,97280.0,104399.19531,48.64,0.86881,0.0,1.0,0.92,0.1,0.6,0.95,0.0,0.0,1.0,1.0,1.0,0.14702,194560,105331,0,89229,105331,0,105331,62369,0,0,42962,105331,760
1,28,0.6379,0.30374,0.07134,0.2324,0.0,1.78184,0.6862,26,0.0,0.55323,0.0,0.44677,0.55323,0.0,0.58349,0.0,0.41651,0.52314,0.41567,18060.10083,97280.0,106723.16406,48.64,0.87194,0.0,1.0,0.92,0.1,0.6,0.95,0.0,0.0,1.0,1.0,1.0,0.1468,194560,107637,0,86923,107637,0,107637,62805,0,0,44832,107637,760
1,29,0.5659,0.31862,0.08674,0.23188,0.0,1.8248,0.6862,26,0.0,0.53152,0.0,0.46848,0.53152,0.0,0.68488,0.0,0.31512,0.51305,0.31409,17719.79614,97280.0,102495.50098,48.64,0.86418,0.0,1.0,0.92,0.1,0.6,0.95,0.0,0.0,1.0,1.0,1.0,0.14657,194560,103413,0,91147,103413,0,103413,70825,0,0,32588,103413,760
1,30,0.614,0.32353,0.08769,0.23584,0.0,1.77185,0.6862,26,0.0,0.52876,0.0,0.47124,0.52876,0.0,0.56762,0.0,0.43238,0.51171,0.43142,17901.38428,97280.0,101944.39258,48.64,0.86351,0.0,1.0,0.92,0.1,0.6,0.95,0.0,0.0,1.0,1.0,1.0,0.14633,194560,102875,0,91685,102875,0,102875,58394,0,0,44481,102875,760
1,31,0.5553,0.32076,0.09157,0.22913,0.0,1.73935,0.6862,26,0.0,0.54868,0.0,0.45132,0.54868,0.0,0.66694,0.0,0.33306,0.52105,0.33187,18001.21997,97280.0,105829.0957,48.64,0.86933,0.0,1.0,0.92,0.1,0.6,0.95,0.0,0.0,1.0,1.0,1.0,0.14608,194560,106751,0,87809,106751,0,106751,71197,0,0,35554,106751,760
1,32,0.609,0.32594,0.09968,0.22601,0.0,1.75927,0.6862,26,0.0,0.50114,0.0,0.49886,0.50114,0.0,0.56726,0.0,0.43274,0.49818,0.43173,17702.53735,97280.0,96574.62305,48.64,0.85451,0.0,1.0,0.92,0.1,0.6,0.95,0.0,0.0,1.0,1.0,1.0,0.14583,194560,97502,0,97058,97502,0,97502,55309,0,0,42193,97502,760
1,33,0.6064,0.29292,0.07011,0.22236,0.0,1.72197,0.6862,26,0.0,0.53004,0.0,0.46996,0.53004,0.0,0.62608,0.0,0.37392,0.51236,0.37277,17727.55566,97280.0,102211.48145,48.64,0.86398,0.0,1.0,0.92,0.1,0.6,0.95,0.0,0.0,1.0,1.0,1.0,0.14557,194560,103124,0,91436,103124,0,103124,64564,0,0,38560,103124,760
1,34,0.6314,0.30053,0.07572,0.22411,0.0,1.70856,0.6862,26,0.0,0.54381,0.0,0.45619,0.54381,0.0,0.60333,0.0,0.39667,0.5189,0.39572,17785.8562,97280.0,104921.78027,48.64,0.86703,0.0,1.0,0.92,0.1,0.6,0.95,0.0,0.0,1.0,1.0,1.0,0.1453,194560,105804,0,88756,105804,0,105804,63835,0,0,41969,105804,760
1,35,0.6515,0.28733,0.0568,0.22969,0.0,1.70887,0.6862,26,0.0,0.56843,0.0,0.43157,0.56843,0.0,0.59447,0.0,0.40553,0.53002,0.4047,18160.98999,97280.0,109707.22266,48.64,0.87638,0.0,1.0,0.92,0.1,0.6,0.95,0.0,0.0,1.0,1.0,1.0,0.14502,194560,110594,0,83966,110594,0,110594,65745,0,0,44849,110594,760
1,36,0.6626,0.29194,0.05796,0.23295,0.0,1.67983,0.6862,26,0.0,0.56266,0.0,0.43734,0.56266,0.0,0.63678,0.0,0.36322,0.52744,0.36232,18102.82422,97280.0,108578.22852,48.64,0.87482,0.0,1.0,0.92,0.1,0.6,0.95,0.0,0.0,1.0,1.0,1.0,0.14473,194560,109472,0,85088,109472,0,109472,69710,0,0,39762,109472,760
1,37,0.6961,0.28744,0.05815,0.22799,0.0,1.66751,0.6961,37,0.0,0.53504,0.0,0.46496,0.53504,0.0,0.59661,0.0,0.40339,0.51473,0.40243,17899.43457,97280.0,103187.33691,48.64,0.86486,0.0,1.0,0.92,0.1,0.6,0.95,0.0,0.0,1.0,1.0,1.0,0.14444,194560,104097,0,90463,104097,0,104097,62105,0,0,41992,104097,760
1,38,0.687,0.28016,0.04855,0.2303,0.0,1.71516,0.6961,37,0.0,0.59269,0.0,0.40731,0.59269,0.0,0.74373,0.0,0.25627,0.54053,0.25532,18191.75244,97280.0,114443.17773,48.64,0.8837,0.0,1.0,0.92,0.1,0.6,0.95,0.0,0.0,1.0,1.0,1.0,0.14414,194560,115313,0,79247,115313,0,115313,85762,0,0,29551,115313,760
1,39,0.701,0.27309,0.04532,0.22627,0.0,1.71408,0.701,39,0.0,0.59768,0.0,0.40232,0.59768,0.0,0.72436,0.0,0.27564,0.54261,0.27468,18290.92896,97280.0,115407.0127,48.64,0.88512,0.0,1.0,0.92,0.1,0.6,0.95,0.0,0.0,1.0,1.0,1.0,0.14383,194560,116284,0,78276,116284,0,116284,84231,0,0,32053,116284,760
1,40,0.6195,0.27324,0.04827,0.22349,0.0,1.73832,0.701,39,0.0,0.61671,0.0,0.38329,0.61671,0.0,0.7091,0.0,0.2909,0.55048,0.28997,18441.58301,97280.0,119127.95215,48.64,0.89112,0.0,1.0,0.92,0.1,0.6,0.95,0.0,0.0,1.0,1.0,1.0,0.14352,194560,119987,0,74573,119987,0,119987,85083,0,0,34904,119987,760
1,41,0.6464,0.27801,0.05182,0.2245,0.0,1.65635,0.701,39,0.0,0.62509,0.0,0.37491,0.62509,0.0,0.71565,0.0,0.28435,0.55385,0.28333,18577.9292,97280.0,120765.39551,48.64,0.89415,0.0,1.0,0.92,0.1,0.6,0.95,0.0,0.0,1.0,1.0,1.0,0.14319,194560,121617,0,72943,121617,0,121617,87035,0,0,34582,121617,760
1,42,0.6039,0.28984,0.06395,0.2236,0.0,1.65625,0.701,39,0.0,0.56695,0.0,0.43305,0.56695,0.0,0.62694,0.0,0.37306,0.52936,0.37206,18274.83838,97280.0,109416.75781,48.64,0.87534,0.0,1.0,0.92,0.1,0.6,0.95,0.0,0.0,1.0,1.0,1.0,0.14286,194560,110306,0,84254,110306,0,110306,69155,0,0,41151,110306,760
1,43,0.627,0.28423,0.0594,0.22215,0.0,1.67058,0.701,39,0.0,0.55799,0.0,0.44201,0.55799,0.0,0.64896,0.0,0.35104,0.52534,0.34983,18178.29004,97280.0,107668.38281,48.64,0.8729,0.0,1.0,0.92,0.1,0.6,0.95,0.0,0.0,1.0,1.0,1.0,0.14252,194560,108563,0,85997,108563,0,108563,70453,0,0,38110,108563,760
1,44,0.5874,0.2788,0.06436,0.21121,0.0,1.65384,0.701,39,0.0,0.55363,0.0,0.44637,0.55363,0.0,0.63714,0.0,0.36286,0.52339,0.36181,18055.53809,97280.0,106827.45703,48.64,0.86989,0.0,1.0,0.92,0.1,0.6,0.95,0.0,0.0,1.0,1.0,1.0,0.14218,194560,107714,0,86846,107714,0,107714,68629,0,0,39085,107714,760
1,45,0.6252,0.28359,0.06105,0.219,0.0,1.57686,0.701,39,0.0,0.56584,0.0,0.43416,0.56584,0.0,0.54782,0.0,0.45218,0.52886,0.45119,18425.80933,97280.0,109198.83984,48.64,0.87613,0.0,1.0,0.92,0.1,0.6,0.95,0.0,0.0,1.0,1.0,1.0,0.14183,194560,110090,0,84470,110090,0,110090,60310,0,0,49780,110090,760
1,46,0.6125,0.2654,0.05045,0.21134,0.0,1.60462,0.701,39,0.0,0.60745,0.0,0.39255,0.60745,0.0,0.67926,0.0,0.32074,0.54671,0.31964,18467.12866,97280.0,117328.10742,48.64,0.88757,0.0,1.0,0.92,0.1,0.6,0.95,0.0,0.0,1.0,1.0,1.0,0.14147,194560,118185,0,76375,118185,0,118185,80278,0,0,37907,118185,760
1,47,0.6888,0.27531,0.05349,0.21765,0.0,1.61291,0.701,39,0.0,0.58893,0.0,0.41107,0.58893,0.0,0.70877,0.0,0.29123,0.53894,0.2901,18302.64404,97280.0,113710.62109,48.64,0.88283,0.0,1.0,0.92,0.1,0.6,0.95,0.0,0.0,1.0,1.0,1.0,0.1411,194560,114583,0,79977,114583,0,114583,81213,0,0,33370,114583,760
1,48,0.616,0.25831,0.04285,0.21121,0.0,1.56817,0.701,39,0.0,0.61998,0.0,0.38002,0.61998,0.0,0.7058,0.0,0.2942,0.55178,0.29316,18493.47363,97280.0,119755.49609,48.64,0.89271,0.0,1.0,0.92,0.1,0.6,0.95,0.0,0.0,1.0,1.0,1.0,0.14072,194560,120624,0,73936,120624,0,120624,85136,0,0,35488,120624,760
1,49,0.6663,0.25584,0.0467,0.20426,0.0,1.62312,0.701,39,0.0,0.60526,0.0,0.39474,0.60526,0.0,0.7192,0.0,0.2808,0.5458,0.2798,18371.46509,97280.0,116896.72266,48.64,0.88756,0.0,1.0,0.92,0.1,0.6,0.95,0.0,0.0,1.0,1.0,1.0,0.14034,194560,117760,0,76800,117760,0,117760,84693,0,0,33067,117760,760
1,50,0.7142,0.26119,0.04548,0.21011,0.0,1.56947,0.7142,50,0.0,0.58124,0.0,0.41876,0.58124,0.0,0.65985,0.0,0.34015,0.53559,0.33907,18241.67749,97280.0,112188.71191,48.64,0.88075,0.0,1.0,0.92,0.1,0.6,0.95,0.0,0.0,1.0,1.0,1.0,0.13995,194560,113087,0,81473,113087,0,113087,74621,0,0,38466,113087,760
1,51,0.7178,0.25483,0.04191,0.20744,0.0,1.60469,0.7178,51,0.0,0.61013,0.0,0.38987,0.61013,0.0,0.7808,0.0,0.2192,0.54782,0.21799,18334.72876,97280.0,117854.61133,48.64,0.88902,0.0,1.0,0.92,0.1,0.6,0.95,0.0,0.0,1.0,1.0,1.0,0.13956,194560,118706,0,75854,118706,0,118706,92686,0,0,26020,118706,760
1,52,0.7086,0.24419,0.0315,0.20637,0.0,1.59033,0.7178,51,0.0,0.595,0.0,0.405,0.595,0.0,0.71806,0.0,0.28194,0.54153,0.28075,18238.03003,97280.0,114906.06152,48.64,0.88425,0.0,1.0,0.92,0.1,0.6,0.95,0.0,0.0,1.0,1.0,1.0,0.13915,194560,115764,0,78796,115764,0,115764,83125,0,0,32639,115764,760
1,53,0.657,0.24858,0.0398,0.20241,0.0,1.55061,0.7178,51,0.0,0.61118,0.0,0.38882,0.61118,0.0,0.6464,0.0,0.3536,0.54825,0.35276,18555.22607,97280.0,118061.49512,48.64,0.88947,0.0,1.0,0.92,0.1,0.6,0.95,0.0,0.0,1.0,1.0,1.0,0.13874,194560,118911,0,75649,118911,0,118911,76864,0,0,42047,118911,760
1,54,0.6254,0.26312,0.04698,0.20913,0.0,1.54266,0.7178,51,0.0,0.59663,0.0,0.40337,0.59663,0.0,0.63145,0.0,0.36855,0.54219,0.36753,18653.01147,97280.0,115211.27637,48.64,0.88684,0.0,1.0,0.92,0.1,0.6,0.95,0.0,0.0,1.0,1.0,1.0,0.13832,194560,116081,0,78479,116081,0,116081,73299,0,0,42782,116081,760
1,55,0.6937,0.24908,0.04243,0.19977,0.0,1.55347,0.7178,51,0.0,0.62313,0.0,0.37687,0.62313,0.0,0.72414,0.0,0.27586,0.55308,0.27487,18546.50928,97280.0,120388.34766,48.64,0.89374,0.0,1.0,0.92,0.1,0.6,0.95,0.0,0.0,1.0,1.0,1.0,0.1379,194560,121237,0,73323,121237,0,121237,87792,0,0,33445,121237,760
1,56,0.7095,0.24685,0.03988,0.19942,0.0,1.54742,0.7178,51,0.0,0.61164,0.0,0.38836,0.61164,0.0,0.72618,0.0,0.27382,0.54841,0.27282,18524.89282,97280.0,118138.3916,48.64,0.88959,0.0,1.0,0.92,0.1,0.6,0.95,0.0,0.0,1.0,1.0,1.0,0.13747,194560,119000,0,75560,119000,0,119000,86415,0,0,32585,119000,760
1,57,0.719,0.24339,0.03266,0.203,0.0,1.53856,0.719,57,0.0,0.61432,0.0,0.38568,0.61432,0.0,0.72885,0.0,0.27115,0.54953,0.26999,18451.85718,97280.0,118670.86719,48.64,0.8904,0.0,1.0,0.92,0.1,0.6,0.95,0.0,0.0,1.0,1.0,1.0,0.13703,194560,119523,0,75037,119523,0,119523,87114,0,0,32409,119523,760
1,58,0.7331,0.24756,0.03117,0.20781,0.0,1.56216,0.7331,58,0.0,0.60555,0.0,0.39445,0.60555,0.0,0.68105,0.0,0.31895,0.5459,0.31794,18445.43555,97280.0,116946.16211,48.64,0.88784,0.0,1.0,0.92,0.1,0.6,0.95,0.0,0.0,1.0,1.0,1.0,0.13659,194560,117816,0,76744,117816,0,117816,80239,0,0,37577,117816,760
1,59,0.7096,0.24605,0.03163,0.2061,0.0,1.53196,0.7331,58,0.0,0.62362,0.0,0.37638,0.62362,0.0,0.71858,0.0,0.28142,0.55325,0.28041,18636.62207,97280.0,120469.72461,48.64,0.89397,0.0,1.0,0.92,0.1,0.6,0.95,0.0,0.0,1.0,1.0,1.0,0.13613,194560,121331,0,73229,121331,0,121331,87186,0,0,34145,121331,760
1,60,0.6866,0.24453,0.03524,0.20036,0.0,1.55126,0.7331,58,0.0,0.61519,0.0,0.38481,0.61519,0.0,0.64866,0.0,0.35134,0.54986,0.35042,18697.41772,97280.0,118830.25,48.64,0.89147,0.0,1.0,0.92,0.1,0.6,0.95,0.0,0.0,1.0,1.0,1.0,0.13568,194560,119692,0,74868,119692,0,119692,77640,0,0,42052,119692,760
1,61,0.6585,0.24691,0.03818,0.20014,0.0,1.53227,0.7331,58,0.0,0.63555,0.0,0.36445,0.63555,0.0,0.7482,0.0,0.2518,0.55801,0.25073,18681.23389,97280.0,122817.70605,48.64,0.8976,0.0,1.0,0.92,0.1,0.6,0.95,0.0,0.0,1.0,1.0,1.0,0.13521,194560,123652,0,70908,123652,0,123652,92516,0,0,31136,123652,760
1,62,0.7205,0.24978,0.04068,0.19961,0.0,1.53042,0.7331,58,0.0,0.62767,0.0,0.37233,0.62767,0.0,0.74309,0.0,0.25691,0.55491,0.25582,18627.02368,97280.0,121281.9668,48.64,0.89423,0.0,1.0,0.92,0.1,0.6,0.95,0.0,0.0,1.0,1.0,1.0,0.13474,194560,122119,0,72441,122119,0,122119,90746,0,0,31373,122119,760
1,63,0.724,0.23619,0.0321,0.19426,0.0,1.55299,0.7331,58,0.0,0.62724,0.0,0.37276,0.62724,0.0,0.69101,0.0,0.30899,0.5547,0.30796,18730.57227,97280.0,121180.54297,48.64,0.89546,0.0,1.0,0.92,0.1,0.6,0.95,0.0,0.0,1.0,1.0,1.0,0.13426,194560,122036,0,72524,122036,0,122036,84328,0,0,37708,122036,760
1,64,0.7567,0.24567,0.02518,0.19532,0.25483,1.54089,0.7567,64,0.0,0.61331,0.2867,0.09999,0.61331,0.0,0.73292,0.44096,0.26708,0.5491,0.2661,18311.99194,97280.0,118468.06445,48.64,0.89034,0.0,1.0,0.92,0.1,0.6,0.95,0.0,0.0,1.0,1.0,1.0,0.13378,194560,119325,55781,19454,119325,0,119325,87456,55781,24597,31869,119325,760
1,65,0.7108,0.25017,0.02226,0.1914,0.22022,1.49152,0.7567,64,0.0,0.64778,0.26194,0.09028,0.64778,0.0,0.79123,0.45262,0.20877,0.56275,0.20766,18544.84375,97280.0,125201.24805,48.64,0.9005,0.0,1.0,0.92,0.1,0.6,0.95,0.0,0.0,1.0,1.0,1.0,0.13329,194560,126032,50963,17565,126032,0,126032,99720,50963,23067,26312,126032,760
1,66,0.7109,0.28374,0.03496,0.18937,0.28833,1.51526,0.7567,64,0.0,0.61487,0.28331,0.10182,0.61487,0.0,0.73603,0.41734,0.26397,0.5498,0.26286,18375.82422,97280.0,118803.52051,48.64,0.88988,0.0,1.0,0.92,0.1,0.6,0.95,0.0,0.0,1.0,1.0,1.0,0.13279,194560,119629,55121,19810,119629,0,119629,88051,55121,23004,31578,119629,760
1,67,0.7451,0.27877,0.02676,0.1868,0.2196,1.47638,0.7567,64,0.0,0.63612,0.26942,0.09446,0.63612,0.0,0.78136,0.45788,0.21864,0.55827,0.21758,18370.27051,97280.0,122947.10547,48.64,0.89674,0.0,1.0,0.92,0.1,0.6,0.95,0.0,0.0,1.0,1.0,1.0,0.13228,194560,123764,52418,18378,123764,0,123764,96704,52418,24001,27060,123764,760
1,68,0.6763,0.28886,0.02392,0.18326,0.23788,1.43511,0.7567,64,0.0,0.61269,0.28583,0.10148,0.61269,0.0,0.70456,0.41365,0.29544,0.54884,0.29436,18356.74023,97280.0,118342.2373,48.64,0.88957,0.0,1.0,0.92,0.1,0.6,0.95,0.0,0.0,1.0,1.0,1.0,0.13177,194560,119204,55612,19744,119204,0,119204,83986,55612,23004,35218,119204,760
1,69,0.738,0.31163,0.03089,0.18307,0.23741,1.4605,0.7567,64,0.0,0.58858,0.29815,0.11327,0.58858,0.0,0.71392,0.42044,0.28608,0.53881,0.28499,17882.86572,97280.0,113653.54297,48.64,0.88034,0.0,1.0,0.92,0.1,0.6,0.95,0.0,0.0,1.0,1.0,1.0,0.13126,194560,114515,58008,22037,114515,0,114515,81755,58008,24389,32760,114515,760
1,70,0.7516,0.31371,0.0254,0.18219,0.22005,1.4477,0.7567,64,0.0,0.64215,0.26344,0.09442,0.64215,0.0,0.81944,0.49268,0.18056,0.56062,0.1796,18215.56909,97280.0,124124.60449,48.64,0.89751,0.0,1.0,0.92,0.1,0.6,0.95,0.0,0.0,1.0,1.0,1.0,0.13074,194560,124936,51254,18370,124936,0,124936,102378,51254,25252,22558,124936,760
1,71,0.7581,0.31719,0.0225,0.17987,0.20394,1.43413,0.7581,71,0.0,0.63053,0.2693,0.10017,0.63053,0.0,0.81979,0.48419,0.18021,0.55608,0.17915,18044.99756,97280.0,121860.36426,48.64,0.89334,0.0,1.0,0.92,0.1,0.6,0.95,0.0,0.0,1.0,1.0,1.0,0.13021,194560,122675,52395,19490,122675,0,122675,100568,52395,25369,22107,122675,760
1,72,0.7762,0.32482,0.02101,0.1793,0.19804,1.3725,0.7762,72,0.0,0.61317,0.28242,0.10442,0.61317,0.0,0.7668,0.46523,0.2332,0.5491,0.23214,17880.57129,97280.0,118466.87402,48.64,0.88829,0.0,1.0,0.92,0.1,0.6,0.95,0.0,0.0,1.0,1.0,1.0,0.12967,194560,119298,54947,20315,119298,0,119298,91478,54947,25563,27820,119298,760
1,73,0.7797,0.33749,0.01999,0.18018,0.19676,1.40677,0.7797,73,0.0,0.60413,0.28703,0.10885,0.60413,0.0,0.75079,0.45874,0.24921,0.54535,0.24822,17977.31689,97280.0,116686.05273,48.64,0.88486,0.0,1.0,0.92,0.1,0.6,0.95,0.0,0.0,1.0,1.0,1.0,0.12913,194560,117539,55844,21177,117539,0,117539,88247,55844,25618,29292,117539,760
1,74,0.7728,0.35091,0.0197,0.18462,0.19154,1.37511,0.7797,73,0.0,0.60543,0.2891,0.10546,0.60543,0.0,0.78528,0.47954,0.21472,0.5459,0.21372,17996.26343,97280.0,116945.1709,48.64,0.88654,0.0,1.0,0.92,0.1,0.6,0.95,0.0,0.0,1.0,1.0,1.0,0.12859,194560,117793,56248,20519,117793,0,117793,92500,56248,26973,25293,117793,760
1,75,0.7713,0.34758,0.01731,0.18063,0.17226,1.3852,0.7797,73,0.0,0.64487,0.26087,0.09427,0.64487,0.0,0.80798,0.49507,0.19202,0.56166,0.19116,18195.02466,97280.0,124649.75293,48.64,0.89797,0.0,1.0,0.92,0.1,0.6,0.95,0.0,0.0,1.0,1.0,1.0,0.12803,194560,125465,50754,18341,125465,0,125465,101373,50754,25127,24092,125465,760
1,76,0.7782,0.3507,0.0153,0.1783,0.16672,1.33967,0.7797,73,0.0,0.61932,0.27876,0.10192,0.61932,0.0,0.77802,0.48477,0.22198,0.55156,0.22102,18055.60596,97280.0,119649.77637,48.64,0.89049,0.0,1.0,0.92,0.1,0.6,0.95,0.0,0.0,1.0,1.0,1.0,0.12747,194560,120495,54236,19829,120495,0,120495,93748,54236,26292,26747,120495,760
1,77,0.7462,0.36896,0.02128,0.17878,0.16904,1.33583,0.7797,73,0.0,0.64308,0.25972,0.0972,0.64308,0.0,0.84077,0.52414,0.15923,0.56099,0.15835,18122.53442,97280.0,124307.39355,48.64,0.89652,0.0,1.0,0.92,0.1,0.6,0.95,0.0,0.0,1.0,1.0,1.0,0.12691,194560,125117,50532,18911,125117,0,125117,105194,50532,26486,19923,125117,760
1,78,0.756,0.35504,0.01472,0.17016,0.15341,1.31215,0.7797,73,0.0,0.65162,0.25525,0.09313,0.65162,0.0,0.84988,0.52484,0.15012,0.56428,0.14922,18128.63672,97280.0,125983.10059,48.64,0.9001,0.0,1.0,0.92,0.1,0.6,0.95,0.0,0.0,1.0,1.0,1.0,0.12634,194560,126779,49661,18120,126779,0,126779,107747,49661,26064,19032,126779,760
1,79,0.7674,0.41019,0.02441,0.18514,0.18364,1.31921,0.7797,73,0.0,0.61164,0.27931,0.10905,0.61164,0.0,0.79387,0.48187,0.20613,0.54849,0.20514,17960.96802,97280.0,118176.08105,48.64,0.88603,0.0,1.0,0.92,0.1,0.6,0.95,0.0,0.0,1.0,1.0,1.0,0.12577,194560,119001,54343,21216,119001,0,119001,94471,54343,26186,24530,119001,760
1,80,0.7718,0.38148,0.01732,0.17469,0.15101,1.28754,0.7797,73,0.0,0.61868,0.27842,0.1029,0.61868,0.0,0.80066,0.50489,0.19934,0.55131,0.19844,18018.1665,97280.0,119527.72852,48.64,0.88979,0.0,1.0,0.92,0.1,0.6,0.95,0.0,0.0,1.0,1.0,1.0,0.12518,194560,120370,54170,20020,120370,0,120370,96375,54170,27350,23995,120370,760
1,81,0.7882,0.40454,0.01835,0.18034,0.16282,1.26152,0.7882,81,0.0,0.61864,0.27134,0.11002,0.61864,0.0,0.82127,0.49385,0.17873,0.55137,0.17775,17825.84717,97280.0,119557.96387,48.64,0.8866,0.0,1.0,0.92,0.1,0.6,0.95,0.0,0.0,1.0,1.0,1.0,0.1246,194560,120363,52791,21406,120363,0,120363,98851,52791,26071,21512,120363,760
1,82,0.7779,0.43287,0.02178,0.18729,0.17134,1.24945,0.7882,81,0.0,0.5719,0.30594,0.12216,0.5719,0.0,0.73743,0.47067,0.26257,0.53161,0.26158,17642.44385,97280.0,110409.27539,48.64,0.87353,0.0,1.0,0.92,0.1,0.6,0.95,0.0,0.0,1.0,1.0,1.0,0.12401,194560,111269,59524,23767,111269,0,111269,82053,59524,28016,29216,111269,760
1,83,0.7445,0.42857,0.0196,0.18421,0.15961,1.24343,0.7882,81,0.0,0.61266,0.27793,0.10941,0.61266,0.0,0.78666,0.50132,0.21334,0.5489,0.21249,17880.91724,97280.0,118369.90137,48.64,0.88579,0.0,1.0,0.92,0.1,0.6,0.95,0.0,0.0,1.0,1.0,1.0,0.12341,194560,119199,54075,21286,119199,0,119199,93769,54075,27109,25430,119199,760
1,84,0.7776,0.42909,0.01981,0.18184,0.1555,1.193,0.7882,81,0.0,0.62033,0.27266,0.10701,0.62033,0.0,0.8104,0.52217,0.1896,0.55199,0.18874,17963.4519,97280.0,119855.79883,48.64,0.88857,0.0,1.0,0.92,0.1,0.6,0.95,0.0,0.0,1.0,1.0,1.0,0.12281,194560,120692,53048,20820,120692,0,120692,97809,53048,27700,22883,120692,760
1,85,0.791,0.40935,0.01731,0.17496,0.13086,1.19664,0.791,85,0.0,0.63771,0.26296,0.09934,0.63771,0.0,0.83666,0.5152,0.16334,0.55889,0.16239,17952.57715,97280.0,123253.04688,48.64,0.89437,0.0,1.0,0.92,0.1,0.6,0.95,0.0,0.0,1.0,1.0,1.0,0.1222,194560,124072,51161,19327,124072,0,124072,103806,51161,26358,20266,124072,760
1,86,0.7827,0.42251,0.01587,0.17628,0.13738,1.1754,0.791,85,0.0,0.63211,0.26167,0.10622,0.63211,0.0,0.86462,0.54317,0.13538,0.55672,0.13451,17764.25464,97280.0,122173.2041,48.64,0.89064,0.0,1.0,0.92,0.1,0.6,0.95,0.0,0.0,1.0,1.0,1.0,0.12159,194560,122983,50910,20667,122983,0,122983,106334,50910,27653,16649,122983,760
1,87,0.7818,0.46996,0.02024,0.19443,0.15243,1.18974,0.791,85,0.0,0.61074,0.27652,0.11274,0.61074,0.0,0.78632,0.48663,0.21368,0.54815,0.21279,17885.91431,97280.0,118012.2168,48.64,0.88375,0.0,1.0,0.92,0.1,0.6,0.95,0.0,0.0,1.0,1.0,1.0,0.12097,194560,118826,53799,21935,118826,0,118826,93435,53799,26180,25391,118826,760
1,88,0.7936,0.45311,0.01751,0.18259,0.14227,1.15841,0.7936,88,0.0,0.62759,0.26761,0.1048,0.62759,0.0,0.83027,0.52419,0.16973,0.55495,0.1688,17924.72437,97280.0,121301.31543,48.64,0.89053,0.0,1.0,0.92,0.1,0.6,0.95,0.0,0.0,1.0,1.0,1.0,0.12034,194560,122103,52067,20390,122103,0,122103,101379,52067,27293,20724,122103,760
1,89,0.784,0.47896,0.01927,0.19205,0.14978,1.12247,0.7936,88,0.0,0.58196,0.29504,0.123,0.58196,0.0,0.79061,0.50776,0.20939,0.53603,0.20849,17598.01318,97280.0,112389.8418,48.64,0.87473,0.0,1.0,0.92,0.1,0.6,0.95,0.0,0.0,1.0,1.0,1.0,0.11972,194560,113227,57403,23930,113227,0,113227,89518,57403,29147,23709,113227,760
1,90,0.7949,0.45779,0.0185,0.18438,0.13143,1.09567,0.7949,90,0.0,0.62444,0.26691,0.10865,0.62444,0.0,0.85402,0.53524,0.14598,0.55368,0.14512,17796.85034,97280.0,120679.74219,48.64,0.88824,0.0,1.0,0.92,0.1,0.6,0.95,0.0,0.0,1.0,1.0,1.0,0.11908,194560,121492,51930,21138,121492,0,121492,103756,51930,27795,17736,121492,760
2,91,0.7901,0.41551,0.01969,0.19232,0.14331,0.45114,0.7949,90,0.0012,0.59624,0.28429,0.11947,0.59624,0.0,0.78346,0.51173,0.21654,0.51972,0.19257,16023.07812,97280.0,105267.09766,48.64,0.74573,-0.59033,0.5563,0.92,0.1,0.6,0.95,0.0,0.0,1.0,1.0,1.0,0.11845,194560,116004,55312,23244,116004,0,116004,90885,55312,28305,25119,116004,760
2,92,0.8032,0.39263,0.01565,0.18199,0.14053,0.39792,0.8032,92,0.0049,0.61394,0.26966,0.11639,0.61394,0.0,0.82466,0.52611,0.17534,0.52789,0.15399,16052.95972,97280.0,108772.08301,48.64,0.75249,-0.55574,0.55015,0.92,0.1,0.6,0.95,0.0,0.0,1.0,1.0,1.0,0.1178,194560,119449,52466,22645,119449,0,119449,98505,52466,27603,20944,119449,760
2,93,0.7904,0.37471,0.01509,0.17517,0.12854,0.42727,0.8032,92,0.0109,0.63059,0.26013,0.10929,0.63059,0.0,0.84565,0.54489,0.15435,0.53694,0.1351,16311.86548,97280.0,112800.29785,48.64,0.76848,-0.46505,0.55806,0.92,0.1,0.6,0.95,0.0,0.0,1.0,1.0,1.0,0.11716,194560,122687,50610,21263,122687,0,122687,103750,50610,27577,18937,122687,760
2,94,0.7847,0.3886,0.0164,0.18452,0.13216,0.41377,0.8032,92,0.0194,0.6096,0.27382,0.11658,0.6096,0.0,0.80936,0.53335,0.19064,0.52598,0.16348,15960.86255,97280.0,107945.11328,48.64,0.75322,-0.58143,0.56517,0.92,0.1,0.6,0.95,0.0,0.0,1.0,1.0,1.0,0.1165,194560,118603,53275,22682,118603,0,118603,95992,53275,28414,22611,118603,760
2,95,0.7966,0.38403,0.01655,0.1823,0.13141,0.402,0.8032,92,0.0302,0.62828,0.26223,0.10949,0.62828,0.0,0.84547,0.53188,0.15453,0.53518,0.13209,16265.51392,97280.0,112003.26172,48.64,0.76502,-0.51741,0.56203,0.92,0.1,0.6,0.95,0.0,0.0,1.0,1.0,1.0,0.11585,194560,122238,51019,21303,122238,0,122238,103349,51019,27136,18889,122238,760
2,96,0.7978,0.3701,0.01655,0.17852,0.12362,0.38616,0.8032,92,0.0432,0.63803,0.25569,0.10628,0.63803,0.0,0.84433,0.54483,0.15567,0.53865,0.13579,16255.69873,97280.0,113578.75586,48.64,0.76737,-0.51976,0.56727,0.92,0.1,0.6,0.95,0.0,0.0,1.0,1.0,1.0,0.11519,194560,124135,49748,20677,124135,0,124135,104811,49748,27104,19324,124135,760
2,97,0.7853,0.38555,0.01724,0.1809,0.13406,0.4043,0.8032,92,0.0585,0.64601,0.2483,0.10569,0.64601,0.0,0.85621,0.54262,0.14379,0.54244,0.12581,16281.63806,97280.0,115326.16602,48.64,0.76762,-0.50629,0.53911,0.92,0.1,0.6,0.95,0.0,0.0,1.0,1.0,1.0,0.11452,194560,125687,48310,20563,125687,0,125687,107614,48310,26214,18073,125687,760
2,98,0.7987,0.37395,0.01789,0.17466,0.12859,0.39421,0.8032,92,0.076,0.61749,0.27088,0.11163,0.61749,0.0,0.80942,0.50855,0.19058,0.52805,0.16216,15998.7843,97280.0,108843.62402,48.64,0.75219,-0.62449,0.56167,0.92,0.1,0.6,0.95,0.0,0.0,1.0,1.0,1.0,0.11385,194560,120138,52703,21719,120138,0,120138,97242,52703,26802,22896,120138,760
2,99,0.8108,0.37072,0.01628,0.1756,0.12937,0.36176,0.8108,99,0.0955,0.6324,0.25526,0.11234,0.6324,0.0,0.87406,0.55494,0.12594,0.53449,0.10634,15964.41321,97280.0,111695.68066,48.64,0.75662,-0.61419,0.55126,0.92,0.1,0.6,0.95,0.0,0.0,1.0,1.0,1.0,0.11318,194560,123040,49663,21857,123040,0,123040,107544,49663,27560,15496,123040,760
2,100,0.806,0.36305,0.01419,0.17522,0.12433,0.36244,0.8108,99,0.117,0.63644,0.25467,0.10889,0.63644,0.0,0.85296,0.54035,0.14704,0.53818,0.12315,16105.46301,97280.0,113365.27637,48.64,0.76364,-0.55893,0.55391,0.92,0.1,0.6,0.95,0.0,0.0,1.0,1.0,1.0,0.1125,194560,123826,49549,21185,123826,0,123826,105619,49549,26774,18207,123826,760
2,101,0.8153,0.36438,0.01419,0.17778,0.12363,0.36298,0.8153,101,0.1403,0.64128,0.25259,0.10613,0.64128,0.0,0.82979,0.52553,0.17021,0.5382,0.14576,16109.20654,97280.0,113374.42676,48.64,0.75832,-0.64026,0.54543,0.92,0.1,0.6,0.95,0.0,0.0,1.0,1.0,1.0,0.11182,194560,124768,49143,20649,124768,0,124768,103531,49143,25826,21237,124768,760
2,102,0.8011,0.37809,0.01512,0.17984,0.13449,0.35212,0.8153,101,0.1654,0.61474,0.26659,0.11868,0.61474,0.0,0.82938,0.54335,0.17062,0.52859,0.14598,15887.86267,97280.0,109079.15039,48.64,0.75213,-0.65005,0.56442,0.92,0.1,0.6,0.95,0.0,0.0,1.0,1.0,1.0,0.11113,194560,119603,51867,23090,119603,0,119603,99196,51867,28182,20407,119603,760
2,103,0.7966,0.3636,0.01326,0.17504,0.12723,0.35388,0.8153,101,0.1922,0.63097,0.25965,0.10939,0.63097,0.0,0.8558,0.55164,0.1442,0.53253,0.12069,15975.87781,97280.0,110816.95703,48.64,0.75073,-0.71355,0.54041,0.92,0.1,0.6,0.95,0.0,0.0,1.0,1.0,1.0,0.11044,194560,122761,50517,21282,122761,0,122761,105059,50517,27867,17702,122761,760
2,104,0.8102,0.37585,0.01631,0.17981,0.12785,0.38646,0.8153,101,0.2204,0.6137,0.26913,0.11717,0.6137,0.0,0.83955,0.53669,0.16045,0.52654,0.13299,15873.07983,97280.0,108184.32715,48.64,0.74695,-0.70604,0.55465,0.92,0.1,0.6,0.95,0.0,0.0,1.0,1.0,1.0,0.10975,194560,119401,52362,22797,119401,0,119401,100243,52362,28102,19158,119401,760
2,105,0.8016,0.37597,0.01766,0.17933,0.13037,0.34795,0.8153,101,0.25,0.61068,0.27208,0.11725,0.61068,0.0,0.81191,0.53664,0.18809,0.52721,0.16197,16065.93994,97280.0,108478.44922,48.64,0.75525,-0.66147,0.58226,0.92,0.1,0.6,0.95,0.0,0.0,1.0,1.0,1.0,0.10905,194560,118813,52935,22812,118813,0,118813,96465,52935,28407,22348,118813,760
2,106,0.8126,0.36774,0.01404,0.18051,0.12737,0.33326,0.8153,101,0.2808,0.6339,0.25654,0.10955,0.6339,0.0,0.85282,0.53331,0.14718,0.5377,0.12565,16133.96741,97280.0,113145.08105,48.64,0.7608,-0.61435,0.55915,0.92,0.1,0.6,0.95,0.0,0.0,1.0,1.0,1.0,0.10835,194560,123332,49913,21315,123332,0,123332,105180,49913,26619,18152,123332,760
2,107,0.8078,0.37158,0.01639,0.17483,0.13294,0.34295,0.8153,101,0.3127,0.61698,0.26832,0.1147,0.61698,0.0,0.83588,0.53083,0.16412,0.52705,0.13999,15986.95142,97280.0,108408.26074,48.64,0.74695,-0.72808,0.55107,0.92,0.1,0.6,0.95,0.0,0.0,1.0,1.0,1.0,0.10764,194560,120039,52205,22316,120039,0,120039,100338,52205,27712,19701,120039,760
2,108,0.8091,0.3505,0.0128,0.17306,0.11906,0.33634,0.8153,101,0.3455,0.63746,0.2553,0.10724,0.63746,0.0,0.83217,0.53607,0.16783,0.53524,0.14288,16137.39392,97280.0,112034.4541,48.64,0.75263,-0.711,0.55364,0.92,0.1,0.6,0.95,0.0,0.0,1.0,1.0,1.0,0.10693,194560,124025,49671,20864,124025,0,124025,103210,49671,26627,20815,124025,760
2,109,0.7983,0.33676,0.01216,0.16747,0.1133,0.32856,0.8153,101,0.379,0.68239,0.22356,0.09405,0.68239,0.0,0.88908,0.57398,0.11092,0.55414,0.09227,16214.20544,97280.0,120903.02051,48.64,0.77555,-0.54959,0.53965,0.92,0.1,0.6,0.95,0.0,0.0,1.0,1.0,1.0,0.10622,194560,132766,43496,18298,132766,0,132766,118039,43496,24966,14727,132766,760
2,110,0.8089,0.36356,0.0151,0.17576,0.12818,0.31851,0.8153,101,0.4132,0.61433,0.27271,0.11296,0.61433,0.0,0.81481,0.52451,0.18519,0.52792,0.15768,16303.98547,97280.0,108785.94043,48.64,0.75947,-0.69009,0.60311,0.92,0.1,0.6,0.95,0.0,0.0,1.0,1.0,1.0,0.10551,194560,119524,53059,21977,119524,0,119524,97389,53059,27830,22135,119524,760
2,111,0.7974,0.37787,0.01782,0.17968,0.13363,0.33364,0.8153,101,0.4477,0.61487,0.26454,0.12059,0.61487,0.0,0.84281,0.53114,0.15719,0.52869,0.13608,16034.22571,97280.0,109124.59863,48.64,0.75071,-0.66496,0.55997,0.92,0.1,0.6,0.95,0.0,0.0,1.0,1.0,1.0,0.10479,194560,119629,51469,23462,119629,0,119629,100825,51469,27337,18804,119629,760
2,112,0.8069,0.34844,0.01536,0.17049,0.1183,0.32568,0.8153,101,0.4826,0.64489,0.25179,0.10332,0.64489,0.0,0.83276,0.52653,0.16724,0.54019,0.14351,16287.75317,97280.0,114284.49609,48.64,0.76261,-0.64368,0.57253,0.92,0.1,0.6,0.95,0.0,0.0,1.0,1.0,1.0,0.10406,194560,125470,48989,20101,125470,0,125470,104486,48989,25794,20984,125470,760
2,113,0.802,0.35676,0.01504,0.17344,0.1227,0.33824,0.8153,101,0.5174,0.65096,0.24325,0.10579,0.65096,0.0,0.86102,0.5512,0.13898,0.54325,0.11922,16102.14587,97280.0,115703.58789,48.64,0.76368,-0.59583,0.54436,0.92,0.1,0.6,0.95,0.0,0.0,1.0,1.0,1.0,0.10334,194560,126651,47326,20583,126651,0,126651,109049,47326,26086,17602,126651,760
2,114,0.8074,0.34278,0.01195,0.17163,0.11576,0.31055,0.8153,101,0.5523,0.63694,0.25199,0.11107,0.63694,0.0,0.84865,0.55147,0.15135,0.53674,0.12916,16085.68591,97280.0,112708.90039,48.64,0.75445,-0.70418,0.55015,0.92,0.1,0.6,0.95,0.0,0.0,1.0,1.0,1.0,0.10261,194560,123923,49027,21610,123923,0,123923,105167,49027,27037,18756,123923,760
2,115,0.8133,0.36677,0.01366,0.17944,0.12884,0.32095,0.8153,101,0.5868,0.63091,0.2554,0.11369,0.63091,0.0,0.85493,0.53571,0.14507,0.53232,0.12011,15892.12048,97280.0,110727.18652,48.64,0.74389,-0.78047,0.54101,0.92,0.1,0.6,0.95,0.0,0.0,1.0,1.0,1.0,0.10188,194560,122749,49691,22120,122749,0,122749,104942,49691,26620,17807,122749,760
2,116,0.8162,0.37388,0.017,0.18067,0.13073,0.32501,0.8162,116,0.621,0.61865,0.26394,0.11741,0.61865,0.0,0.81324,0.52568,0.18676,0.52952,0.16015,16080.57727,97280.0,109487.21777,48.64,0.75091,-0.70854,0.55805,0.92,0.1,0.6,0.95,0.0,0.0,1.0,1.0,1.0,0.10114,194560,120364,51353,22843,120364,0,120364,97885,51353,26995,22479,120364,760
2,117,0.8071,0.34718,0.01157,0.17103,0.12265,0.29766,0.8162,116,0.6545,0.64543,0.24956,0.10501,0.64543,0.0,0.84992,0.53856,0.15008,0.54113,0.12683,16082.48645,97280.0,114719.50488,48.64,0.76334,-0.63277,0.54981,0.92,0.1,0.6,0.95,0.0,0.0,1.0,1.0,1.0,0.10041,194560,125575,48554,20431,125575,0,125575,106729,48554,26149,18846,125575,760
2,118,0.8037,0.36413,0.01304,0.1781,0.12978,0.30556,0.8162,116,0.6873,0.60845,0.2747,0.11685,0.60845,0.0,0.80572,0.51094,0.19428,0.52396,0.16535,15959.08215,97280.0,107071.7168,48.64,0.74143,-0.77361,0.56218,0.92,0.1,0.6,0.95,0.0,0.0,1.0,1.0,1.0,0.09966,194560,118380,53445,22735,118380,0,118380,95381,53445,27307,22999,118380,760
2,119,0.8,0.35648,0.01216,0.17594,0.12601,0.30731,0.8162,116,0.7192,0.63992,0.25336,0.10672,0.63992,0.0,0.83518,0.5409,0.16482,0.53772,0.13878,16107.17957,97280.0,113154.38672,48.64,0.75825,-0.71584,0.56415,0.92,0.1,0.6,0.95,0.0,0.0,1.0,1.0,1.0,0.09892,194560,124502,49294,20764,124502,0,124502,103981,49294,26663,20521,124502,760
2,120,0.8129,0.36214,0.01683,0.17488,0.12688,0.3133,0.8162,116,0.75,0.60747,0.27518,0.11735,0.60747,0.0,0.81639,0.5355,0.18361,0.52666,0.15902,16130.18835,97280.0,108237.31836,48.64,0.75578,-0.66742,0.57875,0.92,0.1,0.6,0.95,0.0,0.0,1.0,1.0,1.0,0.09818,194560,118190,53539,22831,118190,0,118190,96489,53539,28670,21701,118190,760
2,121,0.8236,0.33401,0.01165,0.16811,0.11138,0.31671,0.8236,121,0.7796,0.65053,0.24773,0.10174,0.65053,0.0,0.84456,0.55062,0.15544,0.54053,0.12681,16161.28784,97280.0,114442.58984,48.64,0.75799,-0.76982,0.56259,0.92,0.1,0.6,0.95,0.0,0.0,1.0,1.0,1.0,0.09743,194560,126567,48198,19795,126567,0,126567,106893,48198,26539,19674,126567,760
2,122,0.8181,0.36428,0.01562,0.17679,0.12768,0.31077,0.8236,121,0.8078,0.60143,0.27576,0.12281,0.60143,0.0,0.82824,0.52118,0.17176,0.52199,0.14364,15797.86829,97280.0,106230.29492,48.64,0.74101,-0.82678,0.57721,0.92,0.1,0.6,0.95,0.0,0.0,1.0,1.0,1.0,0.09668,194560,117015,53651,23894,117015,0,117015,96917,53651,27962,20098,117015,760
2,123,0.7983,0.33711,0.01195,0.17169,0.11218,0.29937,0.8236,121,0.8346,0.65943,0.23902,0.10155,0.65943,0.0,0.86292,0.5465,0.13708,0.54717,0.11285,16231.09058,97280.0,117548.56543,48.64,0.76883,-0.64404,0.55777,0.92,0.1,0.6,0.95,0.0,0.0,1.0,1.0,1.0,0.09592,194560,128299,46503,19758,128299,0,128299,110712,46503,25414,17587,128299,760
2,124,0.8173,0.36752,0.01487,0.17669,0.13264,0.30225,0.8236,121,0.8597,0.59065,0.283,0.12636,0.59065,0.0,0.80239,0.52643,0.19761,0.51822,0.16989,16037.70959,97280.0,104636.02344,48.64,0.74234,-0.76738,0.58206,0.92,0.1,0.6,0.95,0.0,0.0,1.0,1.0,1.0,0.09517,194560,114916,55060,24584,114916,0,114916,92208,55060,28985,22708,114916,760
2,125,0.814,0.35836,0.01307,0.17914,0.12361,0.31048,0.8236,121,0.883,0.63516,0.25485,0.10999,0.63516,0.0,0.84784,0.54563,0.15216,0.53721,0.12743,16071.64392,97280.0,112925.35742,48.64,0.7587,-0.64786,0.54793,0.92,0.1,0.6,0.95,0.0,0.0,1.0,1.0,1.0,0.09441,194560,123577,49583,21400,123577,0,123577,104773,49583,27054,18804,123577,760
2,126,0.831,0.3486,0.01135,0.17373,0.12089,0.30047,0.831,126,0.9045,0.61372,0.26866,0.11761,0.61372,0.0,0.84043,0.55983,0.15957,0.52677,0.13135,15814.86768,97280.0,108284.9541,48.64,0.74558,-0.7959,0.57419,0.92,0.1,0.6,0.95,0.0,0.0,1.0,1.0,1.0,0.09365,194560,119406,52271,22883,119406,0,119406,100352,52271,29263,19054,119406,760
2,127,0.8297,0.33768,0.01077,0.16735,0.11888,0.29519,0.831,126,0.924,0.64108,0.25144,0.10748,0.64108,0.0,0.83296,0.55182,0.16704,0.53739,0.1367,16164.59058,97280.0,113004.32324,48.64,0.75752,-0.77807,0.58232,0.92,0.1,0.6,0.95,0.0,0.0,1.0,1.0,1.0,0.09289,194560,124728,48920,20912,124728,0,124728,103893,48920,26995,20835,124728,760
2,128,0.8164,0.34284,0.01081,0.17571,0.11773,0.26766,0.831,126,0.9415,0.61861,0.26802,0.11337,0.61861,0.0,0.82273,0.54596,0.17727,0.5296,0.14757,16129.39856,97280.0,109521.84082,48.64,0.75347,-0.79778,0.59729,0.92,0.1,0.6,0.95,0.0,0.0,1.0,1.0,1.0,0.09213,194560,120357,52145,22058,120357,0,120357,99021,52145,28469,21336,120357,760
2,129,0.8144,0.34681,0.01101,0.17465,0.12216,0.27216,0.831,126,0.9568,0.63476,0.25402,0.11122,0.63476,0.0,0.83565,0.54042,0.16435,0.53733,0.13898,16251.94995,97280.0,112975.99512,48.64,0.75966,-0.69195,0.56993,0.92,0.1,0.6,0.95,0.0,0.0,1.0,1.0,1.0,0.09136,194560,123499,49423,21638,123499,0,123499,103202,49423,26709,20297,123499,760
2,130,0.812,0.35152,0.01387,0.17552,0.11958,0.30639,0.831,126,0.9698,0.62566,0.26059,0.11375,0.62566,0.0,0.84789,0.54239,0.15211,0.53344,0.12465,16054.30029,97280.0,111224.53516,48.64,0.75493,-0.7273,0.56601,0.92,0.1,0.6,0.95,0.0,0.0,1.0,1.0,1.0,0.09059,194560,121729,50700,22131,121729,0,121729,103213,50700,27499,18516,121729,760
2,131,0.8306,0.33596,0.01124,0.16838,0.11631,0.28311,0.831,126,0.9806,0.62659,0.2629,0.11051,0.62659,0.0,0.79617,0.51713,0.20383,0.53125,0.17254,16266.1416,97280.0,110252.15039,48.64,0.7521,-0.72747,0.57166,0.92,0.1,0.6,0.95,0.0,0.0,1.0,1.0,1.0,0.08982,194560,121909,51150,21501,121909,0,121909,97060,51150,26451,24849,121909,760
2,132,0.826,0.32752,0.00883,0.16706,0.11283,0.27363,0.831,126,0.9891,0.63073,0.25797,0.1113,0.63073,0.0,0.82901,0.53769,0.17099,0.53353,0.14264,15931.74512,97280.0,111266.76953,48.64,0.75482,-0.77571,0.58535,0.92,0.1,0.6,0.95,0.0,0.0,1.0,1.0,1.0,0.08905,194560,122714,50191,21655,122714,0,122714,101731,50191,26987,20983,122714,760
2,133,0.8163,0.33124,0.00954,0.17105,0.11202,0.27944,0.831,126,0.9951,0.64468,0.25125,0.10408,0.64468,0.0,0.84482,0.55126,0.15518,0.53836,0.12627,16023.92102,97280.0,113445.58594,48.64,0.75627,-0.78975,0.5712,0.92,0.1,0.6,0.95,0.0,0.0,1.0,1.0,1.0,0.08828,194560,125428,48883,20249,125428,0,125428,105964,48883,26947,19464,125428,760
2,134,0.808,0.34411,0.011,0.17351,0.1198,0.28189,0.831,126,0.9988,0.63309,0.25513,0.11178,0.63309,0.0,0.84655,0.55473,0.15345,0.53696,0.1282,16177.74695,97280.0,112810.17383,48.64,0.76107,-0.71967,0.58818,0.92,0.1,0.6,0.95,0.0,0.0,1.0,1.0,1.0,0.08751,194560,123174,49639,21747,123174,0,123174,104273,49639,27536,18901,123174,760
2,135,0.8271,0.33047,0.00947,0.16778,0.11363,0.282,0.831,126,1.0,0.64342,0.25139,0.10519,0.64342,0.0,0.84911,0.5521,0.15089,0.53856,0.12754,16103.06384,97280.0,113536.21973,48.64,0.75839,-0.74013,0.56949,0.92,0.1,0.6,0.95,0.0,0.0,1.0,1.0,1.0,0.08673,194560,125184,48911,20465,125184,0,125184,106295,48911,27004,18889,125184,760
3,136,0.8328,0.34186,0.01119,0.17345,0.11792,0.28136,0.8328,136,1.0,0.63761,0.25163,0.11076,0.63761,0.0,0.82682,0.53203,0.17318,0.53468,0.1433,16032.41248,97280.0,111778.37207,48.64,0.74983,-0.81796,0.56003,0.92,0.1,0.6,0.95,0.0,0.0,1.0,1.0,1.0,0.08596,194560,124053,48958,21549,124053,0,124053,102569,48958,26047,21484,124053,760
3,137,0.8178,0.34174,0.00897,0.17726,0.11606,0.27173,0.8328,136,1.0,0.6097,0.27199,0.11831,0.6097,0.0,0.81585,0.54772,0.18415,0.52198,0.14694,15689.37109,97280.0,106226.65137,48.64,0.73416,-0.97462,0.57708,0.92,0.1,0.6,0.95,0.0,0.0,1.0,1.0,1.0,0.08518,194560,118623,52918,23019,118623,0,118623,96779,52918,28984,21844,118623,760
3,138,0.8241,0.34908,0.01382,0.17099,0.12259,0.30244,0.8328,136,1.0,0.64772,0.24859,0.10369,0.64772,0.0,0.83437,0.54092,0.16563,0.53837,0.13652,16113.01208,97280.0,113453.2998,48.64,0.75242,-0.80473,0.55889,0.92,0.1,0.6,0.95,0.0,0.0,1.0,1.0,1.0,0.0844,194560,126020,48366,20174,126020,0,126020,105147,48366,26162,20873,126020,760
3,139,0.8378,0.32566,0.01055,0.16645,0.1089,0.28493,0.8378,139,1.0,0.64698,0.24502,0.10799,0.64698,0.0,0.85298,0.56327,0.14702,0.54127,0.12197,16087.20642,97280.0,114783.90234,48.64,0.75858,-0.77586,0.55722,0.92,0.1,0.6,0.95,0.0,0.0,1.0,1.0,1.0,0.08362,194560,125877,47672,21011,125877,0,125877,107370,47672,26852,18507,125877,760
3,140,0.8219,0.31406,0.00831,0.16038,0.1086,0.26353,0.8378,139,1.0,0.67943,0.22339,0.09719,0.67943,0.0,0.87836,0.5708,0.12164,0.55317,0.10027,16154.82483,97280.0,120432.96875,48.64,0.77127,-0.69467,0.557,0.92,0.1,0.6,0.95,0.0,0.0,1.0,1.0,1.0,0.08284,194560,132189,43462,18909,132189,0,132189,116109,43462,24808,16080,132189,760
3,141,0.8283,0.33025,0.00865,0.1702,0.11348,0.26401,0.8378,139,1.0,0.6402,0.25207,0.10774,0.6402,0.0,0.85089,0.55432,0.14911,0.53827,0.1231,16056.72839,97280.0,113405.63965,48.64,0.7593,-0.78713,0.58509,0.92,0.1,0.6,0.95,0.0,0.0,1.0,1.0,1.0,0.08206,194560,124557,49042,20961,124557,0,124557,105984,49042,27185,18573,124557,760
3,142,0.843,0.33395,0.00964,0.17091,0.11415,0.28355,0.843,142,1.0,0.64843,0.24696,0.10461,0.64843,0.0,0.83853,0.5287,0.16147,0.53792,0.13259,15986.42834,97280.0,113248.29688,48.64,0.74904,-0.86165,0.554,0.92,0.1,0.6,0.95,0.0,0.0,1.0,1.0,1.0,0.08128,194560,126159,48048,20353,126159,0,126159,105788,48048,25403,20371,126159,760
3,143,0.8059,0.32864,0.00981,0.16925,0.11303,0.25963,0.843,142,1.0,0.65234,0.24277,0.10489,0.65234,0.0,0.80525,0.53238,0.19475,0.54284,0.16343,16258.12048,97280.0,115513.38574,48.64,0.76246,-0.75096,0.57647,0.92,0.1,0.6,0.95,0.0,0.0,1.0,1.0,1.0,0.08049,194560,126920,47233,20407,126920,0,126920,102202,47233,25146,24718,126920,760
3,144,0.8368,0.33539,0.01182,0.16996,0.115,0.27925,0.843,142,1.0,0.64842,0.25064,0.10095,0.64842,0.0,0.8269,0.55951,0.1731,0.54085,0.14067,16278.94385,97280.0,114591.30859,48.64,0.76382,-0.73411,0.58296,0.92,0.1,0.6,0.95,0.0,0.0,1.0,1.0,1.0,0.07971,194560,126156,48764,19640,126156,0,126156,104319,48764,27284,21837,126156,760
3,145,0.8157,0.32134,0.01013,0.16458,0.10954,0.26624,0.843,142,1.0,0.65762,0.24027,0.10211,0.65762,0.0,0.86332,0.56893,0.13668,0.54479,0.1117,16038.97424,97280.0,116423.61816,48.64,0.76401,-0.75631,0.56969,0.92,0.1,0.6,0.95,0.0,0.0,1.0,1.0,1.0,0.07893,194560,127946,46747,19867,127946,0,127946,110458,46747,26596,17488,127946,760
3,146,0.82,0.33652,0.01373,0.168,0.11601,0.28389,0.843,142,1.0,0.65562,0.24357,0.10081,0.65562,0.0,0.82508,0.53761,0.17492,0.54342,0.14361,16267.14319,97280.0,115783.08105,48.64,0.76351,-0.75794,0.57587,0.92,0.1,0.6,0.95,0.0,0.0,1.0,1.0,1.0,0.07814,194560,127558,47389,19613,127558,0,127558,105246,47389,25477,22312,127558,760
3,147,0.8297,0.32516,0.01144,0.16551,0.10905,0.28584,0.843,142,1.0,0.63773,0.25304,0.10923,0.63773,0.0,0.82577,0.54986,0.17423,0.53262,0.13824,15703.6416,97280.0,110857.4248,48.64,0.74414,-0.91972,0.56057,0.92,0.1,0.6,0.95,0.0,0.0,1.0,1.0,1.0,0.07736,194560,124077,49231,21252,124077,0,124077,102459,49231,27070,21618,124077,760
3,148,0.8339,0.30507,0.00779,0.16165,0.09896,0.26427,0.843,142,1.0,0.66612,0.23507,0.0988,0.66612,0.0,0.8626,0.57158,0.1374,0.54701,0.11091,15953.18262,97280.0,117469.37109,48.64,0.76428,-0.75904,0.56934,0.92,0.1,0.6,0.95,0.0,0.0,1.0,1.0,1.0,0.07657,194560,129601,45736,19223,129601,0,129601,111794,45736,26142,17807,129601,760
3,149,0.8371,0.31661,0.00826,0.16692,0.10684,0.2404,0.843,142,1.0,0.66017,0.23365,0.10618,0.66017,0.0,0.88014,0.57401,0.11986,0.54689,0.09748,15993.56421,97280.0,117415.84961,48.64,0.76599,-0.71459,0.57288,0.92,0.1,0.6,0.95,0.0,0.0,1.0,1.0,1.0,0.07579,194560,128442,45459,20659,128442,0,128442,113047,45459,26094,15395,128442,760
3,150,0.8432,0.30598,0.00683,0.16248,0.10114,0.25686,0.8432,150,1.0,0.68294,0.22155,0.09551,0.68294,0.0,0.88094,0.57761,0.11906,0.55386,0.09516,16127.40613,97280.0,120769.23535,48.64,0.77006,-0.73315,0.5541,0.92,0.1,0.6,0.95,0.0,0.0,1.0,1.0,1.0,0.075,194560,132873,43105,18582,132873,0,132873,117053,43105,24898,15820,132873,760
3,151,0.831,0.32369,0.00914,0.16741,0.1105,0.26175,0.8432,150,1.0,0.65356,0.23973,0.10671,0.65356,0.0,0.8615,0.56392,0.1385,0.54277,0.11353,16082.00598,97280.0,115480.625,48.64,0.75873,-0.8008,0.56601,0.92,0.1,0.6,0.95,0.0,0.0,1.0,1.0,1.0,0.07421,194560,127157,46641,20762,127157,0,127157,109546,46641,26302,17611,127157,760
3,152,0.8452,0.30653,0.00812,0.16148,0.10081,0.26066,0.8452,152,1.0,0.69538,0.20962,0.095,0.69538,0.0,0.90001,0.57296,0.09999,0.55873,0.08283,16088.82385,97280.0,123172.19727,48.64,0.77316,-0.69911,0.53435,0.92,0.1,0.6,0.95,0.0,0.0,1.0,1.0,1.0,0.07343,194560,135293,40783,18484,135293,0,135293,121765,40783,23367,13528,135293,760
3,153,0.8378,0.31334,0.008,0.16395,0.1052,0.25855,0.8452,152,1.0,0.66999,0.22401,0.10599,0.66999,0.0,0.88626,0.58184,0.11374,0.54817,0.09045,15786.51587,97280.0,118024.29102,48.64,0.75735,-0.8397,0.5311,0.92,0.1,0.6,0.95,0.0,0.0,1.0,1.0,1.0,0.07264,194560,130354,43584,20622,130354,0,130354,115528,43584,25359,14826,130354,760
3,154,0.8236,0.30133,0.00771,0.1574,0.10106,0.25046,0.8452,152,1.0,0.67386,0.22818,0.09796,0.67386,0.0,0.86709,0.56992,0.13291,0.54791,0.1078,16043.37927,97280.0,117899.57422,48.64,0.75892,-0.81532,0.54508,0.92,0.1,0.6,0.95,0.0,0.0,1.0,1.0,1.0,0.07186,194560,131106,44394,19060,131106,0,131106,113681,44394,25301,17425,131106,760
3,155,0.8322,0.31254,0.00912,0.16108,0.10873,0.24279,0.8452,152,1.0,0.68258,0.2241,0.09333,0.68258,0.0,0.84018,0.55378,0.15982,0.55261,0.1336,16372.34814,97280.0,120158.3252,48.64,0.77131,-0.76882,0.57137,0.92,0.1,0.6,0.95,0.0,0.0,1.0,1.0,1.0,0.07107,194560,132802,43600,18158,132802,0,132802,111578,43600,24145,21224,132802,760
3,156,0.8271,0.3143,0.00952,0.16306,0.10712,0.24488,0.8452,152,1.0,0.66468,0.23656,0.09875,0.66468,0.0,0.84389,0.55434,0.15611,0.54661,0.12847,16276.30579,97280.0,117281.94141,48.64,0.76863,-0.74449,0.58667,0.92,0.1,0.6,0.95,0.0,0.0,1.0,1.0,1.0,0.07029,194560,129321,46026,19213,129321,0,129321,109133,46026,25514,20188,129321,760
3,157,0.8181,0.31533,0.00761,0.16551,0.10584,0.26305,0.8452,152,1.0,0.65763,0.2419,0.10047,0.65763,0.0,0.82825,0.55793,0.17175,0.54356,0.13753,16275.11316,97280.0,115845.56738,48.64,0.76513,-0.80206,0.58628,0.92,0.1,0.6,0.95,0.0,0.0,1.0,1.0,1.0,0.06951,194560,127948,47065,19547,127948,0,127948,105973,47065,26259,21975,127948,760
3,158,0.8401,0.30261,0.00819,0.15852,0.10012,0.26193,0.8452,152,1.0,0.67692,0.22775,0.09533,0.67692,0.0,0.86628,0.55966,0.13372,0.55005,0.11095,16214.58105,97280.0,118922.81738,48.64,0.76354,-0.79884,0.55367,0.92,0.1,0.6,0.95,0.0,0.0,1.0,1.0,1.0,0.06872,194560,131702,44311,18547,131702,0,131702,114091,44311,24799,17611,131702,760
3,159,0.8255,0.3317,0.00972,0.1716,0.11615,0.23713,0.8452,152,1.0,0.65105,0.23948,0.10947,0.65105,0.0,0.8408,0.54266,0.1592,0.54224,0.13051,16169.50244,97280.0,115231.0,48.64,0.75979,-0.79318,0.55767,0.92,0.1,0.6,0.95,0.0,0.0,1.0,1.0,1.0,0.06794,194560,126668,46593,21299,126668,0,126668,106502,46593,25284,20166,126668,760
3,160,0.8303,0.32464,0.01028,0.16462,0.11281,0.26503,0.8452,152,1.0,0.66374,0.22998,0.10629,0.66374,0.0,0.84952,0.54615,0.15048,0.54788,0.12891,16210.47424,97280.0,117882.03223,48.64,0.76378,-0.72598,0.55094,0.92,0.1,0.6,0.95,0.0,0.0,1.0,1.0,1.0,0.06716,194560,129137,44744,20679,129137,0,129137,109705,44744,24437,19432,129137,760
3,161,0.8254,0.32184,0.0081,0.16855,0.10983,0.24814,0.8452,152,1.0,0.65697,0.239,0.10403,0.65697,0.0,0.85581,0.557,0.14419,0.54442,0.11878,16015.19885,97280.0,116248.37988,48.64,0.7613,-0.75436,0.55797,0.92,0.1,0.6,0.95,0.0,0.0,1.0,1.0,1.0,0.06638,194560,127820,46499,20241,127820,0,127820,109390,46499,25900,18430,127820,760
3,162,0.8427,0.30678,0.00855,0.15875,0.10447,0.24827,0.8452,152,1.0,0.65994,0.24023,0.09983,0.65994,0.0,0.84025,0.54675,0.15975,0.5438,0.12943,16162.42371,97280.0,115961.62598,48.64,0.75891,-0.82256,0.56583,0.92,0.1,0.6,0.95,0.0,0.0,1.0,1.0,1.0,0.0656,194560,128397,46740,19423,128397,0,128397,107886,46740,25555,20511,128397,760
3,163,0.8331,0.30352,0.00758,0.16221,0.09882,0.25034,0.8452,152,1.0,0.65666,0.24158,0.10177,0.65666,0.0,0.82843,0.55446,0.17157,0.54349,0.14078,16257.10315,97280.0,115815.39355,48.64,0.76253,-0.81476,0.57672,0.92,0.1,0.6,0.95,0.0,0.0,1.0,1.0,1.0,0.06482,194560,127759,47001,19800,127759,0,127759,105839,47001,26060,21920,127759,760
3,164,0.8439,0.3163,0.00879,0.16483,0.10662,0.26311,0.8452,152,1.0,0.66488,0.23543,0.09969,0.66488,0.0,0.84984,0.53591,0.15016,0.5458,0.12254,16153.61816,97280.0,116899.79492,48.64,0.75797,-0.79628,0.55232,0.92,0.1,0.6,0.95,0.0,0.0,1.0,1.0,1.0,0.06404,194560,129359,45806,19395,129359,0,129359,109934,45806,24548,19425,129359,760
3,165,0.8445,0.30107,0.00673,0.15787,0.10187,0.2515,0.8452,152,1.0,0.67431,0.22821,0.09749,0.67431,0.0,0.85451,0.5716,0.14549,0.55037,0.11882,16086.44617,97280.0,119073.72266,48.64,0.76715,-0.78386,0.5713,0.92,0.1,0.6,0.95,0.0,0.0,1.0,1.0,1.0,0.06327,194560,131193,44400,18967,131193,0,131193,112106,44400,25379,19087,131193,760
3,166,0.8267,0.29744,0.00706,0.15877,0.09855,0.23455,0.8452,152,1.0,0.67466,0.22694,0.0984,0.67466,0.0,0.86502,0.57657,0.13498,0.55096,0.10621,16247.85925,97280.0,119358.9541,48.64,0.7717,-0.78827,0.58447,0.92,0.1,0.6,0.95,0.0,0.0,1.0,1.0,1.0,0.06249,194560,131261,44154,19145,131261,0,131261,113543,44154,25458,17718,131261,760
3,167,0.8422,0.31807,0.00756,0.16579,0.10979,0.24667,0.8452,152,1.0,0.66257,0.22896,0.10847,0.66257,0.0,0.86428,0.55903,0.13572,0.54333,0.10888,15740.57788,97280.0,115738.9082,48.64,0.75048,-0.9247,0.5466,0.92,0.1,0.6,0.95,0.0,0.0,1.0,1.0,1.0,0.06172,194560,128909,44547,21104,128909,0,128909,111413,44547,24903,17496,128909,760
3,168,0.8358,0.29622,0.00621,0.15877,0.09747,0.24283,0.8452,152,1.0,0.67666,0.22694,0.0964,0.67666,0.0,0.87055,0.57355,0.12945,0.54927,0.10251,15925.55981,97280.0,118546.40527,48.64,0.76027,-0.91338,0.56264,0.92,0.1,0.6,0.95,0.0,0.0,1.0,1.0,1.0,0.06095,194560,131651,44153,18756,131651,0,131651,114609,44153,25324,17042,131651,760
3,169,0.8436,0.30605,0.00765,0.15958,0.10319,0.25875,0.8452,152,1.0,0.66773,0.23061,0.10166,0.66773,0.0,0.84203,0.53914,0.15797,0.54551,0.12903,15991.23523,97280.0,116764.45117,48.64,0.75506,-0.88255,0.54858,0.92,0.1,0.6,0.95,0.0,0.0,1.0,1.0,1.0,0.06018,194560,129913,44868,19779,129913,0,129913,109391,44868,24190,20522,129913,760
3,170,0.8445,0.29699,0.0077,0.15716,0.09887,0.23911,0.8452,152,1.0,0.67241,0.23309,0.0945,0.67241,0.0,0.83706,0.56174,0.16294,0.55017,0.13301,16343.83154,97280.0,118979.96289,48.64,0.77175,-0.78458,0.59107,0.92,0.1,0.6,0.95,0.0,0.0,1.0,1.0,1.0,0.05941,194560,130824,45350,18386,130824,0,130824,109508,45350,25475,21316,130824,760
3,171,0.8352,0.30523,0.0072,0.15961,0.10467,0.24666,0.8452,152,1.0,0.68985,0.21393,0.09622,0.68985,0.0,0.89001,0.57333,0.10999,0.55438,0.08825,15911.61499,97280.0,121022.99609,48.64,0.76284,-0.84291,0.53514,0.92,0.1,0.6,0.95,0.0,0.0,1.0,1.0,1.0,0.05864,194560,134217,41622,18721,134217,0,134217,119455,41622,23863,14762,134217,760
3,172,0.8436,0.2932,0.00732,0.15807,0.0943,0.24275,0.8452,152,1.0,0.686,0.2197,0.09429,0.686,0.0,0.86547,0.56002,0.13453,0.55373,0.10654,16208.17053,97280.0,120703.26172,48.64,0.76894,-0.79517,0.56175,0.92,0.1,0.6,0.95,0.0,0.0,1.0,1.0,1.0,0.05787,194560,133469,42745,18346,133469,0,133469,115514,42745,23938,17955,133469,760
3,173,0.8399,0.29109,0.00767,0.15516,0.09694,0.21962,0.8452,152,1.0,0.6768,0.22588,0.09732,0.6768,0.0,0.85569,0.54346,0.14431,0.5496,0.11616,16205.92676,97280.0,118706.50098,48.64,0.76423,-0.84365,0.56974,0.92,0.1,0.6,0.95,0.0,0.0,1.0,1.0,1.0,0.05711,194560,131678,43948,18934,131678,0,131678,112675,43948,23884,19003,131678,760
3,174,0.8367,0.33062,0.00848,0.16817,0.11856,0.24955,0.8452,152,1.0,0.63558,0.25283,0.1116,0.63558,0.0,0.80723,0.5492,0.19277,0.5332,0.15632,15858.98596,97280.0,111116.45801,48.64,0.7463,-0.94527,0.57751,0.92,0.1,0.6,0.95,0.0,0.0,1.0,1.0,1.0,0.05635,194560,123658,49190,21712,123658,0,123658,99821,49190,27015,23837,123658,760
3,175,0.8408,0.30978,0.00849,0.16238,0.10425,0.25072,0.8452,152,1.0,0.66649,0.23461,0.09891,0.66649,0.0,0.84068,0.55649,0.15932,0.54647,0.12706,16032.66809,97280.0,117215.32227,48.64,0.76225,-0.85658,0.56446,0.92,0.1,0.6,0.95,0.0,0.0,1.0,1.0,1.0,0.05559,194560,129672,45645,19243,129672,0,129672,109013,45645,25401,20659,129672,760
3,176,0.8532,0.30689,0.00676,0.16348,0.10308,0.23278,0.8532,176,1.0,0.64854,0.24502,0.10644,0.64854,0.0,0.84741,0.56877,0.15259,0.54112,0.12327,16033.36975,97280.0,114713.18066,48.64,0.76025,-0.84575,0.59948,0.92,0.1,0.6,0.95,0.0,0.0,1.0,1.0,1.0,0.05483,194560,126180,47671,20709,126180,0,126180,106926,47671,27114,19254,126180,760
3,177,0.8316,0.28459,0.00625,0.15544,0.08981,0.24302,0.8532,176,1.0,0.68744,0.22206,0.0905,0.68744,0.0,0.86944,0.58835,0.13056,0.55479,0.10239,16148.87341,97280.0,121225.80664,48.64,0.77307,-0.86536,0.59181,0.92,0.1,0.6,0.95,0.0,0.0,1.0,1.0,1.0,0.05408,194560,133748,43204,17608,133748,0,133748,116286,43204,25419,17462,133748,760
3,178,0.8416,0.28948,0.00771,0.15322,0.09614,0.23779,0.8532,176,1.0,0.6981,0.21186,0.09004,0.6981,0.0,0.8744,0.55707,0.1256,0.55764,0.1017,16141.69128,97280.0,122632.97754,48.64,0.77182,-0.81284,0.56924,0.92,0.1,0.6,0.95,0.0,0.0,1.0,1.0,1.0,0.05332,194560,135823,41219,17518,135823,0,135823,118763,41219,22962,17060,135823,760
3,179,0.8366,0.29919,0.00652,0.15806,0.10202,0.23019,0.8532,176,1.0,0.66251,0.23392,0.10357,0.66251,0.0,0.84515,0.56046,0.15485,0.54512,0.12304,15821.04785,97280.0,116578.18652,48.64,0.76064,-0.93027,0.59698,0.92,0.1,0.6,0.95,0.0,0.0,1.0,1.0,1.0,0.05257,194560,128898,45511,20151,128898,0,128898,108938,45511,25507,19960,128898,760
3,180,0.8398,0.3203,0.00872,0.16633,0.11105,0.24673,0.8532,176,1.0,0.67565,0.22336,0.101,0.67565,0.0,0.86968,0.55718,0.13032,0.55005,0.10684,15907.3728,97280.0,118923.48145,48.64,0.76031,-0.83088,0.53952,0.92,0.1,0.6,0.95,0.0,0.0,1.0,1.0,1.0,0.05182,194560,131454,43456,19650,131454,0,131454,114323,43456,24213,17131,131454,760
3,181,0.8313,0.27141,0.00651,0.14489,0.08955,0.22149,0.8532,176,1.0,0.71588,0.20169,0.08243,0.71588,0.0,0.90141,0.59625,0.09859,0.56655,0.08025,16465.51941,97280.0,127150.05469,48.64,0.79091,-0.61379,0.56244,0.92,0.1,0.6,0.95,0.0,0.0,1.0,1.0,1.0,0.05108,194560,139282,39240,16038,139282,0,139282,125550,39240,23397,13732,139282,760
3,182,0.8406,0.3147,0.00692,0.16145,0.11326,0.22958,0.8532,176,1.0,0.64499,0.24192,0.11309,0.64499,0.0,0.84398,0.53917,0.15602,0.53779,0.12523,15732.39307,97280.0,113186.92871,48.64,0.74918,-0.92704,0.56886,0.92,0.1,0.6,0.95,0.0,0.0,1.0,1.0,1.0,0.05034,194560,125490,47067,22003,125490,0,125490,105911,47067,25377,19579,125490,760
3,183,0.832,0.2904,0.00647,0.15428,0.09779,0.23037,0.8532,176,1.0,0.69087,0.21943,0.0897,0.69087,0.0,0.8608,0.58042,0.1392,0.5559,0.10866,16310.03088,97280.0,121769.5127,48.64,0.77637,-0.76359,0.57448,0.92,0.1,0.6,0.95,0.0,0.0,1.0,1.0,1.0,0.04959,194560,134415,42693,17452,134415,0,134415,115705,42693,24780,18710,134415,760
3,184,0.8418,0.27782,0.00696,0.14979,0.08904,0.23436,0.8532,176,1.0,0.69437,0.21374,0.09189,0.69437,0.0,0.87327,0.57415,0.12673,0.55663,0.09954,16190.83191,97280.0,122132.43945,48.64,0.77351,-0.85592,0.58592,0.92,0.1,0.6,0.95,0.0,0.0,1.0,1.0,1.0,0.04886,194560,135097,41585,17878,135097,0,135097,117976,41585,23876,17121,135097,760
3,185,0.8483,0.2958,0.00585,0.15813,0.09776,0.25217,0.8532,176,1.0,0.67946,0.22372,0.09682,0.67946,0.0,0.86848,0.57324,0.13152,0.55189,0.10449,16011.97314,97280.0,119807.98633,48.64,0.76654,-0.90601,0.5798,0.92,0.1,0.6,0.95,0.0,0.0,1.0,1.0,1.0,0.04812,194560,132196,43526,18838,132196,0,132196,114810,43526,24951,17386,132196,760
3,186,0.838,0.29155,0.00636,0.15722,0.09632,0.21953,0.8532,176,1.0,0.66462,0.23268,0.10269,0.66462,0.0,0.84191,0.56422,0.15809,0.54504,0.12518,16027.82556,97280.0,116540.74609,48.64,0.7589,-0.9385,0.58326,0.92,0.1,0.6,0.95,0.0,0.0,1.0,1.0,1.0,0.04739,194560,129309,45271,19980,129309,0,129309,108866,45271,25543,20443,129309,760
3,187,0.8461,0.28666,0.00588,0.15425,0.0945,0.23047,0.8532,176,1.0,0.67984,0.22504,0.09512,0.67984,0.0,0.85273,0.55698,0.14727,0.55113,0.11859,16055.01062,97280.0,119443.6582,48.64,0.7637,-0.89312,0.56699,0.92,0.1,0.6,0.95,0.0,0.0,1.0,1.0,1.0,0.04666,194560,132269,43784,18507,132269,0,132269,112790,43784,24387,19479,132269,760
3,188,0.8215,0.29055,0.00658,0.1539,0.09727,0.24013,0.8532,176,1.0,0.67801,0.22771,0.09428,0.67801,0.0,0.82294,0.54856,0.17706,0.55012,0.14311,16196.95947,97280.0,118956.375,48.64,0.76468,-0.87325,0.5699,0.92,0.1,0.6,0.95,0.0,0.0,1.0,1.0,1.0,0.04594,194560,131914,44303,18343,131914,0,131914,108557,44303,24303,23357,131914,760
3,189,0.8464,0.31641,0.00688,0.16743,0.10878,0.23258,0.8532,176,1.0,0.63871,0.24814,0.11315,0.63871,0.0,0.82793,0.53555,0.17207,0.53394,0.14039,15692.49756,97280.0,111449.0791,48.64,0.74251,-0.98445,0.56906,0.92,0.1,0.6,0.95,0.0,0.0,1.0,1.0,1.0,0.04521,194560,124267,48279,22014,124267,0,124267,102884,48279,25856,21383,124267,760
3,190,0.8387,0.28769,0.00529,0.15619,0.09434,0.22601,0.8532,176,1.0,0.68039,0.21994,0.09967,0.68039,0.0,0.87182,0.57721,0.12818,0.55228,0.10332,15817.85779,97280.0,119996.99219,48.64,0.76313,-0.8424,0.55465,0.92,0.1,0.6,0.95,0.0,0.0,1.0,1.0,1.0,0.04449,194560,132376,42792,19392,132376,0,132376,115408,42792,24700,16968,132376,760
3,191,0.8235,0.30627,0.0067,0.16394,0.1032,0.233,0.8532,176,1.0,0.65997,0.24057,0.09946,0.65997,0.0,0.80796,0.54672,0.19204,0.54394,0.15525,16086.39929,97280.0,116023.02051,48.64,0.76112,-0.89146,0.58408,0.92,0.1,0.6,0.95,0.0,0.0,1.0,1.0,1.0,0.04378,194560,128403,46806,19351,128403,0,128403,103744,46806,25590,24659,128403,760
3,192,0.8478,0.28557,0.00663,0.15201,0.09352,0.24954,0.8532,176,1.0,0.70192,0.20938,0.0887,0.70192,0.0,0.88618,0.56671,0.11382,0.55968,0.09172,15995.05725,97280.0,123652.4707,48.64,0.77311,-0.81107,0.54647,0.92,0.1,0.6,0.95,0.0,0.0,1.0,1.0,1.0,0.04307,194560,136566,40737,17257,136566,0,136566,121022,40737,23086,15544,136566,760
3,193,0.8496,0.29456,0.00602,0.16017,0.0973,0.22226,0.8532,176,1.0,0.66854,0.23341,0.09804,0.66854,0.0,0.83903,0.54022,0.16097,0.54826,0.13035,16207.76062,97280.0,118063.34668,48.64,0.76738,-0.79876,0.58917,0.92,0.1,0.6,0.95,0.0,0.0,1.0,1.0,1.0,0.04236,194560,130072,45413,19075,130072,0,130072,109134,45413,24533,20938,130072,760
3,194,0.8389,0.29187,0.00557,0.16113,0.09348,0.22975,0.8532,176,1.0,0.67908,0.22618,0.09474,0.67908,0.0,0.85624,0.57301,0.14376,0.55083,0.11024,16017.90576,97280.0,119296.66016,48.64,0.76594,-0.91275,0.58423,0.92,0.1,0.6,0.95,0.0,0.0,1.0,1.0,1.0,0.04165,194560,132122,44006,18432,132122,0,132122,113128,44006,25216,18994,132122,760
3,195,0.8476,0.2875,0.0061,0.1554,0.09459,0.22389,0.8532,176,1.0,0.6744,0.22564,0.09995,0.6744,0.0,0.85542,0.55277,0.14458,0.54915,0.11427,15984.68103,97280.0,118490.25586,48.64,0.76302,-0.87755,0.58369,0.92,0.1,0.6,0.95,0.0,0.0,1.0,1.0,1.0,0.04095,194560,131212,43901,19447,131212,0,131212,112242,43901,24267,18970,131212,760
3,196,0.836,0.28282,0.00477,0.15527,0.09135,0.23089,0.8532,176,1.0,0.69938,0.20868,0.09194,0.69938,0.0,0.88563,0.57836,0.11437,0.55904,0.09102,15924.3479,97280.0,123328.20801,48.64,0.77441,-0.83785,0.57325,0.92,0.1,0.6,0.95,0.0,0.0,1.0,1.0,1.0,0.04025,194560,136072,40601,17887,136072,0,136072,120510,40601,23482,15562,136072,760
3,197,0.8274,0.27513,0.00506,0.15072,0.0885,0.22629,0.8532,176,1.0,0.70559,0.2058,0.08862,0.70559,0.0,0.88152,0.58244,0.11848,0.55931,0.0919,16069.45947,97280.0,123463.94336,48.64,0.7706,-0.886,0.55925,0.92,0.1,0.6,0.95,0.0,0.0,1.0,1.0,1.0,0.03956,194560,137279,40040,17241,137279,0,137279,121014,40040,23321,16265,137279,760
3,198,0.8422,0.30417,0.00742,0.15992,0.105,0.22901,0.8532,176,1.0,0.67322,0.22541,0.10137,0.67322,0.0,0.86183,0.56101,0.13817,0.54808,0.11005,15890.73389,97280.0,117978.08496,48.64,0.75758,-0.92517,0.55825,0.92,0.1,0.6,0.95,0.0,0.0,1.0,1.0,1.0,0.03887,194560,130982,43855,19723,130982,0,130982,112884,43855,24603,18098,130982,760
3,199,0.846,0.27956,0.00597,0.15195,0.09142,0.2143,0.8532,176,1.0,0.68845,0.21788,0.09367,0.68845,0.0,0.87678,0.58215,0.12322,0.55681,0.09946,16062.29187,97280.0,122220.2168,48.64,0.77693,-0.78609,0.57855,0.92,0.1,0.6,0.95,0.0,0.0,1.0,1.0,1.0,0.03818,194560,133944,42391,18225,133944,0,133944,117439,42391,24678,16505,133944,760
3,200,0.8474,0.28628,0.00566,0.15397,0.09459,0.2316,0.8532,176,1.0,0.68555,0.21767,0.09679,0.68555,0.0,0.8793,0.5674,0.1207,0.55218,0.09566,15691.97485,97280.0,119949.26953,48.64,0.76135,-0.89897,0.56414,0.92,0.1,0.6,0.95,0.0,0.0,1.0,1.0,1.0,0.0375,194560,133380,42349,18831,133380,0,133380,117281,42349,24029,16099,133380,760
3,201,0.8515,0.28389,0.00508,0.15534,0.09225,0.22495,0.8532,176,1.0,0.68436,0.22003,0.09561,0.68436,0.0,0.85369,0.56708,0.14631,0.55136,0.11709,15803.14221,97280.0,119553.98535,48.64,0.75975,-0.94634,0.56515,0.92,0.1,0.6,0.95,0.0,0.0,1.0,1.0,1.0,0.03682,194560,133149,42809,18602,133149,0,133149,113668,42809,24276,19481,133149,760
3,202,0.8447,0.28074,0.00473,0.15526,0.09061,0.21726,0.8532,176,1.0,0.69302,0.21479,0.09219,0.69302,0.0,0.87551,0.57995,0.12449,0.5568,0.09536,15868.12939,97280.0,122215.46875,48.64,0.77334,-0.89769,0.59318,0.92,0.1,0.6,0.95,0.0,0.0,1.0,1.0,1.0,0.03615,194560,134833,41790,17937,134833,0,134833,118047,41790,24236,16786,134833,760
3,203,0.8493,0.27198,0.00539,0.14876,0.0886,0.21165,0.8532,176,1.0,0.69883,0.21166,0.08951,0.69883,0.0,0.87678,0.57137,0.12322,0.55931,0.09873,16154.82507,97280.0,123465.72754,48.64,0.77843,-0.81185,0.58186,0.92,0.1,0.6,0.95,0.0,0.0,1.0,1.0,1.0,0.03548,194560,135965,41180,17415,135965,0,135965,119211,41180,23529,16754,135965,760
3,204,0.8453,0.30059,0.00593,0.16216,0.10205,0.21591,0.8532,176,1.0,0.68004,0.22138,0.09858,0.68004,0.0,0.8563,0.56471,0.1437,0.55224,0.11448,15976.69067,97280.0,119980.75586,48.64,0.76699,-0.85468,0.58449,0.92,0.1,0.6,0.95,0.0,0.0,1.0,1.0,1.0,0.03481,194560,132308,43072,19180,132308,0,132308,113295,43072,24323,19013,132308,760
3,205,0.8427,0.28555,0.00529,0.15747,0.09262,0.21211,0.8532,176,1.0,0.66545,0.23224,0.10232,0.66545,0.0,0.85809,0.56009,0.14191,0.54682,0.11578,15814.04187,97280.0,117382.18066,48.64,0.76012,-0.91239,0.58664,0.92,0.1,0.6,0.95,0.0,0.0,1.0,1.0,1.0,0.03415,194560,129469,45184,19907,129469,0,129469,111096,45184,25307,18373,129469,760
3,206,0.8466,0.28161,0.0054,0.15436,0.09199,0.21617,0.8532,176,1.0,0.67745,0.22954,0.09301,0.67745,0.0,0.84014,0.5776,0.15986,0.55093,0.12681,16167.5415,97280.0,119345.16895,48.64,0.7709,-0.85228,0.60176,0.92,0.1,0.6,0.95,0.0,0.0,1.0,1.0,1.0,0.0335,194560,131805,44659,18096,131805,0,131805,110734,44659,25795,21071,131805,760
3,207,0.8378,0.26989,0.00475,0.14583,0.08976,0.21546,0.8532,176,1.0,0.70361,0.20861,0.08778,0.70361,0.0,0.86141,0.58327,0.13859,0.558,0.11011,16016.29553,97280.0,122808.28906,48.64,0.76897,-0.92869,0.56502,0.92,0.1,0.6,0.95,0.0,0.0,1.0,1.0,1.0,0.03284,194560,136895,40587,17078,136895,0,136895,117923,40587,23673,18972,136895,760
3,208,0.8503,0.26237,0.00474,0.1459,0.08082,0.23348,0.8532,176,1.0,0.71146,0.20341,0.08514,0.71146,0.0,0.88489,0.58479,0.11511,0.56054,0.08952,15850.4187,97280.0,124081.6084,48.64,0.77108,-0.91865,0.56447,0.92,0.1,0.6,0.95,0.0,0.0,1.0,1.0,1.0,0.0322,194560,138421,39575,16564,138421,0,138421,122487,39575,23143,15934,138421,760
3,209,0.849,0.28641,0.00509,0.15756,0.09345,0.21621,0.8532,176,1.0,0.68125,0.22116,0.09759,0.68125,0.0,0.86515,0.57465,0.13485,0.55338,0.10625,16031.97278,97280.0,120535.06934,48.64,0.77041,-0.8841,0.59767,0.92,0.1,0.6,0.95,0.0,0.0,1.0,1.0,1.0,0.03155,194560,132544,43028,18988,132544,0,132544,114670,43028,24726,17874,132544,760
3,210,0.8473,0.27858,0.00492,0.15456,0.08767,0.23377,0.8532,176,1.0,0.6978,0.21319,0.08901,0.6978,0.0,0.86981,0.57472,0.13019,0.55914,0.09982,16084.11548,97280.0,123377.95117,48.64,0.77685,-0.87599,0.58665,0.92,0.1,0.6,0.95,0.0,0.0,1.0,1.0,1.0,0.03092,194560,135764,41479,17317,135764,0,135764,118089,41479,23839,17675,135764,760
3,211,0.8463,0.29349,0.00554,0.16375,0.09407,0.21658,0.8532,176,1.0,0.66983,0.23426,0.0959,0.66983,0.0,0.83414,0.55373,0.16586,0.548,0.12982,16109.66296,97280.0,117939.42871,48.64,0.76781,-0.90268,0.61461,0.92,0.1,0.6,0.95,0.0,0.0,1.0,1.0,1.0,0.03028,194560,130323,45578,18659,130323,0,130323,108707,45578,25238,21616,130323,760
3,212,0.8288,0.27248,0.00525,0.15159,0.08773,0.20248,0.8532,176,1.0,0.71044,0.20253,0.08703,0.71044,0.0,0.89453,0.59139,0.10547,0.56549,0.0825,16240.10071,97280.0,126604.7207,48.64,0.7897,-0.70407,0.59076,0.92,0.1,0.6,0.95,0.0,0.0,1.0,1.0,1.0,0.02966,194560,138224,39404,16932,138224,0,138224,123645,39404,23303,14579,138224,760
3,213,0.8367,0.27368,0.00451,0.1524,0.08692,0.22264,0.8532,176,1.0,0.70805,0.20676,0.08519,0.70805,0.0,0.87167,0.58867,0.12833,0.56389,0.10167,16268.52551,97280.0,125781.32129,48.64,0.78861,-0.76513,0.60784,0.92,0.1,0.6,0.95,0.0,0.0,1.0,1.0,1.0,0.02903,194560,137758,40228,16574,137758,0,137758,120079,40228,23681,17679,137758,760
3,214,0.848,0.27315,0.00496,0.15133,0.08707,0.22023,0.8532,176,1.0,0.70585,0.2053,0.08885,0.70585,0.0,0.87479,0.5771,0.12521,0.562,0.09753,16092.35168,97280.0,124822.5918,48.64,0.78072,-0.84682,0.59544,0.92,0.1,0.6,0.95,0.0,0.0,1.0,1.0,1.0,0.02841,194560,137330,39943,17287,137330,0,137330,120135,39943,23051,17195,137330,760
3,215,0.8452,0.2721,0.00447,0.15352,0.08548,0.20736,0.8532,176,1.0,0.69746,0.21411,0.08844,0.69746,0.0,0.85832,0.57405,0.14168,0.55795,0.10935,16109.14575,97280.0,122788.08105,48.64,0.7764,-0.93753,0.6098,0.92,0.1,0.6,0.95,0.0,0.0,1.0,1.0,1.0,0.0278,194560,135697,41657,17206,135697,0,135697,116472,41657,23913,19225,135697,760
3,216,0.8495,0.27757,0.00567,0.15277,0.09102,0.19977,0.8532,176,1.0,0.6952,0.21219,0.09261,0.6952,0.0,0.88179,0.57515,0.11821,0.55945,0.09286,16143.75171,97280.0,123533.37402,48.64,0.78092,-0.78031,0.59654,0.92,0.1,0.6,0.95,0.0,0.0,1.0,1.0,1.0,0.02719,194560,135259,41283,18018,135259,0,135259,119270,41283,23744,15989,135259,760
3,217,0.851,0.25846,0.00453,0.14398,0.08159,0.20744,0.8532,176,1.0,0.71616,0.19962,0.08421,0.71616,0.0,0.89243,0.59893,0.10757,0.56559,0.08145,16062.96973,97280.0,126653.80273,48.64,0.78638,-0.87091,0.60246,0.92,0.1,0.6,0.95,0.0,0.0,1.0,1.0,1.0,0.02659,194560,139337,38839,16384,139337,0,139337,124349,38839,23262,14988,139337,760
3,218,0.8488,0.28112,0.00534,0.15426,0.09218,0.21603,0.8532,176,1.0,0.69939,0.2123,0.08831,0.69939,0.0,0.86304,0.56854,0.13696,0.56042,0.10728,16181.85156,97280.0,124024.03027,48.64,0.7821,-0.75963,0.59224,0.92,0.1,0.6,0.95,0.0,0.0,1.0,1.0,1.0,0.02599,194560,136073,41306,17181,136073,0,136073,117437,41306,23484,18636,136073,760
3,219,0.8497,0.26143,0.00499,0.14427,0.08312,0.21572,0.8532,176,1.0,0.72167,0.19538,0.08294,0.72167,0.0,0.91159,0.60102,0.08841,0.569,0.07026,16081.13269,97280.0,128429.08789,48.64,0.79029,-0.75489,0.58579,0.92,0.1,0.6,0.95,0.0,0.0,1.0,1.0,1.0,0.0254,194560,140409,38014,16137,140409,0,140409,127996,38014,22847,12413,140409,760
3,220,0.8466,0.26737,0.00403,0.14946,0.08558,0.2033,0.8532,176,1.0,0.69695,0.21263,0.09042,0.69695,0.0,0.88092,0.5782,0.11908,0.56067,0.09495,16150.81982,97280.0,124148.88672,48.64,0.78204,-0.74638,0.58988,0.92,0.1,0.6,0.95,0.0,0.0,1.0,1.0,1.0,0.02482,194560,135598,41370,17592,135598,0,135598,119451,41370,23920,16147,135598,760
3,221,0.8502,0.25654,0.00387,0.14145,0.08258,0.20965,0.8532,176,1.0,0.72108,0.19291,0.08601,0.72108,0.0,0.9164,0.60046,0.0836,0.56755,0.0656,15845.85742,97280.0,127670.12891,48.64,0.78201,-0.83268,0.56206,0.92,0.1,0.6,0.95,0.0,0.0,1.0,1.0,1.0,0.02423,194560,140293,37533,16734,140293,0,140293,128565,37533,22537,11728,140293,760
3,222,0.847,0.25722,0.00404,0.14428,0.08026,0.20822,0.8532,176,1.0,0.70405,0.20801,0.08794,0.70405,0.0,0.88574,0.59843,0.11426,0.56125,0.08692,15986.72498,97280.0,124440.02051,48.64,0.78082,-0.89877,0.60567,0.92,0.1,0.6,0.95,0.0,0.0,1.0,1.0,1.0,0.02366,194560,136980,40471,17109,136980,0,136980,121328,40471,24219,15652,136980,760
3,223,0.8522,0.2739,0.00426,0.15491,0.08516,0.21545,0.8532,176,1.0,0.69365,0.21399,0.09236,0.69365,0.0,0.87832,0.57731,0.12168,0.55552,0.09606,15700.81702,97280.0,121583.4834,48.64,0.76864,-0.9242,0.58979,0.92,0.1,0.6,0.95,0.0,0.0,1.0,1.0,1.0,0.02309,194560,134957,41633,17970,134957,0,134957,118536,41633,24035,16421,134957,760
3,224,0.8538,0.27119,0.00475,0.15246,0.08674,0.19508,0.8538,224,1.0,0.70235,0.20948,0.08817,0.70235,0.0,0.87249,0.58552,0.12751,0.56286,0.09942,16273.20081,97280.0,125259.69238,48.64,0.78939,-0.74412,0.61436,0.92,0.1,0.6,0.95,0.0,0.0,1.0,1.0,1.0,0.02253,194560,136649,40757,17154,136649,0,136649,119225,40757,23864,17424,136649,760
3,225,0.854,0.26967,0.00388,0.1534,0.08316,0.21502,0.854,225,1.0,0.70409,0.20763,0.08829,0.70409,0.0,0.8767,0.58186,0.1233,0.56114,0.09453,15959.01294,97280.0,124383.11523,48.64,0.77926,-0.89374,0.60452,0.92,0.1,0.6,0.95,0.0,0.0,1.0,1.0,1.0,0.02197,194560,136987,40396,17177,136987,0,136987,120096,40396,23505,16891,136987,760
3,226,0.8405,0.24867,0.00387,0.14282,0.07381,0.21191,0.854,225,1.0,0.73043,0.18889,0.08068,0.73043,0.0,0.90655,0.59717,0.09345,0.56885,0.07391,15929.33203,97280.0,128349.45898,48.64,0.78284,-0.80573,0.55802,0.92,0.1,0.6,0.95,0.0,0.0,1.0,1.0,1.0,0.02141,194560,142113,36750,15697,142113,0,142113,128832,36750,21946,13281,142113,760
3,227,0.8491,0.27548,0.00564,0.15142,0.08831,0.22124,0.854,225,1.0,0.69741,0.21209,0.0905,0.69741,0.0,0.85965,0.5613,0.14035,0.55473,0.10751,15757.54358,97280.0,121195.60254,48.64,0.76306,-1.0401,0.57249,0.92,0.1,0.6,0.95,0.0,0.0,1.0,1.0,1.0,0.02087,194560,135688,41265,17607,135688,0,135688,116644,41265,23162,19044,135688,760
3,228,0.8373,0.26946,0.00437,0.15153,0.08591,0.20002,0.854,225,1.0,0.70464,0.20732,0.08803,0.70464,0.0,0.88758,0.58963,0.11242,0.56414,0.08623,16096.33606,97280.0,125913.05469,48.64,0.79039,-0.80481,0.61626,0.92,0.1,0.6,0.95,0.0,0.0,1.0,1.0,1.0,0.02033,194560,137095,40337,17128,137095,0,137095,121683,40337,23784,15412,137095,760
3,229,0.8506,0.26719,0.00528,0.14773,0.08669,0.19924,0.854,225,1.0,0.70899,0.20419,0.08682,0.70899,0.0,0.89579,0.57981,0.10421,0.56534,0.08237,16025.97595,97280.0,126528.85547,48.64,0.78984,-0.75772,0.59722,0.92,0.1,0.6,0.95,0.0,0.0,1.0,1.0,1.0,0.01979,194560,137942,39727,16891,137942,0,137942,123567,39727,23034,14375,137942,760
3,230,0.857,0.26871,0.00474,0.14771,0.08737,0.2137,0.857,230,1.0,0.71198,0.19943,0.08859,0.71198,0.0,0.89717,0.58522,0.10283,0.56296,0.08091,15839.5957,97280.0,125306.56738,48.64,0.77581,-0.87827,0.57297,0.92,0.1,0.6,0.95,0.0,0.0,1.0,1.0,1.0,0.01926,194560,138523,38801,17236,138523,0,138523,124278,38801,22707,14245,138523,760
3,231,0.8518,0.24969,0.00397,0.14158,0.07544,0.21628,0.857,230,1.0,0.7347,0.18483,0.08046,0.7347,0.0,0.90561,0.59634,0.09439,0.57271,0.07369,16019.48608,97280.0,130389.02637,48.64,0.79183,-0.79282,0.58062,0.92,0.1,0.6,0.95,0.0,0.0,1.0,1.0,1.0,0.01874,194560,142944,35961,15655,142944,0,142944,129451,35961,21445,13493,142944,760
3,232,0.8517,0.25164,0.0038,0.14227,0.07729,0.21081,0.857,230,1.0,0.72165,0.19578,0.08258,0.72165,0.0,0.9044,0.59307,0.0956,0.56751,0.07365,15993.2312,97280.0,127650.16504,48.64,0.78537,-0.83351,0.58264,0.92,0.1,0.6,0.95,0.0,0.0,1.0,1.0,1.0,0.01823,194560,140404,38090,16066,140404,0,140404,126982,38090,22590,13422,140404,760
3,233,0.8499,0.25423,0.00388,0.14334,0.07813,0.21686,0.857,230,1.0,0.72209,0.19467,0.08324,0.72209,0.0,0.89034,0.5902,0.10966,0.56494,0.08427,15837.50586,97280.0,126319.9248,48.64,0.77605,-0.88313,0.56545,0.92,0.1,0.6,0.95,0.0,0.0,1.0,1.0,1.0,0.01772,194560,140490,37875,16195,140490,0,140490,125084,37875,22354,15406,140490,760
3,234,0.8519,0.25809,0.00382,0.14622,0.08091,0.19628,0.857,230,1.0,0.71628,0.19654,0.08719,0.71628,0.0,0.90483,0.59077,0.09517,0.56782,0.07478,15961.92908,97280.0,127808.7959,48.64,0.79168,-0.7887,0.61786,0.92,0.1,0.6,0.95,0.0,0.0,1.0,1.0,1.0,0.01721,194560,139359,38238,16963,139359,0,139359,126096,38238,22590,13263,139359,760
3,235,0.8494,0.24891,0.00396,0.14098,0.07614,0.2094,0.857,230,1.0,0.73454,0.18914,0.07632,0.73454,0.0,0.89708,0.59879,0.10292,0.57295,0.07977,16260.22559,97280.0,130515.33496,48.64,0.79793,-0.73304,0.59549,0.92,0.1,0.6,0.95,0.0,0.0,1.0,1.0,1.0,0.01671,194560,142912,36799,14849,142912,0,142912,128204,36799,22035,14708,142912,760
3,236,0.8541,0.26068,0.00377,0.15045,0.07833,0.20899,0.857,230,1.0,0.71376,0.20114,0.0851,0.71376,0.0,0.8873,0.58223,0.1127,0.56489,0.08628,15885.45435,97280.0,126297.86914,48.64,0.7848,-0.90102,0.60923,0.92,0.1,0.6,0.95,0.0,0.0,1.0,1.0,1.0,0.01622,194560,138869,39134,16557,138869,0,138869,123218,39134,22785,15651,138869,760
3,237,0.8477,0.24624,0.00386,0.14261,0.07343,0.19477,0.857,230,1.0,0.72863,0.1917,0.07967,0.72863,0.0,0.89759,0.58932,0.10241,0.57257,0.07585,16257.51001,97280.0,130311.61035,48.64,0.80238,-0.76333,0.63217,0.92,0.1,0.6,0.95,0.0,0.0,1.0,1.0,1.0,0.01574,194560,141762,37297,15501,141762,0,141762,127244,37297,21980,14518,141762,760
3,238,0.8456,0.25306,0.00411,0.14266,0.07834,0.20927,0.857,230,1.0,0.7287,0.1892,0.0821,0.7287,0.0,0.90512,0.58944,0.09488,0.56898,0.07293,15919.64233,97280.0,128415.80078,48.64,0.78623,-0.80958,0.57031,0.92,0.1,0.6,0.95,0.0,0.0,1.0,1.0,1.0,0.01526,194560,141775,36811,15974,141775,0,141775,128324,36811,21698,13451,141775,760
3,239,0.8486,0.25434,0.00364,0.14795,0.07623,0.19166,0.857,230,1.0,0.71827,0.19475,0.08698,0.71827,0.0,0.90466,0.58436,0.09534,0.56774,0.0721,15819.70337,97280.0,127770.66016,48.64,0.79036,-0.823,0.60857,0.92,0.1,0.6,0.95,0.0,0.0,1.0,1.0,1.0,0.01479,194560,139747,37891,16922,139747,0,139747,126424,37891,22142,13323,139747,760
3,240,0.849,0.26004,0.0037,0.15059,0.07916,0.1938,0.857,230,1.0,0.71793,0.19877,0.0833,0.71793,0.0,0.88588,0.58529,0.11412,0.56832,0.08602,16114.36426,97280.0,128073.80664,48.64,0.79468,-0.81548,0.63078,0.92,0.1,0.6,0.95,0.0,0.0,1.0,1.0,1.0,0.01432,194560,139681,38673,16206,139681,0,139681,123741,38673,22635,15940,139681,760
3,241,0.8526,0.25006,0.00352,0.14056,0.07794,0.21171,0.857,230,1.0,0.74133,0.17892,0.07974,0.74133,0.0,0.91508,0.59022,0.08492,0.57456,0.06586,15997.58484,97280.0,131377.89258,48.64,0.79268,-0.76408,0.57294,0.92,0.1,0.6,0.95,0.0,0.0,1.0,1.0,1.0,0.01387,194560,144234,34811,15515,144234,0,144234,131985,34811,20546,12249,144234,760
3,242,0.849,0.24314,0.00323,0.14002,0.07238,0.20745,0.857,230,1.0,0.73422,0.18537,0.08041,0.73422,0.0,0.91274,0.60875,0.08726,0.5716,0.06702,15963.93713,97280.0,129794.97363,48.64,0.7911,-0.87362,0.59687,0.92,0.1,0.6,0.95,0.0,0.0,1.0,1.0,1.0,0.01341,194560,142849,36066,15645,142849,0,142849,130384,36066,21955,12465,142849,760
3,243,0.8512,0.25313,0.00377,0.14536,0.07706,0.19984,0.857,230,1.0,0.72875,0.18977,0.08148,0.72875,0.0,0.90886,0.59371,0.09114,0.57186,0.07172,15999.23682,97280.0,129936.38281,48.64,0.79576,-0.76719,0.59989,0.92,0.1,0.6,0.95,0.0,0.0,1.0,1.0,1.0,0.01297,194560,141786,36922,15852,141786,0,141786,128864,36922,21921,12922,141786,760
3,244,0.8544,0.25811,0.00464,0.14842,0.07616,0.21773,0.857,230,1.0,0.71749,0.20296,0.07955,0.71749,0.0,0.88222,0.59093,0.11778,0.56489,0.0915,15962.51379,97280.0,126297.84375,48.64,0.78602,-0.92105,0.62806,0.92,0.1,0.6,0.95,0.0,0.0,1.0,1.0,1.0,0.01253,194560,139595,39487,15478,139595,0,139595,123154,39487,23334,16441,139595,760
3,245,0.8508,0.23825,0.00323,0.13854,0.06839,0.21742,0.857,230,1.0,0.74385,0.18113,0.07502,0.74385,0.0,0.90705,0.59572,0.09295,0.5749,0.0729,16065.70459,97280.0,131561.56348,48.64,0.79618,-0.83444,0.60538,0.92,0.1,0.6,0.95,0.0,0.0,1.0,1.0,1.0,0.0121,194560,144724,35240,14596,144724,0,144724,131272,35240,20993,13452,144724,760
3,246,0.8533,0.25513,0.00371,0.14928,0.07581,0.19032,0.857,230,1.0,0.71194,0.20351,0.08455,0.71194,0.0,0.89374,0.58461,0.10626,0.56549,0.0803,15890.82324,97280.0,126602.57715,48.64,0.78955,-0.83775,0.62283,0.92,0.1,0.6,0.95,0.0,0.0,1.0,1.0,1.0,0.01168,194560,138515,39594,16451,138515,0,138515,123797,39594,23147,14718,138515,760
3,247,0.8522,0.24117,0.00347,0.13627,0.07261,0.22044,0.857,230,1.0,0.74337,0.17723,0.07939,0.74337,0.0,0.92476,0.60089,0.07524,0.57441,0.05781,15751.0498,97280.0,131297.37305,48.64,0.78936,-0.8865,0.56634,0.92,0.1,0.6,0.95,0.0,0.0,1.0,1.0,1.0,0.01126,194560,144631,34482,15447,144631,0,144631,133749,34482,20720,10882,144631,760
3,248,0.856,0.2674,0.00382,0.15402,0.08093,0.21442,0.857,230,1.0,0.71077,0.20353,0.08571,0.71077,0.0,0.88898,0.57409,0.11102,0.5646,0.08698,15852.99548,97280.0,126149.11035,48.64,0.78628,-0.86797,0.61718,0.92,0.1,0.6,0.95,0.0,0.0,1.0,1.0,1.0,0.01085,194560,138287,39598,16675,138287,0,138287,122935,39598,22733,15352,138287,760
3,249,0.8508,0.24735,0.00353,0.14247,0.07419,0.20502,0.857,230,1.0,0.73959,0.1829,0.07751,0.73959,0.0,0.91559,0.58831,0.08441,0.57386,0.06807,15903.69678,97280.0,131003.35742,48.64,0.79497,-0.74651,0.58422,0.92,0.1,0.6,0.95,0.0,0.0,1.0,1.0,1.0,0.01044,194560,143895,35585,15080,143895,0,143895,131749,35585,20935,12146,143895,760
3,250,0.8514,0.2462,0.00364,0.14139,0.07241,0.22099,0.857,230,1.0,0.73768,0.1838,0.07852,0.73768,0.0,0.9156,0.59612,0.0844,0.57366,0.06883,15843.71948,97280.0,130896.36816,48.64,0.79402,-0.74939,0.58383,0.92,0.1,0.6,0.95,0.0,0.0,1.0,1.0,1.0,0.01005,194560,143523,35761,15276,143523,0,143523,131410,35761,21318,12113,143523,760
3,251,0.8525,0.26522,0.00377,0.15399,0.07985,0.20272,0.857,230,1.0,0.71256,0.20152,0.08592,0.71256,0.0,0.8986,0.58519,0.1014,0.56633,0.07784,15771.02881,97280.0,127037.5459,48.64,0.78884,-0.85766,0.61484,0.92,0.1,0.6,0.95,0.0,0.0,1.0,1.0,1.0,0.00966,194560,138636,39208,16716,138636,0,138636,124579,39208,22944,14057,138636,760
3,252,0.8499,0.24138,0.00334,0.13886,0.07187,0.20703,0.857,230,1.0,0.7526,0.17112,0.07627,0.7526,0.0,0.93192,0.6059,0.06808,0.57938,0.05492,15894.59253,97280.0,133996.70801,48.64,0.79909,-0.71766,0.55299,0.92,0.1,0.6,0.95,0.0,0.0,1.0,1.0,1.0,0.00928,194560,146426,33294,14840,146426,0,146426,136458,33294,20173,9968,146426,760
3,253,0.8532,0.24195,0.00341,0.1436,0.06929,0.18866,0.857,230,1.0,0.73455,0.18575,0.07969,0.73455,0.0,0.91533,0.6031,0.08467,0.57582,0.06655,16120.54333,97280.0,132054.05469,48.64,0.80779,-0.71604,0.63721,0.92,0.1,0.6,0.95,0.0,0.0,1.0,1.0,1.0,0.0089,194560,142915,36140,15505,142915,0,142915,130814,36140,21796,12101,142915,760
3,254,0.8548,0.24835,0.00386,0.14503,0.07249,0.20399,0.857,230,1.0,0.74546,0.17681,0.07773,0.74546,0.0,0.92233,0.60337,0.07767,0.57867,0.0601,16099.66125,97280.0,133607.24902,48.64,0.8061,-0.72768,0.60369,0.92,0.1,0.6,0.95,0.0,0.0,1.0,1.0,1.0,0.00853,194560,145036,34400,15124,145036,0,145036,133771,34400,20756,11265,145036,760
3,255,0.8532,0.25356,0.00376,0.14533,0.07653,0.20777,0.857,230,1.0,0.72769,0.18789,0.08442,0.72769,0.0,0.91906,0.59637,0.08094,0.56972,0.0638,15658.46765,97280.0,128805.85547,48.64,0.78644,-0.90523,0.58893,0.92,0.1,0.6,0.95,0.0,0.0,1.0,1.0,1.0,0.00817,194560,141579,36556,16425,141579,0,141579,130120,36556,21801,11459,141579,760
3,256,0.8546,0.24639,0.00392,0.14481,0.07136,0.19683,0.857,230,1.0,0.73388,0.18836,0.07777,0.73388,0.0,0.90692,0.59055,0.09308,0.57308,0.07122,16084.76758,97280.0,130585.13574,48.64,0.80203,-0.75119,0.63583,0.92,0.1,0.6,0.95,0.0,0.0,1.0,1.0,1.0,0.00782,194560,142783,36647,15130,142783,0,142783,129493,36647,21642,13290,142783,760
3,257,0.8506,0.24369,0.00358,0.1416,0.07073,0.21271,0.857,230,1.0,0.74308,0.17937,0.07755,0.74308,0.0,0.92139,0.60373,0.07861,0.5773,0.06016,15999.52014,97280.0,132857.62012,48.64,0.80377,-0.7414,0.6134,0.92,0.1,0.6,0.95,0.0,0.0,1.0,1.0,1.0,0.00748,194560,144574,34898,15088,144574,0,144574,133209,34898,21069,11365,144574,760
3,258,0.853,0.27596,0.00403,0.16038,0.08337,0.20654,0.857,230,1.0,0.70768,0.20223,0.09009,0.70768,0.0,0.89499,0.57274,0.10501,0.56426,0.08297,15651.375,97280.0,125971.71387,48.64,0.7857,-0.86588,0.6186,0.92,0.1,0.6,0.95,0.0,0.0,1.0,1.0,1.0,0.00714,194560,137687,39346,17527,137687,0,137687,123228,39346,22535,14459,137687,760
3,259,0.8542,0.2407,0.00354,0.14156,0.06799,0.21309,0.857,230,1.0,0.75193,0.17391,0.07416,0.75193,0.0,0.91793,0.59499,0.08207,0.57891,0.0637,15997.95483,97280.0,133740.67676,48.64,0.80318,-0.74866,0.59635,0.92,0.1,0.6,0.95,0.0,0.0,1.0,1.0,1.0,0.00681,194560,146296,33836,14428,146296,0,146296,134290,33836,20132,12006,146296,760
3,260,0.8473,0.24952,0.00358,0.14769,0.07142,0.20376,0.857,230,1.0,0.7342,0.18974,0.07606,0.7342,0.0,0.90949,0.58877,0.09051,0.57456,0.06875,16049.96875,97280.0,131375.74023,48.64,0.80623,-0.75139,0.63968,0.92,0.1,0.6,0.95,0.0,0.0,1.0,1.0,1.0,0.00648,194560,142846,36916,14798,142846,0,142846,129917,36916,21735,12929,142846,760
3,261,0.8478,0.25128,0.00365,0.14722,0.07206,0.21684,0.857,230,1.0,0.7324,0.18777,0.07983,0.7324,0.0,0.90923,0.58837,0.09077,0.57432,0.06907,15936.47937,97280.0,131247.90137,48.64,0.80175,-0.78178,0.62105,0.92,0.1,0.6,0.95,0.0,0.0,1.0,1.0,1.0,0.00617,194560,142496,36533,15531,142496,0,142496,129562,36533,21495,12934,142496,760
3,262,0.8494,0.24347,0.00432,0.14167,0.06971,0.21501,0.857,230,1.0,0.75207,0.17397,0.07396,0.75207,0.0,0.9207,0.58844,0.0793,0.5818,0.06394,16170.646,97280.0,135334.44531,48.64,0.8134,-0.61561,0.61303,0.92,0.1,0.6,0.95,0.0,0.0,1.0,1.0,1.0,0.00586,194560,146323,33847,14390,146323,0,146323,134719,33847,19917,11604,146323,760
3,263,0.8511,0.25532,0.00439,0.14767,0.07388,0.2264,0.857,230,1.0,0.73668,0.18121,0.08211,0.73668,0.0,0.91988,0.57982,0.08012,0.57557,0.06227,15813.0271,97280.0,131919.60254,48.64,0.79843,-0.79602,0.60348,0.92,0.1,0.6,0.95,0.0,0.0,1.0,1.0,1.0,0.00556,194560,143329,35256,15975,143329,0,143329,131846,35256,20442,11483,143329,760
3,264,0.8525,0.25226,0.00401,0.14621,0.07363,0.21535,0.857,230,1.0,0.73253,0.18581,0.08166,0.73253,0.0,0.91929,0.59327,0.08071,0.57429,0.06204,15855.46643,97280.0,131232.64648,48.64,0.79887,-0.77382,0.61103,0.92,0.1,0.6,0.95,0.0,0.0,1.0,1.0,1.0,0.00527,194560,142521,36152,15887,142521,0,142521,131018,36152,21448,11503,142521,760
3,265,0.8525,0.24255,0.0041,0.14361,0.06677,0.21865,0.857,230,1.0,0.74927,0.17851,0.07222,0.74927,0.0,0.91807,0.58867,0.08193,0.57975,0.0633,16156.57397,97280.0,134202.13184,48.64,0.81145,-0.75822,0.63453,0.92,0.1,0.6,0.95,0.0,0.0,1.0,1.0,1.0,0.00498,194560,145778,34731,14051,145778,0,145778,133835,34731,20445,11943,145778,760
3,266,0.8492,0.24432,0.00407,0.14326,0.06911,0.21599,0.857,230,1.0,0.74772,0.17877,0.0735,0.74772,0.0,0.92002,0.59675,0.07998,0.58028,0.06215,16177.75244,97280.0,134494.19141,48.64,0.81376,-0.68551,0.64159,0.92,0.1,0.6,0.95,0.0,0.0,1.0,1.0,1.0,0.0047,194560,145477,34782,14301,145477,0,145477,133842,34782,20756,11635,145477,760
3,267,0.8527,0.23802,0.00354,0.13874,0.06674,0.22786,0.857,230,1.0,0.75418,0.17116,0.07466,0.75418,0.0,0.93202,0.60443,0.06798,0.57934,0.05482,15878.14685,97280.0,133973.38477,48.64,0.80035,-0.75699,0.58128,0.92,0.1,0.6,0.95,0.0,0.0,1.0,1.0,1.0,0.00443,194560,146734,33301,14525,146734,0,146734,136759,33301,20128,9975,146734,760
3,268,0.8528,0.24896,0.00378,0.14478,0.07091,0.22914,0.857,230,1.0,0.73788,0.18207,0.08005,0.73788,0.0,0.92254,0.59282,0.07746,0.57499,0.0618,15767.95593,97280.0,131610.31152,48.64,0.79794,-0.78707,0.6045,0.92,0.1,0.6,0.95,0.0,0.0,1.0,1.0,1.0,0.00417,194560,143562,35424,15574,143562,0,143562,132441,35424,21000,11121,143562,760
3,269,0.8546,0.2583,0.00443,0.14987,0.07339,0.23773,0.857,230,1.0,0.73283,0.1854,0.08176,0.73283,0.0,0.91812,0.58963,0.08188,0.57487,0.06435,15864.1936,97280.0,131543.06543,48.64,0.80047,-0.76574,0.60887,0.92,0.1,0.6,0.95,0.0,0.0,1.0,1.0,1.0,0.00392,194560,142580,36072,15908,142580,0,142580,130905,36072,21269,11675,142580,760
3,270,0.8553,0.25263,0.00433,0.14712,0.07183,0.22669,0.857,230,1.0,0.73802,0.18336,0.07862,0.73802,0.0,0.92337,0.59326,0.07663,0.57639,0.06313,15942.77917,97280.0,132364.81445,48.64,0.80444,-0.65844,0.60831,0.92,0.1,0.6,0.95,0.0,0.0,1.0,1.0,1.0,0.00367,194560,143589,35674,15297,143589,0,143589,132586,35674,21164,11003,143589,760
3,271,0.8547,0.23599,0.00376,0.13863,0.06494,0.22509,0.857,230,1.0,0.75773,0.16911,0.07316,0.75773,0.0,0.93551,0.60346,0.06449,0.58296,0.05013,16051.05457,97280.0,135982.46973,48.64,0.81033,-0.69731,0.58484,0.92,0.1,0.6,0.95,0.0,0.0,1.0,1.0,1.0,0.00343,194560,147424,32902,14234,147424,0,147424,137916,32902,19855,9508,147424,760
3,272,0.8558,0.2532,0.00396,0.15122,0.07045,0.20915,0.857,230,1.0,0.73394,0.18299,0.08306,0.73394,0.0,0.92277,0.59175,0.07723,0.57623,0.06176,15880.58716,97280.0,132276.83789,48.64,0.80715,-0.73099,0.64528,0.92,0.1,0.6,0.95,0.0,0.0,1.0,1.0,1.0,0.0032,194560,142796,35603,16161,142796,0,142796,131768,35603,21068,11028,142796,760
3,273,0.8572,0.25854,0.00447,0.15408,0.07119,0.22242,0.8572,273,1.0,0.73491,0.1852,0.07988,0.73491,0.0,0.91905,0.58904,0.08095,0.57759,0.06262,16059.56445,97280.0,133016.37402,48.64,0.81239,-0.66287,0.64782,0.92,0.1,0.6,0.95,0.0,0.0,1.0,1.0,1.0,0.00298,194560,142985,36033,15542,142985,0,142985,131410,36033,21225,11575,142985,760
3,274,0.856,0.24842,0.00422,0.14721,0.06904,0.21575,0.8572,273,1.0,0.74799,0.1784,0.07361,0.74799,0.0,0.92821,0.60484,0.07179,0.58181,0.05596,16148.24573,97280.0,135340.34863,48.64,0.81691,-0.61549,0.62883,0.92,0.1,0.6,0.95,0.0,0.0,1.0,1.0,1.0,0.00276,194560,145528,34710,14322,145528,0,145528,135081,34710,20994,10447,145528,760
3,275,0.8555,0.26034,0.00494,0.15212,0.07227,0.24292,0.8572,273,1.0,0.73362,0.18711,0.07926,0.73362,0.0,0.91784,0.5825,0.08216,0.57303,0.06509,15755.67651,97280.0,130555.82324,48.64,0.79606,-0.8435,0.61956,0.92,0.1,0.6,0.95,0.0,0.0,1.0,1.0,1.0,0.00256,194560,142734,36405,15421,142734,0,142734,131007,36405,21206,11727,142734,760
3,276,0.856,0.24957,0.00409,0.14737,0.06838,0.23197,0.8572,273,1.0,0.73933,0.18113,0.07954,0.73933,0.0,0.92942,0.59038,0.07058,0.57618,0.05773,15803.98071,97280.0,132250.71387,48.64,0.80025,-0.76081,0.59767,0.92,0.1,0.6,0.95,0.0,0.0,1.0,1.0,1.0,0.00236,194560,143845,35240,15475,143845,0,143845,133692,35240,20805,10153,143845,760
3,277,0.8558,0.24385,0.00411,0.14415,0.06675,0.22614,0.8572,273,1.0,0.75022,0.17509,0.07469,0.75022,0.0,0.93432,0.59795,0.06568,0.57945,0.05387,15934.36426,97280.0,134037.58398,48.64,0.80774,-0.72164,0.61253,0.92,0.1,0.6,0.95,0.0,0.0,1.0,1.0,1.0,0.00216,194560,145963,34065,14532,145963,0,145963,136376,34065,20369,9587,145963,760
3,278,0.853,0.25131,0.00518,0.14662,0.07025,0.22885,0.8572,273,1.0,0.74807,0.17618,0.07576,0.74807,0.0,0.93545,0.61207,0.06455,0.58306,0.05211,16237.93909,97280.0,136037.22461,48.64,0.82178,-0.57364,0.63824,0.92,0.1,0.6,0.95,0.0,0.0,1.0,1.0,1.0,0.00198,194560,145544,34277,14739,145544,0,145544,136149,34277,20980,9395,145544,760
3,279,0.8583,0.26175,0.00538,0.15581,0.07064,0.23382,0.8583,279,1.0,0.74176,0.18099,0.07725,0.74176,0.0,0.92492,0.58766,0.07508,0.58312,0.05855,16315.38464,97280.0,136070.08984,48.64,0.82538,-0.54401,0.65629,0.92,0.1,0.6,0.95,0.0,0.0,1.0,1.0,1.0,0.00181,194560,144317,35214,15029,144317,0,144317,133482,35214,20694,10835,144317,760
3,280,0.8555,0.26412,0.00516,0.15613,0.07291,0.23092,0.8583,279,1.0,0.73779,0.18304,0.07917,0.73779,0.0,0.92943,0.59601,0.07057,0.57808,0.05912,15969.43872,97280.0,133283.23633,48.64,0.80868,-0.599,0.60245,0.92,0.1,0.6,0.95,0.0,0.0,1.0,1.0,1.0,0.00164,194560,143545,35612,15403,143545,0,143545,133415,35612,21225,10130,143545,760
3,281,0.8548,0.25663,0.00579,0.15292,0.06802,0.23747,0.8583,279,1.0,0.75361,0.17373,0.07266,0.75361,0.0,0.93206,0.60673,0.06794,0.58698,0.05435,16466.10779,97280.0,138251.92578,48.64,0.83155,-0.49964,0.65116,0.92,0.1,0.6,0.95,0.0,0.0,1.0,1.0,1.0,0.00148,194560,146623,33801,14136,146623,0,146623,136662,33801,20508,9961,146623,760
3,282,0.8549,0.27819,0.00615,0.16255,0.07769,0.24565,0.8583,279,1.0,0.71423,0.19807,0.0877,0.71423,0.0,0.91633,0.58222,0.08367,0.57025,0.06715,15751.32507,97280.0,129085.3584,48.64,0.79886,-0.70424,0.63465,0.92,0.1,0.6,0.95,0.0,0.0,1.0,1.0,1.0,0.00133,194560,138960,38537,17063,138960,0,138960,127333,38537,22437,11627,138960,760
3,283,0.8552,0.268,0.00589,0.15956,0.07092,0.24907,0.8583,279,1.0,0.73355,0.18584,0.08061,0.73355,0.0,0.92474,0.57649,0.07526,0.57677,0.06232,15921.98706,97280.0,132571.85645,48.64,0.80916,-0.65965,0.63279,0.92,0.1,0.6,0.95,0.0,0.0,1.0,1.0,1.0,0.00119,194560,142719,36157,15684,142719,0,142719,131978,36157,20844,10741,142719,760
3,284,0.8567,0.27294,0.00637,0.16076,0.07463,0.2413,0.8583,279,1.0,0.72707,0.19019,0.08274,0.72707,0.0,0.92707,0.59241,0.07293,0.57624,0.05962,15980.48438,97280.0,132282.32129,48.64,0.81193,-0.57187,0.6322,0.92,0.1,0.6,0.95,0.0,0.0,1.0,1.0,1.0,0.00105,194560,141459,37003,16098,141459,0,141459,131143,37003,21921,10316,141459,760
3,285,0.8559,0.26203,0.0057,0.15524,0.07004,0.24312,0.8583,279,1.0,0.73774,0.1836,0.07866,0.73774,0.0,0.93138,0.59665,0.06862,0.5786,0.05549,16012.2915,97280.0,133567.29492,48.64,0.81357,-0.58899,0.61756,0.92,0.1,0.6,0.95,0.0,0.0,1.0,1.0,1.0,0.00092,194560,143534,35721,15305,143534,0,143534,133685,35721,21313,9849,143534,760
3,286,0.8569,0.26903,0.0069,0.16052,0.07168,0.23321,0.8583,279,1.0,0.74738,0.17691,0.0757,0.74738,0.0,0.93686,0.61441,0.06314,0.5853,0.05237,16419.3418,97280.0,137297.93848,48.64,0.83114,-0.4343,0.63647,0.92,0.1,0.6,0.95,0.0,0.0,1.0,1.0,1.0,0.0008,194560,145411,34420,14729,145411,0,145411,136230,34420,21148,9181,145411,760
3,287,0.8553,0.27478,0.00608,0.16539,0.07349,0.23096,0.8583,279,1.0,0.73038,0.19002,0.07959,0.73038,0.0,0.925,0.58522,0.075,0.57827,0.06262,16140.42444,97280.0,133389.51172,48.64,0.81994,-0.48427,0.64197,0.92,0.1,0.6,0.95,0.0,0.0,1.0,1.0,1.0,0.00069,194560,142103,36971,15486,142103,0,142103,131445,36971,21636,10658,142103,760
3,288,0.857,0.27348,0.0069,0.16101,0.07181,0.27009,0.8583,279,1.0,0.73321,0.1873,0.07949,0.73321,0.0,0.93038,0.59637,0.06962,0.57691,0.05836,16002.64148,97280.0,132649.91406,48.64,0.8087,-0.54167,0.59232,0.92,0.1,0.6,0.95,0.0,0.0,1.0,1.0,1.0,0.00059,194560,142653,36442,15465,142653,0,142653,132722,36442,21733,9931,142653,760
3,289,0.8581,0.28926,0.00778,0.17299,0.07772,0.23679,0.8583,279,1.0,0.71776,0.19661,0.08563,0.71776,0.0,0.92376,0.58563,0.07624,0.57546,0.06229,16121.07495,97280.0,131861.20312,48.64,0.82046,-0.52245,0.67271,0.92,0.1,0.6,0.95,0.0,0.0,1.0,1.0,1.0,0.0005,194560,139647,38253,16660,139647,0,139647,129000,38253,22402,10647,139647,760
3,290,0.8562,0.28612,0.00933,0.16891,0.07495,0.25678,0.8583,279,1.0,0.72706,0.19024,0.0827,0.72706,0.0,0.93414,0.60453,0.06586,0.57894,0.05602,16198.15771,97280.0,133754.2041,48.64,0.82251,-0.41312,0.6157,0.92,0.1,0.6,0.95,0.0,0.0,1.0,1.0,1.0,0.00041,194560,141456,37014,16090,141456,0,141456,132140,37014,22376,9316,141456,760
3,291,0.8549,0.29231,0.00913,0.17417,0.07617,0.25624,0.8583,279,1.0,0.71991,0.19399,0.0861,0.71991,0.0,0.92558,0.59153,0.07442,0.57665,0.06209,16145.92993,97280.0,132507.13867,48.64,0.81871,-0.49182,0.64174,0.92,0.1,0.6,0.95,0.0,0.0,1.0,1.0,1.0,0.00033,194560,140065,37743,16752,140065,0,140065,129641,37743,22326,10424,140065,760
3,292,0.8555,0.27588,0.00987,0.16287,0.06997,0.26473,0.8583,279,1.0,0.73776,0.18631,0.07593,0.73776,0.0,0.93511,0.61392,0.06489,0.582,0.05397,16355.34338,97280.0,135444.74414,48.64,0.82737,-0.478,0.64054,0.92,0.1,0.6,0.95,0.0,0.0,1.0,1.0,1.0,0.00026,194560,143538,36249,14773,143538,0,143538,134224,36249,22254,9314,143538,760
3,293,0.856,0.28777,0.00941,0.17095,0.07455,0.25637,0.8583,279,1.0,0.72123,0.19471,0.08406,0.72123,0.0,0.93162,0.59759,0.06838,0.5755,0.05801,16016.03345,97280.0,131886.13867,48.64,0.8172,-0.51459,0.6276,0.92,0.1,0.6,0.95,0.0,0.0,1.0,1.0,1.0,0.0002,194560,140323,37882,16355,140323,0,140323,130728,37882,22638,9595,140323,760
3,294,0.8566,0.29295,0.00999,0.17407,0.07601,0.25698,0.8583,279,1.0,0.7202,0.19598,0.08383,0.7202,0.0,0.92939,0.59962,0.07061,0.57592,0.05931,16144.48206,97280.0,132111.3584,48.64,0.82197,-0.48237,0.65336,0.92,0.1,0.6,0.95,0.0,0.0,1.0,1.0,1.0,0.00015,194560,140122,38129,16309,140122,0,140122,130228,38129,22863,9894,140122,760
3,295,0.8543,0.30072,0.01117,0.18014,0.07666,0.25482,0.8583,279,1.0,0.71744,0.1976,0.08495,0.71744,0.0,0.92786,0.5836,0.07214,0.57362,0.06256,15954.98804,97280.0,130875.44434,48.64,0.81307,-0.51987,0.61618,0.92,0.1,0.6,0.95,0.0,0.0,1.0,1.0,1.0,0.0001,194560,139586,38446,16528,139586,0,139586,129516,38446,22437,10070,139586,760
3,296,0.8552,0.29027,0.01167,0.17034,0.07481,0.26577,0.8583,279,1.0,0.7294,0.1929,0.07769,0.7294,0.0,0.93336,0.59945,0.06664,0.58053,0.05604,16371.87708,97280.0,134631.35645,48.64,0.83153,-0.39359,0.64229,0.92,0.1,0.6,0.95,0.0,0.0,1.0,1.0,1.0,0.0001,194560,141913,37531,15116,141913,0,141913,132456,37531,22498,9457,141913,760
3,297,0.8573,0.28991,0.01196,0.17044,0.07343,0.27231,0.8583,279,1.0,0.72817,0.19296,0.07887,0.72817,0.0,0.93186,0.60469,0.06814,0.57828,0.05658,16163.27063,97280.0,133392.69434,48.64,0.82286,-0.48214,0.64191,0.92,0.1,0.6,0.95,0.0,0.0,1.0,1.0,1.0,0.0001,194560,141673,37543,15344,141673,0,141673,132019,37543,22702,9654,141673,760
3,298,0.8576,0.29288,0.0103,0.17282,0.07567,0.27017,0.8583,279,1.0,0.72181,0.19554,0.08264,0.72181,0.0,0.92775,0.5902,0.07225,0.57717,0.05809,16141.95435,97280.0,132788.37891,48.64,0.8227,-0.52048,0.65463,0.92,0.1,0.6,0.95,0.0,0.0,1.0,1.0,1.0,0.0001,194560,140436,38045,16079,140436,0,140436,130290,38045,22454,10146,140436,760
3,299,0.8559,0.29902,0.0109,0.17636,0.0767,0.27772,0.8583,279,1.0,0.71241,0.20064,0.08695,0.71241,0.0,0.92282,0.58304,0.07718,0.57151,0.06489,15867.81848,97280.0,129749.94141,48.64,0.80784,-0.63015,0.63838,0.92,0.1,0.6,0.95,0.0,0.0,1.0,1.0,1.0,0.0001,194560,138606,39037,16917,138606,0,138606,127908,39037,22760,10698,138606,760
3,300,0.8555,0.29643,0.00944,0.17676,0.07787,0.25163,0.8583,279,1.0,0.71347,0.20045,0.08609,0.71347,0.0,0.92062,0.57553,0.07938,0.57353,0.06628,16002.05713,97280.0,130826.00977,48.64,0.8167,-0.55546,0.65712,0.92,0.1,0.6,0.95,0.0,0.0,1.0,1.0,1.0,0.0001,194560,138812,38999,16749,138812,0,138812,127793,38999,22445,11019,138812,760
