loss,L_sup,L_A,L_B,L_proto,n_batches,cnt_u,cnt_a,cnt_b,cnt_c,hce_all,hce_hc,hce_den_hc,a_correct,a_total,b_correct,b_total,lr,gate,aux_scale,tau0,delta0,eta_B,tau_warmup,a_ratio_cap,use_a_for_proto,lambda_A_scale,round,acc,phase
1.996891571659791,1.745450515260822,0.2514410534614734,0.0,2.0766662352963494,95.0,24320.0,1463.375,0.0,22856.625,18445.875,907.5,1472.625,555.875,1463.375,0.0,0.0,0.09999725846827562,0.0,0.0,0.92,0.09999999999999999,0.6,0.9500000000000001,0.39999999999999997,1.0,1.0,1,0.1109,1
1.762265592342929,1.5095789772115256,0.2526866156218794,0.0,2.229901644430662,95.0,24320.0,1372.5,0.0,22947.5,18832.375,902.75,1372.5,469.75,1372.5,0.0,0.0,0.09998903417374227,0.0,0.0,0.92,0.09999999999999999,0.6,0.9500000000000001,0.39999999999999997,1.0,1.0,2,0.1622,1
1.5316566195927166,1.2770423722894568,0.25461424674324107,0.0,2.2305357280530425,95.0,24320.0,1913.375,0.0,22406.625,18035.125,1200.75,1913.375,712.625,1913.375,0.0,0.0,0.09997532801828658,0.0,0.0,0.92,0.09999999999999999,0.6,0.9500000000000001,0.39999999999999997,1.0,1.0,3,0.3161,1
1.3752586454937334,1.0921692667038818,0.2830893793768298,0.0,2.0895971662119814,95.0,24320.0,2788.375,0.0,21531.625,17281.625,1561.5,2788.375,1226.875,2788.375,0.0,0.0,0.09995614150494292,0.0,0.0,0.92,0.09999999999999999,0.6,0.9500000000000001,0.39999999999999997,1.0,1.0,4,0.3009,1
1.4350549570823972,1.10865254351183,0.3264024138904029,0.0,2.2150992882879157,95.0,24320.0,2798.5,0.0,21521.5,16343.75,1326.25,2799.625,1472.25,2798.5,0.0,0.0,0.0999314767377287,0.0,0.0,0.92,0.09999999999999999,0.6,0.9500000000000001,0.39999999999999997,1.0,1.0,5,0.3042,1
1.2864477421892317,0.9423360761058958,0.3441116662904326,0.0,2.1363020870246388,95.0,24320.0,3100.125,0.0,21219.875,16404.875,1656.0,3100.125,1444.125,3100.125,0.0,0.0,0.09990133642141358,0.0,0.0,0.92,0.09999999999999999,0.6,0.9500000000000001,0.39999999999999997,1.0,1.0,6,0.3488,1
1.2782425506726691,0.9239589775471311,0.35428357416959977,0.0,2.2143953980583895,95.0,24320.0,3468.125,0.0,20851.875,17259.625,1860.0,3468.125,1608.125,3468.125,0.0,0.0,0.09986572386122292,0.0,0.0,0.92,0.09999999999999999,0.6,0.9500000000000001,0.39999999999999997,1.0,1.0,7,0.3473,1
1.1456221906762374,0.7760578864107006,0.36956430419201125,0.0,2.1389723261720253,95.0,24320.0,4013.25,0.0,20306.75,14559.25,1439.75,4013.25,2573.5,4013.25,0.0,0.0,0.09982464296247523,0.0,0.0,0.92,0.09999999999999999,0.6,0.9500000000000001,0.39999999999999997,1.0,1.0,8,0.4701,1
1.0237730174864594,0.6444767964709747,0.37929622018219605,0.0,2.153464907094052,95.0,24320.0,5251.375,0.0,19068.625,15981.125,2609.125,5257.375,2642.25,5251.375,0.0,0.0,0.09977809823015402,0.0,0.0,0.92,0.09999999999999999,0.6,0.9500000000000001,0.39999999999999997,1.0,1.0,9,0.3649,1
0.9258383320350396,0.5283754003773394,0.3974629320596394,0.0,2.0507132837646886,95.0,24320.0,6300.0,0.0,18020.0,15517.25,2933.25,6345.875,3366.75,6300.0,0.0,0.0,0.09972609476841367,0.0,0.0,0.92,0.09999999999999999,0.6,0.9500000000000001,0.39999999999999997,1.0,1.0,10,0.4382,1
0.9034094553636879,0.49315081171103214,0.41025864570156517,0.0,2.042775309713263,95.0,24320.0,6317.0,0.0,18003.0,16853.5,3479.125,6330.25,2837.875,6317.0,0.0,0.0,0.09966863828001982,0.0,0.0,0.92,0.09999999999999999,0.6,0.9500000000000001,0.39999999999999997,1.0,1.0,11,0.4465,1
0.8137430599645564,0.40399923537318644,0.40974382570405543,0.0,2.1178434445669776,95.0,24320.0,7128.375,0.0,17191.625,13345.75,2455.875,7220.125,4672.5,7128.375,0.0,0.0,0.0996057350657239,0.0,0.0,0.92,0.09999999999999999,0.6,0.9500000000000001,0.39999999999999997,1.0,1.0,12,0.4185,1
0.7898898628589353,0.3744324969225808,0.41545736452466564,0.0,1.9973438032363589,95.0,24320.0,7454.125,0.0,16865.875,16116.875,3821.125,7520.875,3633.0,7454.125,0.0,0.0,0.09953739202357217,0.0,0.0,0.92,0.09999999999999999,0.6,0.9500000000000001,0.39999999999999997,1.0,1.0,13,0.5159,1
0.7544757900269409,0.32603747946651357,0.42843831195250937,0.0,1.969744432443067,95.0,24320.0,7757.875,0.0,16562.125,15684.25,4089.125,7955.875,3668.75,7757.875,0.0,0.0,0.09946361664814941,0.0,0.0,0.92,0.09999999999999999,0.6,0.9500000000000001,0.39999999999999997,1.0,1.0,14,0.5247,1
0.7090940726430792,0.28502368282918866,0.4240703888237476,0.0,1.9776187023049907,95.0,24320.0,8377.125,0.0,15942.875,13419.25,3073.875,8617.75,5303.25,8377.125,0.0,0.0,0.09938441702975688,0.0,0.0,0.92,0.09999999999999999,0.6,0.9500000000000001,0.39999999999999997,1.0,1.0,15,0.4754,1
0.722137298415366,0.30154135140443317,0.4205959480549944,0.0,2.0178666160294885,95.0,24320.0,8097.125,0.0,16222.875,14182.75,3436.875,8488.875,4660.25,8097.125,0.0,0.0,0.09929980185352526,0.0,0.0,0.92,0.09999999999999999,0.6,0.9500000000000001,0.39999999999999997,1.0,1.0,16,0.5713,1
0.7076828278209033,0.2811467304776766,0.42653609824023747,0.0,1.9786674555979276,95.0,24320.0,8509.125,0.0,15810.875,14969.0,3983.5,8884.75,4525.625,8509.125,0.0,0.0,0.09920978039846208,0.0,0.0,0.92,0.09999999999999999,0.6,0.9500000000000001,0.39999999999999997,1.0,1.0,17,0.4522,1
0.700546926220781,0.2869898111314365,0.4135571146677984,0.0,1.912027503785334,95.0,24320.0,8641.375,0.0,15678.625,13502.625,3325.125,9132.5,5316.25,8641.375,0.0,0.0,0.09911436253643445,0.0,0.0,0.92,0.09999999999999999,0.6,0.9500000000000001,0.39999999999999997,1.0,1.0,18,0.4939,1
0.6337254065628115,0.21146199994622486,0.42226340739350576,0.0,1.936433783957833,95.0,24320.0,8758.0,0.0,15562.0,15107.5,3994.125,9187.375,4763.875,8758.0,0.0,0.0,0.0990135587310861,0.0,0.0,0.92,0.09999999999999999,0.6,0.9500000000000001,0.39999999999999997,1.0,1.0,19,0.5611,1
0.6308702841008965,0.214770131685624,0.41610015269957096,0.0,1.9548802397753062,95.0,24320.0,8994.0,0.0,15326.0,14074.0,3707.5,9861.125,5286.5,8994.0,0.0,0.0,0.09890738003669029,0.0,0.0,0.92,0.09999999999999999,0.6,0.9500000000000001,0.39999999999999997,1.0,1.0,20,0.4964,1
0.6002706647507453,0.21620354808768946,0.3840671159130962,0.0,1.9361733996554422,95.0,24320.0,9104.25,0.0,15215.75,13558.5,3656.875,10375.5,5447.375,9104.25,0.0,0.0,0.09879583809693737,0.0,0.0,0.92,0.09999999999999999,0.6,0.9500000000000001,0.39999999999999997,1.0,1.0,21,0.5881,1
0.5874823544762636,0.17492464923446902,0.41255770581529333,0.0,1.9290882229804993,95.0,24320.0,9146.625,0.0,15173.375,12378.125,3011.0,10296.0,6135.625,9146.625,0.0,0.0,0.09867894514365803,0.0,0.0,0.92,0.09999999999999999,0.6,0.9500000000000001,0.39999999999999997,1.0,1.0,22,0.51,1
0.596960597093168,0.1817795864992628,0.41518100986355233,0.0,1.890991140666761,95.0,24320.0,9284.875,0.0,15035.125,13854.75,3941.125,10204.75,5343.75,9284.875,0.0,0.0,0.09855671399548181,0.0,0.0,0.92,0.09999999999999999,0.6,0.9500000000000001,0.39999999999999997,1.0,1.0,23,0.5857,1
0.47264210281795577,0.12626480044625504,0.3463773026572246,0.0,1.8902793928196555,95.0,24320.0,9516.0,0.0,14804.0,13029.25,3584.125,11733.125,5931.875,9516.0,0.0,0.0,0.09842915805643157,0.0,0.0,0.92,0.09999999999999999,0.6,0.9500000000000001,0.39999999999999997,1.0,1.0,24,0.5598,1
0.5234596318026122,0.1552624989374492,0.3681971329607462,0.0,1.9328521885369951,95.0,24320.0,9504.5,0.0,14815.5,10907.0,2473.875,11727.625,7030.625,9504.5,0.0,0.0,0.0982962913144534,0.0,0.0,0.92,0.09999999999999999,0.6,0.9500000000000001,0.39999999999999997,1.0,1.0,25,0.5753,1
0.4942354080316268,0.12465335896091634,0.36958204949960893,0.0,1.8769602992032701,95.0,24320.0,9506.125,0.0,14813.875,12222.0,3138.375,11477.875,6367.75,9506.125,0.0,0.0,0.09815812833988291,0.0,0.0,0.92,0.09999999999999999,0.6,0.9500000000000001,0.39999999999999997,1.0,1.0,26,0.6191,1
0.5010587726768695,0.12627167993004582,0.3747870915716416,0.0,1.8915170144093665,95.0,24320.0,9514.5,0.0,14805.5,13266.0,3530.625,11444.375,5983.875,9514.5,0.0,0.0,0.09801468428384717,0.0,0.0,0.92,0.09999999999999999,0.6,0.9500000000000001,0.39999999999999997,1.0,1.0,27,0.5988,1
0.46093917031233245,0.1253530233926875,0.33558614722109936,0.0,1.8831761990722857,95.0,24320.0,9520.0,0.0,14800.0,13456.75,3939.75,12045.875,5580.25,9520.0,0.0,0.0,0.09786597487660337,0.0,0.0,0.92,0.09999999999999999,0.6,0.9500000000000001,0.39999999999999997,1.0,1.0,28,0.5902,1
0.4966361856970347,0.13810609393557044,0.35853009169038974,0.0,1.9083431392908097,95.0,24320.0,9494.625,0.0,14825.375,11653.75,2877.875,11725.5,6616.75,9494.625,0.0,0.0,0.09771201642581384,0.0,0.0,0.92,0.09999999999999999,0.6,0.9500000000000001,0.39999999999999997,1.0,1.0,29,0.5254,1
0.5039326495245883,0.13545419787620439,0.3684784520221384,0.0,1.8327260751473278,95.0,24320.0,9570.25,0.0,14749.75,13814.875,3950.125,11546.75,5620.125,9570.25,0.0,0.0,0.09755282581475767,0.0,0.0,0.92,0.09999999999999999,0.6,0.9500000000000001,0.39999999999999997,1.0,1.0,30,0.5943,1
0.469672812482244,0.12768171994187133,0.34199109269600164,0.0,1.8378433067547646,95.0,24320.0,9601.875,0.0,14718.125,11977.0,2989.375,12144.0,6612.5,9601.875,0.0,0.0,0.0973884205004793,0.0,0.0,0.92,0.09999999999999999,0.6,0.9500000000000001,0.39999999999999997,1.0,1.0,31,0.579,1
0.5075152149521991,0.1324245629243945,0.3750906525277778,0.0,1.8140098810195922,95.0,24320.0,9515.75,0.0,14804.25,13750.5,3832.5,11286.875,5683.25,9515.75,0.0,0.0,0.09721881851187407,0.0,0.0,0.92,0.09999999999999999,0.6,0.9500000000000001,0.39999999999999997,1.0,1.0,32,0.6039,1
0.45117004426490315,0.1056848449509983,0.3454851995369322,0.0,1.797403665122233,95.0,24320.0,9613.375,0.0,14706.625,12331.25,3112.25,11943.375,6501.125,9613.375,0.0,0.0,0.09704403844771127,0.0,0.0,0.92,0.09999999999999999,0.6,0.9500000000000001,0.39999999999999997,1.0,1.0,33,0.6417,1
0.4526197922367014,0.10680908362846822,0.3458107072271799,0.0,1.8257489463216379,95.0,24320.0,9543.375,0.0,14776.625,12942.125,3582.5,12049.75,5960.875,9543.375,0.0,0.0,0.0968640994745946,0.0,0.0,0.92,0.09999999999999999,0.6,0.9500000000000001,0.39999999999999997,1.0,1.0,34,0.6315,1
0.42404693351372297,0.08747256318303313,0.3365743701493269,0.0,1.8322949906713084,95.0,24320.0,9596.0,0.0,14724.0,12624.875,3369.125,12290.5,6226.875,9596.0,0.0,0.0,0.09667902132486007,0.0,0.0,0.92,0.09999999999999999,0.6,0.9500000000000001,0.39999999999999997,1.0,1.0,35,0.6487,1
0.40407863481852563,0.08393838165180854,0.32014025315446293,0.0,1.7751075688161346,95.0,24320.0,9609.125,0.0,14710.875,12128.25,3091.5,12648.125,6517.625,9609.125,0.0,0.0,0.09648882429441258,0.0,0.0,0.92,0.09999999999999999,0.6,0.9500000000000001,0.39999999999999997,1.0,1.0,36,0.6443,1
0.42473851415867864,0.0877799552142326,0.33695855859274926,0.0,1.7475392073392866,95.0,24320.0,9617.125,0.0,14702.875,12942.125,3465.5,12222.5,6151.625,9617.125,0.0,0.0,0.09629352924049973,0.0,0.0,0.92,0.09999999999999999,0.6,0.9500000000000001,0.39999999999999997,1.0,1.0,37,0.6784,1
0.3846317488602118,0.07484871138892088,0.30978303695783804,0.0,1.7856354042103417,95.0,24320.0,9633.875,0.0,14686.125,9773.375,2135.625,13144.875,7498.25,9633.875,0.0,0.0,0.09609315757942503,0.0,0.0,0.92,0.09999999999999999,0.6,0.9500000000000001,0.39999999999999997,1.0,1.0,38,0.6469,1
0.36940587919793627,0.07304381052044367,0.2963620684452747,0.0,1.7912172389657872,95.0,24320.0,9671.125,0.0,14648.875,10362.625,2327.125,13293.5,7344.0,9671.125,0.0,0.0,0.09588773128419904,0.0,0.0,0.92,0.09999999999999999,0.6,0.9500000000000001,0.39999999999999997,1.0,1.0,39,0.6523,1
0.3565853678621351,0.07391537928365563,0.28266998853926595,0.0,1.8483768710964603,95.0,24320.0,9670.375,0.0,14649.625,10146.0,2296.875,13750.625,7373.5,9670.375,0.0,0.0,0.09567727288213003,0.0,0.0,0.92,0.09999999999999999,0.6,0.9500000000000001,0.39999999999999997,1.0,1.0,40,0.587,1
0.3428190144465158,0.07456237399754556,0.26825664044897024,0.0,1.7534743512931625,95.0,24320.0,9678.625,0.0,14641.375,10342.5,2354.625,14043.875,7324.0,9678.625,0.0,0.0,0.09546180545235344,0.0,0.0,0.92,0.09999999999999999,0.6,0.9500000000000001,0.39999999999999997,1.0,1.0,41,0.6296,1
0.4025877984828855,0.08201002468857424,0.32057777383413755,0.0,1.7719981665674012,95.0,24320.0,9644.625,0.0,14675.375,12044.875,2986.25,12830.0,6658.375,9644.625,0.0,0.0,0.095241352623301,0.0,0.0,0.92,0.09999999999999999,0.6,0.9500000000000001,0.39999999999999997,1.0,1.0,42,0.6231,1
0.3916263212204764,0.07477429318793216,0.3168520277660144,0.0,1.741458258503362,95.0,24320.0,9647.625,0.0,14672.375,12323.75,3067.0,13004.25,6580.625,9647.625,0.0,0.0,0.09501593857010969,0.0,0.0,0.92,0.09999999999999999,0.6,0.9500000000000001,0.39999999999999997,1.0,1.0,43,0.6267,1
0.37735783086207353,0.07832962156236661,0.2990282093615908,0.0,1.7447222977876662,95.0,24320.0,9669.25,0.0,14650.75,11888.75,3028.125,13083.875,6641.125,9669.25,0.0,0.0,0.09478558801197066,0.0,0.0,0.92,0.09999999999999999,0.6,0.9500000000000001,0.39999999999999997,1.0,1.0,44,0.589,1
0.3961352562335761,0.08483891472447125,0.31129634069572937,0.0,1.6810054531222898,95.0,24320.0,9672.25,0.0,14647.75,14188.875,4203.625,13080.5,5468.625,9672.25,0.0,0.0,0.09455032620941839,0.0,0.0,0.92,0.09999999999999999,0.6,0.9500000000000001,0.39999999999999997,1.0,1.0,45,0.6322,1
0.3429966308862755,0.06482343080110456,0.27817320006066243,0.0,1.7110464855244285,95.0,24320.0,9669.0,0.0,14651.0,10750.25,2424.375,13649.0,7244.625,9669.0,0.0,0.0,0.09431017896156074,0.0,0.0,0.92,0.09999999999999999,0.6,0.9500000000000001,0.39999999999999997,1.0,1.0,46,0.6413,1
0.3796649651013707,0.07846759517223721,0.3011973696221646,0.0,1.7014088978892878,95.0,24320.0,9662.875,0.0,14657.125,10489.25,2279.25,13220.0,7383.625,9662.875,0.0,0.0,0.09406517260324962,0.0,0.0,0.92,0.09999999999999999,0.6,0.9500000000000001,0.39999999999999997,1.0,1.0,47,0.6634,1
0.3362829807459523,0.06280978119221368,0.2734731997951473,0.0,1.7077627597670804,95.0,24320.0,9685.25,0.0,14634.75,10458.125,2392.375,13925.5,7292.875,9685.25,0.0,0.0,0.09381533400219319,0.0,0.0,0.92,0.09999999999999999,0.6,0.9500000000000001,0.39999999999999997,1.0,1.0,48,0.6215,1
0.3315061109434617,0.06617061630332548,0.26533549411320373,0.0,1.731498845941142,95.0,24320.0,9687.0,0.0,14633.0,10616.875,2451.125,13845.625,7235.875,9687.0,0.0,0.0,0.09356069055600948,0.0,0.0,0.92,0.09999999999999999,0.6,0.9500000000000001,0.39999999999999997,1.0,1.0,49,0.6514,1
0.3549121058791091,0.0660310678416863,0.2888810382763806,0.0,1.6793959401155774,95.0,24320.0,9684.875,0.0,14635.125,11973.625,3122.625,13380.75,6562.25,9684.875,0.0,0.0,0.09330127018922195,0.0,0.0,0.92,0.09999999999999999,0.6,0.9500000000000001,0.39999999999999997,1.0,1.0,50,0.699,1
0.3342433721023171,0.060035287538286,0.27420808541049296,0.0,1.7068953172156682,95.0,24320.0,9678.875,0.0,14641.125,9213.125,1734.875,13947.75,7944.0,9678.875,0.0,0.0,0.09303710135019717,0.0,0.0,0.92,0.09999999999999999,0.6,0.9500000000000001,0.39999999999999997,1.0,1.0,51,0.7095,1
0.3342419350225675,0.054198946459463944,0.2800429885422713,0.0,1.6748460866903003,95.0,24320.0,9684.625,0.0,14635.375,10658.25,2132.375,13493.75,7552.25,9684.625,0.0,0.0,0.09276821300802535,0.0,0.0,0.92,0.09999999999999999,0.6,0.9500000000000001,0.39999999999999997,1.0,1.0,52,0.6633,1
0.31991339800879354,0.059253406176331305,0.2606599919596001,0.0,1.6346451222896579,95.0,24320.0,9682.25,0.0,14637.75,11256.625,2758.375,13917.5,6923.875,9682.25,0.0,0.0,0.09249463464934321,0.0,0.0,0.92,0.09999999999999999,0.6,0.9500000000000001,0.39999999999999997,1.0,1.0,53,0.6416,1
0.3465650825712242,0.06531682231426729,0.28124825978945744,0.0,1.64195567730226,95.0,24320.0,9681.5,0.0,14638.5,12218.25,3198.0,13644.0,6483.5,9681.5,0.0,0.0,0.09221639627510075,0.0,0.0,0.92,0.09999999999999999,0.6,0.9500000000000001,0.39999999999999997,1.0,1.0,54,0.5829,1
0.31333255789389736,0.06290078273618986,0.2504317749928879,0.0,1.6764569958573894,95.0,24320.0,9687.0,0.0,14633.0,10243.0,2420.75,14183.25,7266.25,9687.0,0.0,0.0,0.0919335283972712,0.0,0.0,0.92,0.09999999999999999,0.6,0.9500000000000001,0.39999999999999997,1.0,1.0,55,0.6976,1
0.314889323569246,0.05393255335909903,0.2609567704806594,0.0,1.6370427621038337,95.0,24320.0,9679.25,0.0,14640.75,10044.25,2051.0,13846.875,7628.25,9679.25,0.0,0.0,0.09164606203550497,0.0,0.0,0.92,0.09999999999999999,0.6,0.9500000000000001,0.39999999999999997,1.0,1.0,56,0.6626,1
0.31878112717286533,0.05171107391422419,0.2670700541011205,0.0,1.6409283628589229,95.0,24320.0,9684.125,0.0,14635.875,10438.625,2271.375,13865.75,7412.75,9684.125,0.0,0.0,0.0913540287137281,0.0,0.0,0.92,0.09999999999999999,0.6,0.9500000000000001,0.39999999999999997,1.0,1.0,57,0.6873,1
0.33797604699962236,0.04913385030936057,0.2888421968066771,0.0,1.6610960110237725,95.0,24320.0,9683.25,0.0,14636.75,10862.125,2454.5,13453.125,7228.75,9683.25,0.0,0.0,0.0910574604566852,0.0,0.0,0.92,0.09999999999999999,0.6,0.9500000000000001,0.39999999999999997,1.0,1.0,58,0.7056,1
0.3253675516694784,0.052946021255890006,0.27242152999694413,0.0,1.6380282047547792,95.0,24320.0,9688.25,0.0,14631.75,10239.375,2374.25,14275.625,7314.0,9688.25,0.0,0.0,0.09075638978642772,0.0,0.0,0.92,0.09999999999999999,0.6,0.9500000000000001,0.39999999999999997,1.0,1.0,59,0.6719,1
0.3243474342615197,0.05529804428316358,0.26904939053286064,0.0,1.6514629277743789,95.0,24320.0,9689.375,0.0,14630.625,11067.5,2611.125,13821.25,7078.25,9689.375,0.0,0.0,0.09045084971874738,0.0,0.0,0.92,0.09999999999999999,0.6,0.9500000000000001,0.39999999999999997,1.0,1.0,60,0.6666,1
0.31015428599754447,0.0588919016183354,0.25126238438839976,0.0,1.6087888239245665,95.0,24320.0,9689.25,0.0,14630.75,9307.25,1822.625,14468.625,7866.625,9689.25,0.0,0.0,0.09014087375955572,0.0,0.0,0.92,0.09999999999999999,0.6,0.9500000000000001,0.39999999999999997,1.0,1.0,61,0.6682,1
0.2715774734798623,0.046313738863376024,0.22526373453928453,0.0,1.5902825731980175,95.0,24320.0,9690.0,0.0,14630.0,9240.0,1651.75,14525.625,8038.25,9690.0,0.0,0.0,0.08982649590120982,0.0,0.0,0.92,0.09999999999999999,0.6,0.9500000000000001,0.39999999999999997,1.0,1.0,62,0.7336,1
0.2878651296131705,0.047430184513244676,0.2404349448208354,0.0,1.6433008059075005,95.0,24320.0,9689.5,0.0,14630.5,11162.125,2690.5,14502.375,6999.0,9689.5,0.0,0.0,0.08950775061878452,0.0,0.0,0.92,0.09999999999999999,0.6,0.9500000000000001,0.39999999999999997,1.0,1.0,63,0.7057,1
0.3068811266535991,0.04129833133958624,0.24516290970342725,0.7807774226524328,1.609482038648505,95.0,24320.0,9687.75,11890.375,2741.875,10041.375,2147.875,14159.75,7539.875,9687.75,5912.125,11890.375,0.089184672866292,0.0,0.037037037037037035,0.92,0.09999999999999999,0.6,0.9500000000000001,0.39999999999999997,1.0,1.0,64,0.7209,1
0.28774416959403376,0.03499818822142276,0.2138412695329048,0.7333964387445074,1.5851538764803033,95.0,24320.0,9690.0,12187.875,2442.125,9116.25,1542.75,14887.125,8147.25,9690.0,6321.75,12187.875,0.08885729807284856,0.0,0.07407407407407407,0.92,0.09999999999999999,0.6,0.9500000000000001,0.39999999999999997,1.0,1.0,65,0.6628,1
0.3458490708940908,0.055030764553138344,0.23163143325793115,0.7482623179492198,1.5855069183989574,95.0,24320.0,9682.625,11961.75,2675.625,9954.75,2199.25,14272.375,7483.375,9682.625,6097.625,11961.75,0.08852566213878946,0.0,0.11111111111111113,0.92,0.09999999999999999,0.6,0.9500000000000001,0.39999999999999997,1.0,1.0,66,0.6692,1
0.33786563488997906,0.044626166546674395,0.21839257917661026,0.6969820645294692,1.567254682120524,95.0,24320.0,9684.5,12091.375,2544.125,8930.625,1673.25,14674.5,8011.25,9684.5,6592.75,12091.375,0.08818980143173213,0.0,0.14814814814814814,0.92,0.09999999999999999,0.6,0.9500000000000001,0.39999999999999997,1.0,1.0,67,0.694,1
0.36470828764140606,0.04012019161018543,0.23203010493889453,0.694457349102748,1.5258448426660738,95.0,24320.0,9688.5,12027.375,2604.125,10936.5,2519.125,14231.375,7169.375,9688.5,5492.5,12027.375,0.08784975278258783,0.0,0.18518518518518515,0.92,0.09999999999999999,0.6,0.9500000000000001,0.39999999999999997,1.0,1.0,68,0.6397,1
0.42889935825216136,0.056583307928859114,0.2574476226429014,0.7207301609218121,1.5654283493757248,95.0,24320.0,9679.5,11668.0,2972.5,10995.875,2592.625,13394.375,7086.875,9679.5,5371.75,11668.0,0.08750555348152299,0.0,0.22222222222222227,0.92,0.09999999999999999,0.6,0.9500000000000001,0.39999999999999997,1.0,1.0,69,0.6979,1
0.3840055536086622,0.04292165743076782,0.2154642117871462,0.6582102637541921,1.5542795054222407,95.0,24320.0,9677.375,12075.5,2567.125,8538.875,1668.0,14581.75,8009.375,9677.375,6956.125,12075.5,0.08715724127386971,0.0,0.25925925925925924,0.92,0.09999999999999999,0.6,0.9500000000000001,0.39999999999999997,1.0,1.0,70,0.6905,1
0.4017830314800928,0.04007443725100816,0.21958626452343244,0.6532245026999398,1.5305061479932385,95.0,24320.0,9677.625,11956.75,2685.625,8642.625,1624.625,14370.75,8053.0,9677.625,6760.875,11956.75,0.08680485435598673,0.0,0.2962962962962963,0.92,0.09999999999999999,0.6,0.9500000000000001,0.39999999999999997,1.0,1.0,71,0.7221,1
0.4133166034754954,0.034093868470211564,0.22128683208536948,0.6487885315167276,1.494134281810961,95.0,24320.0,9687.375,11794.75,2837.875,9448.5,1681.875,13960.125,8005.5,9687.375,5997.375,11794.75,0.0864484313710706,0.0,0.3333333333333333,0.92,0.09999999999999999,0.6,0.9500000000000001,0.39999999999999997,1.0,1.0,72,0.7404,1
0.43542706458584257,0.03445111296421505,0.22316222098705016,0.6556837023873078,1.5225523140869643,95.0,24320.0,9689.125,11796.5,2834.375,10612.375,2448.75,13890.125,7240.375,9689.125,5631.375,11796.5,0.08608801140491812,0.0,0.3703703703703703,0.92,0.09999999999999999,0.6,0.9500000000000001,0.39999999999999997,1.0,1.0,73,0.7194,1
0.45993099159708156,0.040384968097542266,0.22796767421654962,0.6414931849821618,1.4949118222060958,95.0,24320.0,9689.875,11883.75,2746.375,10591.5,2585.25,14019.5,7104.625,9689.875,5852.0,11883.75,0.08572363398164018,0.0,0.4074074074074074,0.92,0.09999999999999999,0.6,0.9500000000000001,0.39999999999999997,1.0,1.0,74,0.6936,1
0.4324148811792073,0.0335713630989439,0.19620169181082595,0.614024759868258,1.489317234095774,95.0,24320.0,9684.625,12068.625,2566.75,9431.375,2256.375,14593.5,7428.25,9684.625,6657.5,12068.625,0.08535533905932736,0.0,0.44444444444444453,0.92,0.09999999999999999,0.6,0.9500000000000001,0.39999999999999997,1.0,1.0,75,0.7169,1
0.4795824204424495,0.03185936331007581,0.2260949908559652,0.6287641996615811,1.4592234178593284,95.0,24320.0,9689.25,11805.5,2825.25,10454.5,2458.0,13856.625,7231.25,9689.25,5765.125,11805.5,0.0849831670256683,0.0,0.48148148148148145,0.92,0.09999999999999999,0.6,0.9500000000000001,0.39999999999999997,1.0,1.0,76,0.7077,1
0.4611285701590148,0.03655365492358167,0.19583358686956528,0.5900602387362406,1.461138805747032,95.0,24320.0,9678.375,11999.375,2642.25,8678.25,1721.25,14654.5,7957.125,9678.375,6866.375,11999.375,0.08460715869352033,0.0,0.5185185185185185,0.92,0.09999999999999999,0.6,0.9500000000000001,0.39999999999999997,1.0,1.0,77,0.719,1
0.44398445069397746,0.027655915256994044,0.1791575295826126,0.5678775312477037,1.429690292634462,95.0,24320.0,9688.75,12165.125,2466.125,8206.625,1452.875,15109.875,8235.875,9688.75,7107.5,12165.125,0.08422735529643444,0.0,0.5555555555555555,0.92,0.09999999999999999,0.6,0.9500000000000001,0.39999999999999997,1.0,1.0,78,0.6844,1
0.5176754105247949,0.04068642714777716,0.20860173289026868,0.6145923842332864,1.4560729414224625,95.0,24320.0,9688.25,11851.0,2780.75,10029.75,2165.75,14180.5,7522.5,9688.25,5972.125,11851.0,0.08384379848413304,0.0,0.5925925925925926,0.92,0.09999999999999999,0.6,0.9500000000000001,0.39999999999999997,1.0,1.0,79,0.7243,1
0.4974125657034547,0.028274161193066423,0.19767352621022022,0.5814710453936929,1.404145818164474,95.0,24320.0,9690.0,11941.125,2688.875,9807.5,2045.375,14346.0,7644.625,9690.0,6062.75,11941.125,0.08345653031794292,0.0,0.6296296296296297,0.92,0.09999999999999999,0.6,0.9500000000000001,0.39999999999999997,1.0,1.0,80,0.7035,1
0.5199338555728135,0.03238934459728434,0.20042127456614062,0.5805231584530127,1.4042326055074992,95.0,24320.0,9682.0,11932.25,2705.75,9343.375,1958.875,14417.5,7723.125,9682.0,6462.5,11932.25,0.08306559326618258,0.0,0.6666666666666666,0.92,0.09999999999999999,0.6,0.9500000000000001,0.39999999999999997,1.0,1.0,81,0.7236,1
0.5878407585385598,0.03591773659818022,0.23828504870792755,0.6146493449022895,1.3837139948418264,95.0,24320.0,9687.375,11670.625,2962.0,11912.0,3152.0,13387.5,6535.375,9687.375,5012.5,11670.625,0.08267103019950528,0.0,0.7037037037037037,0.92,0.09999999999999999,0.6,0.9500000000000001,0.39999999999999997,1.0,1.0,82,0.7159,1
0.5658065864130071,0.03638467755303473,0.20834783225467332,0.5849074925246991,1.4099626453299272,95.0,24320.0,9690.0,11839.0,2791.0,9764.375,2155.75,13996.125,7534.25,9690.0,6166.0,11839.0,0.08227288438619752,0.0,0.7407407407407406,0.92,0.09999999999999999,0.6,0.9500000000000001,0.39999999999999997,1.0,1.0,83,0.6479,1
0.5648001124200068,0.04111694187097447,0.1984465370052739,0.5648442209551209,1.3573926579011113,95.0,24320.0,9685.625,12022.625,2611.75,10082.75,2438.375,14500.375,7247.25,9685.625,6228.875,12022.625,0.08187119948743449,0.0,0.7777777777777778,0.92,0.09999999999999999,0.6,0.9500000000000001,0.39999999999999997,1.0,1.0,84,0.7005,1
0.545022620770492,0.030623322909416044,0.18633376334940918,0.5362047144849049,1.345235335042602,95.0,24320.0,9689.5,12161.625,2468.875,9061.625,1909.125,14785.625,7780.375,9689.5,6700.375,12161.625,0.08146601955249189,0.0,0.8148148148148148,0.92,0.09999999999999999,0.6,0.9500000000000001,0.39999999999999997,1.0,1.0,85,0.7221,1
0.5664717079777466,0.028170549615414958,0.1897736154300602,0.5520769729033896,1.331025321546354,95.0,24320.0,9684.625,12038.125,2597.25,8606.75,1500.125,14747.5,8184.5,9684.625,6717.375,12038.125,0.08105738901391553,0.0,0.851851851851852,0.92,0.09999999999999999,0.6,0.9500000000000001,0.39999999999999997,1.0,1.0,86,0.7081,1
0.6155887406123313,0.036319955171232945,0.21010141537132623,0.5587089154281114,1.359588268556093,95.0,24320.0,9679.0,12023.125,2617.875,10291.625,2492.375,14357.75,7186.625,9679.0,6036.875,12023.125,0.08064535268264883,0.0,0.8888888888888891,0.92,0.09999999999999999,0.6,0.9500000000000001,0.39999999999999997,1.0,1.0,87,0.7134,1
0.5873253403525603,0.031282200296654517,0.18563262859947588,0.5342077807768395,1.3293946972018795,95.0,24320.0,9685.25,12184.5,2450.25,8879.625,1917.0,14922.5,7768.25,9685.25,6899.125,12184.5,0.08022995574311875,0.0,0.9259259259259258,0.92,0.09999999999999999,0.6,0.9500000000000001,0.39999999999999997,1.0,1.0,88,0.713,1
0.6729823414432374,0.03746089156668045,0.22624553675812323,0.5857735638947863,1.3213050630531815,95.0,24320.0,9685.875,11602.375,3031.75,10475.0,2415.375,13662.625,7270.5,9685.875,5699.5,11602.375,0.0798112437482808,0.0,0.9629629629629629,0.92,0.09999999999999999,0.6,0.9500000000000001,0.39999999999999997,1.0,1.0,89,0.7126,1
0.6407398736790607,0.03778684470269486,0.2017427559329295,0.5459159444821509,1.2825229867508536,95.0,24320.0,9689.125,11882.25,2748.625,8173.375,1407.75,14266.0,8281.375,9689.125,6963.375,11882.25,0.07938926261462366,0.0,1.0,0.92,0.09999999999999999,0.6,0.9500000000000001,0.39999999999999997,1.0,1.0,90,0.7055,1
0.6059394507031692,0.03714319652032205,0.17224303058495644,0.5370509388415436,1.2802775061444231,95.0,24320.0,7220.0,13470.125,3629.875,9942.875,3814.625,14032.0,5938.875,7220.0,7289.125,13470.125,0.07896405861713394,0.0012179748700879012,1.0,0.92,0.09999999999999999,0.6,0.9500000000000001,0.3,1.0,1.0,91,0.7194,2
0.5735885787559183,0.031989651277973805,0.16299064453005005,0.5033432222118503,1.2693666931829954,95.0,24320.0,7220.0,13759.625,3340.375,9025.75,3463.0,14733.0,6111.125,7220.0,8110.125,13759.625,0.0785356783842216,0.004865965629214819,1.0,0.92,0.09999999999999999,0.6,0.9500000000000001,0.3,1.0,1.0,92,0.7651,2
0.5521657908433363,0.027861780074951978,0.15200676078859127,0.49355427318889844,1.2552010978523054,95.0,24320.0,7220.0,13925.75,3174.25,8352.75,3190.5,15210.75,6138.625,7220.0,8781.5,13925.75,0.07810416889260653,0.010926199633097156,1.0,0.92,0.09999999999999999,0.6,0.9500000000000001,0.3,1.0,1.0,93,0.6862,2
0.6048726286150906,0.03587771788925717,0.175951423689625,0.5376981799147632,1.2419439447553533,95.0,24320.0,7220.0,13572.75,3527.25,9985.5,4000.25,14271.5,5787.25,7220.0,7409.625,13572.75,0.0776695774621672,0.019369152030840553,1.0,0.92,0.09999999999999999,0.6,0.9500000000000001,0.3,1.0,1.0,94,0.7179,2
0.565504665868847,0.03074179606950278,0.1571943083888312,0.5092166379290192,1.2296024068405753,95.0,24320.0,7220.0,13780.5,3319.5,8892.125,3310.375,14716.0,6094.375,7220.0,8244.75,13780.5,0.07723195175075136,0.030153689607045786,1.0,0.92,0.09999999999999999,0.6,0.9500000000000001,0.3,1.0,1.0,95,0.754,2
0.5476271698349401,0.027237509791953735,0.15004649388996003,0.4970077423672927,1.2183929193960994,95.0,24320.0,7220.0,13963.875,3136.125,8669.5,3433.125,15157.0,6132.875,7220.0,8467.0,13963.875,0.07679133974894982,0.04322727117869957,1.0,0.92,0.09999999999999999,0.6,0.9500000000000001,0.3,1.0,1.0,96,0.7425,2
0.5274847830988858,0.026285562997892205,0.13864769806080546,0.48010618841569674,1.2249842607661297,95.0,24320.0,7220.0,14068.75,3031.25,7218.625,2609.625,15634.375,6612.375,7220.0,9400.25,14068.75,0.0763477897748339,0.058526203570536506,1.0,0.92,0.09999999999999999,0.6,0.9500000000000001,0.3,1.0,1.0,97,0.7257,2
0.5578754347405935,0.03238646159987088,0.1528010517922475,0.5023406666948608,1.2151758470033347,95.0,24320.0,7220.0,13905.0,3195.0,9748.625,4129.25,15068.75,5748.875,7220.0,7848.375,13905.0,0.07590135046865652,0.07597595192178702,1.0,0.92,0.09999999999999999,0.6,0.9500000000000001,0.3,1.0,1.0,98,0.7305,2
0.5388950549850338,0.029372039698309413,0.1446219918636703,0.49399729298525724,1.1790237464402853,95.0,24320.0,7220.0,13840.875,3259.125,8476.875,3172.25,15114.625,6073.375,7220.0,8712.25,13840.875,0.07545207078751857,0.09549150281252627,1.0,0.92,0.09999999999999999,0.6,0.9500000000000001,0.3,1.0,1.0,99,0.7408,2
0.5210345301188921,0.0262949027833345,0.12988182827585232,0.4911132799559518,1.1930115661338756,95.0,24320.0,7220.125,14027.25,3072.625,8304.25,3246.75,15520.25,6300.75,7220.125,8705.875,14027.25,0.07500000000000001,0.11697777844051102,1.0,0.92,0.09999999999999999,0.6,0.9500000000000001,0.3,1.0,1.0,100,0.7684,2
0.5156689766990511,0.024331914596596584,0.13378975607981708,0.48479328961356694,1.1515065879413955,95.0,24320.0,7220.0,13960.625,3139.375,7954.25,3012.875,15460.625,6333.125,7220.0,8948.375,13960.625,0.07454518768075703,0.14033009983067443,1.0,0.92,0.09999999999999999,0.6,0.9500000000000001,0.3,1.0,1.0,101,0.7339,2
0.5445453010891613,0.02551096541237233,0.14687565805537528,0.5159444027041135,1.1418647519067715,95.0,24320.0,7220.0,13637.5,3462.5,8873.875,3387.125,14814.0,6220.5,7220.0,8084.25,13637.5,0.07408768370508577,0.16543469682057088,1.0,0.92,0.09999999999999999,0.6,0.9500000000000001,0.3,1.0,1.0,102,0.7553,2
0.5211645452991912,0.02409556571158311,0.14063985291378278,0.4875483197013014,1.1265496533952262,95.0,24320.0,7220.0,13940.5,3159.5,8256.875,3363.375,15458.0,6016.625,7220.0,8956.0,13940.5,0.07362753824345271,0.19216926233717088,1.0,0.92,0.09999999999999999,0.6,0.9500000000000001,0.3,1.0,1.0,103,0.7238,2
0.5508331699198799,0.02931653672054189,0.1495041450363045,0.5129427940045532,1.1554108981239168,95.0,24320.0,7220.125,13711.875,3388.0,8743.75,3333.5,14871.375,6225.375,7220.125,8220.875,13711.875,0.07316480175599309,0.22040354826462666,1.0,0.92,0.09999999999999999,0.6,0.9500000000000001,0.3,1.0,1.0,104,0.7357,2
0.5469666008102267,0.03004687142935214,0.14522706737839863,0.5170312795591983,1.1317702149874285,95.0,24320.0,7220.0,13787.0,3313.0,10188.125,4416.0,14915.125,5754.875,7220.0,7355.375,13787.0,0.07269952498697733,0.24999999999999997,1.0,0.92,0.09999999999999999,0.6,0.9500000000000001,0.3,1.0,1.0,105,0.7494,2
0.5289078074850535,0.023817952660120725,0.1420287216670419,0.495908370496411,1.151069458534843,95.0,24320.0,7220.0,13865.625,3234.375,8180.25,3063.5,15252.25,6453.75,7220.0,8614.125,13865.625,0.07223175895924637,0.2808144266054613,1.0,0.92,0.09999999999999999,0.6,0.9500000000000001,0.3,1.0,1.0,106,0.7577,2
0.5187855951488017,0.027687803502684752,0.13643317768154173,0.4889556624583508,1.101867816165874,95.0,24320.0,7220.0,13819.875,3280.125,9049.625,3753.125,15391.25,5847.5,7220.0,8393.875,13819.875,0.07176155496861637,0.31269670329204396,1.0,0.92,0.09999999999999999,0.6,0.9500000000000001,0.3,1.0,1.0,107,0.7108,2
0.5294672038602202,0.029090429234661555,0.14673041736241432,0.48625270951735344,1.1052000115576541,95.0,24320.0,7220.0,13891.625,3208.375,8665.875,3536.0,15234.0,6130.125,7220.0,8431.125,13891.625,0.07128896457825364,0.3454915028125263,1.0,0.92,0.09999999999999999,0.6,0.9500000000000001,0.3,1.0,1.0,108,0.7747,2
0.46993004452241094,0.021824367300110968,0.11618138020858168,0.4507644569795383,1.065420670964216,95.0,24320.0,7220.0,14297.25,2802.75,6904.625,2579.125,16282.25,6526.375,7220.0,9885.5,14297.25,0.07081403961302006,0.37903905220016615,1.0,0.92,0.09999999999999999,0.6,0.9500000000000001,0.3,1.0,1.0,109,0.7221,2
0.5251760196921071,0.027652523564144136,0.14418589779371885,0.4967592865424721,1.0495795250723237,95.0,24320.0,7220.0,13744.875,3355.125,10516.5,4592.875,14979.375,5558.75,7220.0,7279.25,13744.875,0.07033683215379001,0.41317591116653485,1.0,0.92,0.09999999999999999,0.6,0.9500000000000001,0.3,1.0,1.0,110,0.7349,2
0.5448122795671225,0.031001056240730625,0.15508013950342214,0.49330914485219274,1.12076510653684,95.0,24320.0,7220.0,13676.5,3423.5,8981.875,3500.0,14953.0,6110.625,7220.0,8132.0,13676.5,0.06985739453173902,0.44773576836617324,1.0,0.92,0.09999999999999999,0.6,0.9500000000000001,0.3,1.0,1.0,111,0.7389,2
0.508716686658169,0.029229204665783697,0.13391983485413028,0.4702406964411861,1.1044729850009867,95.0,24320.0,7220.0,14087.0,3013.0,8793.25,3596.75,15641.75,6268.625,7220.0,8333.375,14087.0,0.06937577932260515,0.48255025164874954,1.0,0.92,0.09999999999999999,0.6,0.9500000000000001,0.3,1.0,1.0,112,0.7492,2
0.5181387847387477,0.026648920222712483,0.13874907477997783,0.48940955733782365,1.08036010053597,95.0,24320.0,7219.375,13952.0,3148.625,7709.875,2899.0,15649.75,6226.375,7219.375,9304.875,13952.0,0.06889203934092336,0.5174497483512503,1.0,0.92,0.09999999999999999,0.6,0.9500000000000001,0.3,1.0,1.0,113,0.7269,2
0.51588770104082,0.021379462928253865,0.14337534417496306,0.49090498523100423,1.0568040069780853,95.0,24320.0,7220.0,13897.875,3202.125,7927.0,3117.75,15483.125,6164.75,7220.0,9083.25,13897.875,0.06840622763423392,0.5522642316338268,1.0,0.92,0.09999999999999999,0.6,0.9500000000000001,0.3,1.0,1.0,114,0.7747,2
0.5093721706616251,0.02162016140554394,0.13889356852803184,0.48838902515800375,1.0466392662180097,95.0,24320.0,7220.0,13802.0,3298.0,7879.875,2904.0,15447.125,6229.875,7220.0,9093.375,13802.0,0.06791839747726501,0.5868240888334652,1.0,0.92,0.09999999999999999,0.6,0.9500000000000001,0.3,1.0,1.0,115,0.7648,2
0.5228586402378583,0.026344942468475845,0.14379828703638753,0.4957316639784135,1.0484957766376044,95.0,24320.0,7220.0,13847.0,3253.0,9751.625,4285.25,15212.375,5824.875,7220.0,7713.375,13847.0,0.06742860236609076,0.6209609477998338,1.0,0.92,0.09999999999999999,0.6,0.9500000000000001,0.3,1.0,1.0,116,0.7652,2
0.48509053278126213,0.021868928929018837,0.1284020743822973,0.4655022446654345,1.020684042965111,95.0,24320.0,7220.0,14070.25,3029.75,8337.5,3507.125,15876.75,6235.125,7220.0,8732.625,14070.25,0.06693689601226459,0.6545084971874737,1.0,0.92,0.09999999999999999,0.6,0.9500000000000001,0.3,1.0,1.0,117,0.704,2
0.5474557736986563,0.027425491690825622,0.1658206522758854,0.49727204677305725,1.0557360551859203,95.0,24320.0,7218.75,13688.625,3412.625,10390.125,4627.75,14938.875,5584.625,7218.75,7300.875,13688.625,0.06644333233692916,0.687303296707956,1.0,0.92,0.09999999999999999,0.6,0.9500000000000001,0.3,1.0,1.0,118,0.7597,2
0.48928221001436834,0.02572596331853052,0.12598522875556034,0.47364908496015956,1.0074647497973945,95.0,24320.0,7220.125,14009.125,3090.75,8975.625,3934.375,15761.875,6023.625,7220.125,8330.125,14009.125,0.0659479654649035,0.7191855733945386,1.0,0.92,0.09999999999999999,0.6,0.9500000000000001,0.3,1.0,1.0,119,0.6733,2
0.5426693496343337,0.036043684098541764,0.15373825560642504,0.4990737907980618,1.03350514275463,95.0,24320.0,7220.0,13569.125,3530.875,10214.5,4448.625,14869.375,5595.0,7220.0,7434.25,13569.125,0.06545084971874737,0.7499999999999999,1.0,0.92,0.09999999999999999,0.6,0.9500000000000001,0.3,1.0,1.0,120,0.7363,2
0.4847700635069295,0.02023238204480884,0.12955246320925654,0.47071731478760126,0.9962655912888677,95.0,24320.0,7220.0,13975.375,3124.625,8535.875,3609.375,15739.875,6025.75,7220.0,8722.0,13975.375,0.06495203961280434,0.7795964517353733,1.0,0.92,0.09999999999999999,0.6,0.9500000000000001,0.3,1.0,1.0,121,0.7582,2
0.5386688552012568,0.026891981858276074,0.1517808511093455,0.5150754173727412,1.0245831216636456,95.0,24320.0,7218.0,13529.0,3573.0,10270.875,4337.5,14777.0,5759.0,7218.0,7231.25,13529.0,0.06445158984722359,0.8078307376628293,1.0,0.92,0.09999999999999999,0.6,0.9500000000000001,0.3,1.0,1.0,122,0.7955,2
0.49758647092078867,0.02364297440799419,0.13460180997652443,0.47618860767075893,1.0124738095622314,95.0,24320.0,7220.0,13990.5,3109.5,8066.625,3229.75,15741.375,6260.25,7220.0,8931.75,13990.5,0.06394955530196146,0.8345653031794288,1.0,0.92,0.09999999999999999,0.6,0.9500000000000001,0.3,1.0,1.0,123,0.6748,2
0.5262536366911311,0.029134318751503564,0.14214850553360425,0.5116630253431044,0.9913929897703622,95.0,24320.0,7220.0,13422.0,3678.0,10384.25,4418.5,14768.375,5642.0,7220.0,7202.875,13422.0,0.0634459910307633,0.8596699001693258,1.0,0.92,0.09999999999999999,0.6,0.9500000000000001,0.3,1.0,1.0,124,0.7703,2
0.5154813470024812,0.025195530015135824,0.14605924277934001,0.4878471390785355,1.0030300310567803,95.0,24320.0,7218.75,13665.625,3435.625,7954.875,2901.125,15164.125,6415.25,7218.75,8748.375,13665.625,0.06294095225512607,0.8830222215594892,1.0,0.92,0.09999999999999999,0.6,0.9500000000000001,0.3,1.0,1.0,125,0.7254,2
0.5302431212051919,0.022628704786582507,0.15613386262649379,0.5079676262250072,0.974967385357932,95.0,24320.0,7219.0,13431.125,3669.875,9392.625,3661.375,14690.5,5978.75,7219.0,7769.875,13431.125,0.06243449435824273,0.9045084971874735,1.0,0.92,0.09999999999999999,0.6,0.9500000000000001,0.3,1.0,1.0,126,0.7814,2
0.4817384373592703,0.02017505080086841,0.1311351490942271,0.4743625436566378,0.9324696249867739,95.0,24320.0,7220.0,13831.25,3268.75,8936.5,3773.875,15469.5,6133.875,7220.0,8181.5,13831.25,0.06192667287892905,0.9240240480782128,1.0,0.92,0.09999999999999999,0.6,0.9500000000000001,0.3,1.0,1.0,127,0.7574,2
0.5073233694622391,0.020652567717173186,0.14353522510316813,0.4990178452510582,0.9362665293248077,95.0,24320.0,7218.75,13708.25,3393.0,9802.375,4399.125,15139.25,5656.125,7218.75,7767.0,13708.25,0.061417543505532794,0.9414737964294633,1.0,0.92,0.09999999999999999,0.6,0.9500000000000001,0.3,1.0,1.0,128,0.7442,2
0.49235977573614376,0.019930938802855583,0.13580525375559532,0.48472927714648995,0.9425894269817754,95.0,24320.0,7215.375,13824.125,3280.5,9133.125,3919.5,15434.125,5989.0,7215.375,8131.375,13824.125,0.060907162069827145,0.9567727288213004,1.0,0.92,0.09999999999999999,0.6,0.9500000000000001,0.3,1.0,1.0,129,0.7536,2
0.5036720388029751,0.027273694633683926,0.13496009009939275,0.48885285152416474,0.9701182731672336,95.0,24320.0,7214.875,13787.25,3317.875,9161.625,3933.0,15442.0,5930.875,7214.875,8135.25,13787.25,0.06039558454088799,0.9698463103929543,1.0,0.92,0.09999999999999999,0.6,0.9500000000000001,0.3,1.0,1.0,130,0.7126,2
0.4805177941722306,0.022728488753675363,0.12803362156632112,0.47196969968315805,0.9377083229391198,95.0,24320.0,7218.75,13865.625,3235.625,10045.625,4672.875,15570.375,5786.125,7218.75,7500.875,13865.625,0.059882867018956294,0.9806308479691594,1.0,0.92,0.09999999999999999,0.6,0.9500000000000001,0.3,1.0,1.0,131,0.7662,2
0.4886695935930076,0.019729697195840633,0.13126075967509102,0.48781896206109143,0.9376965511786308,95.0,24320.0,7209.75,13661.375,3448.875,9894.0,4296.625,15282.5,5821.375,7209.75,7572.375,13661.375,0.05936906572928624,0.9890738003669028,1.0,0.92,0.09999999999999999,0.6,0.9500000000000001,0.3,1.0,1.0,132,0.7867,2
0.4686169707265339,0.017454603511156932,0.12830477359422826,0.45986945582063576,0.9292286416417674,95.0,24320.0,7208.125,13886.5,3225.375,8201.0,3348.125,15799.375,6207.375,7208.125,8842.625,13886.5,0.05885423701597918,0.9951340343707853,1.0,0.92,0.09999999999999999,0.6,0.9500000000000001,0.3,1.0,1.0,133,0.7738,2
0.49363390656286166,0.021436834071784303,0.13833651144033005,0.4864246655843759,0.9064822649485186,95.0,24320.0,7213.625,13786.25,3320.125,9131.625,3953.625,15472.875,6005.75,7213.625,8100.125,13786.25,0.05833843733580512,0.998782025129912,1.0,0.92,0.09999999999999999,0.6,0.9500000000000001,0.3,1.0,1.0,134,0.6774,2
0.4846896302151052,0.021489868285042527,0.13836270242341253,0.47263741361859596,0.885183513478229,95.0,24320.0,7217.25,13897.375,3205.375,9240.625,4041.375,15666.25,5771.875,7217.25,8302.125,13897.375,0.057821723252011556,1.0,1.0,0.92,0.09999999999999999,0.6,0.9500000000000001,0.3,1.0,1.0,135,0.7568,2
0.47752960222332097,0.01960470865635312,0.13396747763342176,0.46878067451088046,0.8956707604621587,95.0,24320.0,7214.25,13879.875,3225.875,8899.625,3844.5,15638.375,6110.125,7214.25,8242.125,13879.875,0.057304151428120606,1.0,1.0,0.92,0.09999999999999999,0.6,0.9500000000000001,0.3,1.0,1.0,136,0.7909,2
0.5225921371265462,0.017043704295218433,0.15732464391836212,0.515090790234114,0.9067839337806951,95.0,24320.0,7210.5,13417.375,3692.125,9414.5,3847.75,14878.375,5862.75,7210.5,7823.0,13417.375,0.05678577862171523,1.0,1.0,0.92,0.09999999999999999,0.6,0.9500000000000001,0.3,1.0,1.0,137,0.7527,2
0.4709673971329865,0.026931192818646144,0.12769982419957066,0.45498819137482266,0.888422829932288,95.0,24320.0,7216.875,13856.0,3247.125,8663.875,3645.375,15771.625,6218.5,7216.875,8393.5,13856.0,0.05626666167821521,1.0,1.0,0.92,0.09999999999999999,0.6,0.9500000000000001,0.3,1.0,1.0,138,0.7586,2
0.47540530568282857,0.021702870158907518,0.1283280596296352,0.47505223884394293,0.8784825510100315,95.0,24320.0,7215.0,13828.25,3276.75,8369.0,3488.5,15743.0,6138.75,7215.0,8688.5,13828.25,0.05574685752464335,1.0,1.0,0.92,0.09999999999999999,0.6,0.9500000000000001,0.3,1.0,1.0,139,0.7926,2
0.4314447522751595,0.016849538721956044,0.1083107856420898,0.44388126421131585,0.8434379292946114,95.0,24320.0,7220.0,14159.25,2940.75,7739.125,3313.75,16428.625,6140.75,7220.0,9436.625,14159.25,0.05522642316338268,1.0,1.0,0.92,0.09999999999999999,0.6,0.9500000000000001,0.3,1.0,1.0,140,0.7053,2
0.4932298891246319,0.02101210349922583,0.13748509321288255,0.4961511563901838,0.8665711380149189,95.0,24320.0,7220.0,13629.625,3470.375,9013.0,3688.875,15329.5,5990.25,7220.0,8185.75,13629.625,0.05470541566592573,1.0,1.0,0.92,0.09999999999999999,0.6,0.9500000000000001,0.3,1.0,1.0,141,0.7759,2
0.467870170721098,0.016861742307006163,0.13237534008528054,0.465968991051379,0.85648591134109,95.0,24320.0,7215.375,13982.625,3122.0,8476.625,3635.625,15997.5,6162.5,7215.375,8627.625,13982.625,0.05418389216661578,1.0,1.0,0.92,0.09999999999999999,0.6,0.9500000000000001,0.3,1.0,1.0,142,0.7945,2
0.46317503918942654,0.01939196489088078,0.12220243636923106,0.47261692787471565,0.8527217234435834,95.0,24320.0,7219.5,13885.25,3215.25,9365.375,4260.125,15786.625,5855.375,7219.5,8064.875,13885.25,0.053661909856381584,1.0,1.0,0.92,0.09999999999999999,0.6,0.9500000000000001,0.3,1.0,1.0,143,0.7262,2
0.46891986480668973,0.02041347410842335,0.12747788757674006,0.4741471956435003,0.8395490335790734,95.0,24320.0,7220.0,13844.625,3255.375,9051.25,4014.75,15656.75,5902.0,7220.0,8275.125,13844.625,0.053139525976465665,1.0,1.0,0.92,0.09999999999999999,0.6,0.9500000000000001,0.3,1.0,1.0,144,0.7707,2
0.44656039684226634,0.01667457665355055,0.1178645843351995,0.45875118710100654,0.826456404751853,95.0,24320.0,7219.375,14092.5,3008.125,8127.625,3548.125,16329.75,5977.875,7219.375,9191.5,14092.5,0.05261679781214722,1.0,1.0,0.92,0.09999999999999999,0.6,0.9500000000000001,0.3,1.0,1.0,145,0.7519,2
0.4527628644124458,0.022227700787142996,0.12204386736756484,0.45117040158886657,0.8290609324448988,95.0,24320.0,7220.0,14070.5,3029.5,8319.125,3585.75,16127.0,6183.125,7220.0,8803.0,14070.5,0.052093782686459984,1.0,1.0,0.92,0.09999999999999999,0.6,0.9500000000000001,0.3,1.0,1.0,146,0.7311,2
0.47700330530734436,0.023218804321521402,0.13388068505783418,0.47616173566172,0.8182294559321905,95.0,24320.0,7213.25,13652.75,3454.0,8826.5,3690.875,15514.125,6008.125,7213.25,8314.25,13652.75,0.05157053795390641,1.0,1.0,0.92,0.09999999999999999,0.6,0.9500000000000001,0.3,1.0,1.0,147,0.774,2
0.44752533255439053,0.013234640116723696,0.12346824506959436,0.4630873699329401,0.7927876059946262,95.0,24320.0,7220.0,13876.125,3223.875,7881.875,3115.875,15974.875,6305.5,7220.0,9032.375,13876.125,0.051047120994167854,1.0,1.0,0.92,0.09999999999999999,0.6,0.9500000000000001,0.3,1.0,1.0,148,0.7826,2
0.4548780692643241,0.01683161628423381,0.12479319942036741,0.4671026035751167,0.7970194848744493,95.0,24320.0,7220.0,13882.625,3217.375,8332.75,3477.125,15890.375,6181.0,7220.0,8729.25,13882.625,0.05052358920581229,1.0,1.0,0.92,0.09999999999999999,0.6,0.9500000000000001,0.3,1.0,1.0,149,0.8021,2
0.42345433417511613,0.012516155924822669,0.11095176918039981,0.4443526082721196,0.7781010350898692,95.0,24320.0,7219.875,14140.375,2959.75,7160.875,2962.25,16509.875,6426.5,7219.875,9650.0,14140.375,0.049999999999999996,1.0,1.0,0.92,0.09999999999999999,0.6,0.9500000000000001,0.3,1.0,1.0,150,0.8034,2
0.46484609840339736,0.01577264651576498,0.12952584551684068,0.4796983360655998,0.7969843601709917,95.0,24320.0,7220.0,13767.75,3332.25,8236.375,3308.25,15706.375,6112.5,7220.0,8833.875,13767.75,0.049476410794187714,1.0,1.0,0.92,0.09999999999999999,0.6,0.9500000000000001,0.3,1.0,1.0,151,0.7667,2
0.41210401824822546,0.013971110982713168,0.10603296732235895,0.4276944338491088,0.7825272133475857,95.0,24320.0,7219.875,14248.0,2852.125,6035.375,2303.125,16979.75,6516.875,7219.875,10681.625,14248.0,0.04895287900583217,1.0,1.0,0.92,0.09999999999999999,0.6,0.9500000000000001,0.3,1.0,1.0,152,0.7873,2
0.4390191956962409,0.013570595002200111,0.11623810377511146,0.4607525303175575,0.7883423009985372,95.0,24320.0,7220.0,13954.625,3145.375,6477.625,2413.5,16375.875,6489.0,7220.0,10144.125,13954.625,0.048429462046093594,1.0,1.0,0.92,0.09999999999999999,0.6,0.9500000000000001,0.3,1.0,1.0,153,0.7511,2
0.4255083395266219,0.017123840489780138,0.11066634796474029,0.44630774653663763,0.7456427591411691,95.0,24320.0,7220.0,14050.125,3049.875,8223.75,3604.375,16471.375,5935.625,7220.0,9176.625,14050.125,0.047906217313540014,1.0,1.0,0.92,0.09999999999999999,0.6,0.9500000000000001,0.3,1.0,1.0,154,0.7268,2
0.4170640218022622,0.01906505588374689,0.10576678935046258,0.43444259843151817,0.750108764595107,95.0,24320.0,7220.0,14080.375,3019.625,8049.625,3511.75,16470.5,6324.875,7220.0,8946.375,14080.375,0.04738320218785281,1.0,1.0,0.92,0.09999999999999999,0.6,0.9500000000000001,0.3,1.0,1.0,155,0.7764,2
0.42755569003914534,0.01564677237336965,0.11501531145094256,0.4422009916485924,0.7579310854798869,95.0,24320.0,7220.0,14045.75,3054.25,8496.0,3837.875,16262.875,6086.0,7220.0,8709.25,14045.75,0.04686047402353434,1.0,1.0,0.92,0.09999999999999999,0.6,0.9500000000000001,0.3,1.0,1.0,156,0.7822,2
0.4471897569337958,0.013948587777543396,0.12324818187197181,0.47109358634211507,0.7444619267394668,95.0,24320.0,7220.125,13781.25,3318.625,8871.375,3928.25,15741.25,5960.125,7220.125,8357.25,13781.25,0.046338090143618435,1.0,1.0,0.92,0.09999999999999999,0.6,0.9500000000000001,0.3,1.0,1.0,157,0.7409,2
0.425716417537708,0.017825364944751766,0.11359204215450996,0.4392662961035967,0.7466586065135505,95.0,24320.0,7220.0,14052.75,3047.25,7484.75,3056.75,16550.25,6328.125,7220.0,9490.875,14052.75,0.04581610783338423,1.0,1.0,0.92,0.09999999999999999,0.6,0.9500000000000001,0.3,1.0,1.0,158,0.7758,2
0.44961505671472923,0.01595588045793671,0.12008020275051852,0.4761056629058562,0.755261400969405,95.0,24320.0,7219.125,13811.5,3289.375,8450.625,3723.125,16065.25,5865.5,7219.125,8874.125,13811.5,0.04529458433407429,1.0,1.0,0.92,0.09999999999999999,0.6,0.9500000000000001,0.3,1.0,1.0,159,0.765,2
0.42769220367466154,0.01682477510644515,0.10831670759270262,0.45232993736863136,0.7638574995492633,95.0,24320.0,7220.0,13991.125,3108.875,7941.75,3430.5,16330.75,6205.25,7220.0,9093.625,13991.125,0.04477357683661734,1.0,1.0,0.92,0.09999999999999999,0.6,0.9500000000000001,0.3,1.0,1.0,160,0.7095,2
0.4560374373472051,0.01635977118153517,0.130733664396317,0.4667147795620718,0.7558661033448419,95.0,24320.0,7214.375,13851.0,3254.625,8428.75,3709.375,15944.125,5992.0,7214.375,8736.875,13851.0,0.04425314247535667,1.0,1.0,0.92,0.09999999999999999,0.6,0.9500000000000001,0.3,1.0,1.0,161,0.7001,2
0.4219530397339871,0.01661440849305731,0.11196748658303957,0.44139897405709094,0.7267165487534122,95.0,24320.0,7215.875,14083.75,3020.375,9309.75,4606.0,16519.125,5548.625,7215.875,8499.25,14083.75,0.04373333832178479,1.0,1.0,0.92,0.09999999999999999,0.6,0.9500000000000001,0.3,1.0,1.0,162,0.79,2
0.4364404261504348,0.013275472536502332,0.12105411846484791,0.45589752585480087,0.7416206993554767,95.0,24320.0,7220.0,13823.75,3276.25,8490.5,3791.375,16068.875,6154.375,7220.0,8549.25,13823.75,0.04321422137828479,1.0,1.0,0.92,0.09999999999999999,0.6,0.9500000000000001,0.3,1.0,1.0,163,0.754,2
0.4216093408630082,0.015555311583777534,0.11210379551507924,0.4411568054831342,0.7337182988461695,95.0,24320.0,7220.0,14016.0,3084.0,7955.25,3394.125,16490.625,6276.5,7220.0,9092.875,14016.0,0.04269584857187944,1.0,1.0,0.92,0.09999999999999999,0.6,0.9500000000000001,0.3,1.0,1.0,164,0.7944,2
0.4197700831646982,0.01353095711758789,0.11533770015169133,0.43943184465169915,0.7118550162566335,95.0,24320.0,7220.0,14112.625,2987.375,7516.875,3279.5,16551.375,6366.625,7220.0,9371.625,14112.625,0.04217827674798847,1.0,1.0,0.92,0.09999999999999999,0.6,0.9500000000000001,0.3,1.0,1.0,165,0.7896,2
0.4304931259468982,0.013374310995966783,0.12469615277797474,0.4463253621011972,0.6925997951313069,95.0,24320.0,7199.5,13895.75,3224.75,8287.25,3597.75,16195.25,5902.375,7199.5,9036.375,13895.75,0.04166156266419488,1.0,1.0,0.92,0.09999999999999999,0.6,0.9500000000000001,0.3,1.0,1.0,166,0.7669,3
0.44700307283354435,0.01384684036288251,0.13512951894785818,0.4538235664171608,0.7111492885570777,95.0,24320.0,7201.375,13848.125,3270.5,7527.75,3015.625,16157.5,6175.375,7201.375,9439.5,13848.125,0.04114576298402084,1.0,1.0,0.92,0.09999999999999999,0.6,0.9500000000000001,0.3,1.0,1.0,167,0.7964,3
0.42129169600574595,0.011883428435938091,0.11841669122529166,0.4446506345546559,0.6866625740339882,95.0,24320.0,7199.5,14021.375,3099.125,7395.5,3139.25,16516.875,5963.5,7199.5,9836.5,14021.375,0.04063093427071377,1.0,1.0,0.92,0.09999999999999999,0.6,0.9500000000000001,0.3,1.0,1.0,168,0.7792,3
0.4219277562867653,0.0134629087131256,0.11933630959461689,0.4381337981475027,0.7006163794743387,95.0,24320.0,7144.125,14114.625,3061.25,7619.625,3229.125,16550.625,6280.875,7144.125,9364.5,14114.625,0.04011713298104369,1.0,1.0,0.92,0.09999999999999999,0.6,0.9500000000000001,0.3,1.0,1.0,169,0.7991,3
0.43338525105071696,0.013911992074434621,0.11963659674909555,0.45987652699021914,0.6989839668336667,95.0,24320.0,7201.0,13965.375,3153.625,8166.375,3520.0,16178.125,6150.875,7201.0,8936.375,13965.375,0.03960441545911203,1.0,1.0,0.92,0.09999999999999999,0.6,0.9500000000000001,0.3,1.0,1.0,170,0.7661,3
0.40624753689687504,0.015132315394676927,0.10945638087455575,0.42734866489313145,0.6798450715447727,95.0,24320.0,7174.0,14206.625,2939.375,6056.25,2319.375,17033.25,6486.375,7174.0,10639.25,14206.625,0.039092837930172875,1.0,1.0,0.92,0.09999999999999999,0.6,0.9500000000000001,0.3,1.0,1.0,171,0.7753,3
0.3974103941533127,0.01235525070679662,0.10508999309294219,0.427556736492797,0.6618678080408196,95.0,24320.0,7202.5,14134.125,2983.375,7966.25,3568.625,16810.625,5816.125,7202.5,9533.625,14134.125,0.038582456494467225,1.0,1.0,0.92,0.09999999999999999,0.6,0.9500000000000001,0.3,1.0,1.0,172,0.7582,3
0.41977046930084105,0.015393231236176738,0.12033891270770444,0.4333403472837648,0.6736814976522798,95.0,24320.0,7138.375,14106.5,3075.125,8507.875,3886.125,16562.75,5819.25,7138.375,9019.375,14106.5,0.03807332712107097,1.0,1.0,0.92,0.09999999999999999,0.6,0.9500000000000001,0.3,1.0,1.0,173,0.7827,3
0.46733619370742846,0.018558461649119732,0.1400442243651732,0.47987441873471987,0.6879629616674623,95.0,24320.0,7194.5,13553.875,3571.625,9983.625,4591.0,15443.0,5632.375,7194.5,7539.875,13553.875,0.037565505641757264,1.0,1.0,0.92,0.09999999999999999,0.6,0.9500000000000001,0.3,1.0,1.0,174,0.7509,3
0.431618789073668,0.01669105883292535,0.11810963465219462,0.45065705335061806,0.7148956619595226,95.0,24320.0,7189.125,14039.0,3091.875,7202.375,3056.0,16563.375,6409.625,7189.125,9553.125,14039.0,0.03705904774487397,1.0,1.0,0.92,0.09999999999999999,0.6,0.9500000000000001,0.3,1.0,1.0,175,0.7601,3
0.442956115560312,0.014440791544161344,0.128305902988895,0.46253609988642364,0.6894137008409752,95.0,24320.0,7202.0,13777.875,3340.125,9032.125,4117.375,15925.125,6005.875,7202.0,8160.5,13777.875,0.036554008969236725,1.0,1.0,0.92,0.09999999999999999,0.6,0.9500000000000001,0.3,1.0,1.0,176,0.7763,3
0.43309971827425453,0.013432569216016228,0.125852071044746,0.4554452367519078,0.6609245752033435,95.0,24320.0,7216.875,13876.875,3226.25,8036.375,3487.75,16205.0,6087.75,7216.875,9063.5,13876.875,0.03605044469803853,1.0,1.0,0.92,0.09999999999999999,0.6,0.9500000000000001,0.3,1.0,1.0,177,0.7382,3
0.3886060427090055,0.015225548240720711,0.10203081032959745,0.4099673035701638,0.6636602999740525,95.0,24320.0,7219.875,14264.25,2835.875,7066.375,3070.0,17144.875,6566.5,7219.875,9695.625,14264.25,0.03554841015277641,1.0,1.0,0.92,0.09999999999999999,0.6,0.9500000000000001,0.3,1.0,1.0,178,0.7707,3
0.44425281321531845,0.015325316064531521,0.12674752343936185,0.4683536280534769,0.6800315896147174,95.0,24320.0,7203.75,13715.625,3400.625,7948.625,3230.75,16019.625,6346.375,7203.75,8861.125,13715.625,0.035047960387195674,1.0,1.0,0.92,0.09999999999999999,0.6,0.9500000000000001,0.3,1.0,1.0,179,0.771,3
0.4013451704265255,0.0157627349127372,0.10051816897405509,0.43298666988940615,0.6857093032253416,95.0,24320.0,7173.75,14028.875,3117.375,6742.25,2725.375,16732.875,6520.375,7173.75,9891.125,14028.875,0.03454915028125263,1.0,1.0,0.92,0.09999999999999999,0.6,0.9500000000000001,0.3,1.0,1.0,180,0.7609,3
0.36143059765822005,0.013591869523799305,0.08816843169410468,0.39000580259843876,0.6466739338087407,95.0,24320.0,7219.875,14436.25,2663.875,6418.0,2783.25,17519.75,6495.25,7219.875,10441.625,14436.25,0.034052034535096504,1.0,1.0,0.92,0.09999999999999999,0.6,0.9500000000000001,0.3,1.0,1.0,181,0.7571,3
0.4334974593041759,0.015483993864817372,0.11831501409362413,0.46745213893683335,0.6597238020677315,95.0,24320.0,7176.5,13752.125,3391.375,7894.125,3306.625,16109.5,6156.0,7176.5,9078.0,13752.125,0.03355666766307084,1.0,1.0,0.92,0.09999999999999999,0.6,0.9500000000000001,0.3,1.0,1.0,182,0.7559,3
0.38293753797678576,0.012496119439119388,0.09697896550274698,0.42130490566946954,0.628099995537808,95.0,24320.0,7218.0,14170.375,2931.625,7856.125,3637.625,16917.25,5992.875,7218.0,9454.125,14170.375,0.03306310398773543,1.0,1.0,0.92,0.09999999999999999,0.6,0.9500000000000001,0.3,1.0,1.0,183,0.7363,3
0.39661225419687596,0.01574804061506017,0.10421727409488275,0.4256284372586953,0.6383271989853758,95.0,24320.0,7218.25,14166.875,2934.875,8069.125,3760.25,16879.0,6001.0,7218.25,9263.375,14166.875,0.03257139763390925,1.0,1.0,0.92,0.09999999999999999,0.6,0.9500000000000001,0.3,1.0,1.0,184,0.7978,3
0.419424171941845,0.01185646336571632,0.12028102067446239,0.4462980110590395,0.6413768078935773,95.0,24320.0,7215.25,13895.0,3209.75,7343.5,3077.375,16378.375,6424.625,7215.25,9354.375,13895.0,0.032081602522735,1.0,1.0,0.92,0.09999999999999999,0.6,0.9500000000000001,0.3,1.0,1.0,185,0.7737,3
0.4187334832000105,0.012940640748695985,0.1196022752182264,0.4455528978650507,0.6341411614104321,95.0,24320.0,7196.875,13729.375,3393.75,8652.375,3937.125,16203.5,5800.5,7196.875,8711.25,13729.375,0.03159377236576611,1.0,1.0,0.92,0.09999999999999999,0.6,0.9500000000000001,0.3,1.0,1.0,186,0.7754,3
0.39693121355223027,0.011169055729068964,0.10691977524088303,0.4310206156420081,0.6333207396300216,95.0,24320.0,7201.25,14064.125,3054.625,7320.875,3225.0,16910.5,6244.5,7201.25,9682.0,14064.125,0.03110796065907664,1.0,1.0,0.92,0.09999999999999999,0.6,0.9500000000000001,0.3,1.0,1.0,187,0.8035,3
0.4124016937064497,0.012371042922237202,0.1189583451438107,0.4369393404181066,0.6260263376330074,95.0,24320.0,7185.375,13908.125,3226.5,7474.25,3249.375,16469.375,6364.75,7185.375,9282.625,13908.125,0.03062422067739485,1.0,1.0,0.92,0.09999999999999999,0.6,0.9500000000000001,0.3,1.0,1.0,188,0.7426,3
0.42357233243161124,0.013730350586411078,0.11775801361072809,0.45644267189659565,0.6386263106998644,95.0,24320.0,7199.0,13716.125,3404.875,8994.125,4176.0,16133.375,5878.875,7199.0,8309.5,13716.125,0.030142605468260968,1.0,1.0,0.92,0.09999999999999999,0.6,0.9500000000000001,0.3,1.0,1.0,189,0.7768,3
0.40160991124024514,0.010573048473681986,0.10668414820561578,0.443371132486745,0.6266714673293265,95.0,24320.0,7216.5,13879.125,3224.375,7237.5,3062.75,16589.75,6369.375,7216.5,9512.375,13879.125,0.029663167846209985,1.0,1.0,0.92,0.09999999999999999,0.6,0.9500000000000001,0.3,1.0,1.0,190,0.7925,3
0.4308641430382666,0.011742378714629204,0.12153773605578432,0.46914410802878825,0.6301197317085768,95.0,24320.0,7155.875,13746.25,3417.875,8747.125,3986.75,15981.0,5948.375,7155.875,8407.375,13746.25,0.029185960386979952,1.0,1.0,0.92,0.09999999999999999,0.6,0.9500000000000001,0.3,1.0,1.0,191,0.6851,3
0.38400525184054124,0.015786993735941668,0.09201726364982804,0.42394543435228493,0.6422827669664433,95.0,24320.0,7219.375,14205.25,2895.375,6485.875,2686.125,17152.75,6856.0,7219.375,9884.375,14205.25,0.028711035421746363,1.0,1.0,0.92,0.09999999999999999,0.6,0.9500000000000001,0.3,1.0,1.0,192,0.8057,3
0.39342485825090034,0.011102487298175171,0.10442732601475559,0.43069197676683735,0.6254905637941862,95.0,24320.0,7201.25,14024.125,3094.625,7707.625,3338.625,16803.75,6498.25,7201.25,9079.25,14024.125,0.028238445031383626,1.0,1.0,0.92,0.09999999999999999,0.6,0.9500000000000001,0.3,1.0,1.0,193,0.8131,3
0.40346733976743726,0.010936399763350462,0.11020698738100596,0.4452504737988899,0.5969871546092785,95.0,24320.0,7189.0,13880.875,3250.125,7620.875,3285.75,16370.75,6267.5,7189.0,9226.0,13880.875,0.027768241040753643,1.0,1.0,0.92,0.09999999999999999,0.6,0.9500000000000001,0.3,1.0,1.0,194,0.7622,3
0.3988961183318966,0.012265313199359777,0.10736478928378537,0.4347449495212028,0.6189353951890217,95.0,24320.0,7220.0,13848.625,3251.375,7863.625,3375.5,16544.75,6539.625,7220.0,8801.125,13848.625,0.02730047501302266,1.0,1.0,0.92,0.09999999999999999,0.6,0.9500000000000001,0.3,1.0,1.0,195,0.8057,3
0.37989811077713964,0.009769082829198422,0.0957057820792359,0.42807192551462275,0.6038728304207325,95.0,24320.0,7219.625,14144.75,2955.625,6893.75,2923.375,17018.5,6617.625,7219.625,9717.875,14144.75,0.026835198244006927,1.0,1.0,0.92,0.09999999999999999,0.6,0.9500000000000001,0.3,1.0,1.0,196,0.7737,3
0.36153717303746624,0.009062711160636117,0.09533614249973509,0.399324646611747,0.5747599602137741,95.0,24320.0,7220.0,14215.625,2884.375,6667.375,2896.0,17184.625,6454.75,7220.0,10112.5,14215.625,0.026372461756547307,1.0,1.0,0.92,0.09999999999999999,0.6,0.9500000000000001,0.3,1.0,1.0,197,0.7316,3
0.3921233423642422,0.013917418359931998,0.1031873958626468,0.4299631358173332,0.6003695971087405,95.0,24320.0,7178.375,14029.25,3112.375,7432.25,3391.5,16915.625,6168.125,7178.375,9591.875,14029.25,0.025912316294914226,1.0,1.0,0.92,0.09999999999999999,0.6,0.9500000000000001,0.3,1.0,1.0,198,0.7484,3
0.3762511016899034,0.012054762409963202,0.09172935421505062,0.42647594907566116,0.592290100180789,95.0,24320.0,7208.125,14119.25,2992.625,7574.875,3504.875,16981.125,6208.125,7208.125,9462.5,14119.25,0.02545481231924296,1.0,1.0,0.92,0.09999999999999999,0.6,0.9500000000000001,0.3,1.0,1.0,199,0.7839,3
0.3807038999113598,0.01156784563970991,0.0972578957777985,0.4244067539706042,0.5967478124326782,95.0,24320.0,7187.875,14079.75,3052.375,6891.5,2932.75,17131.5,6522.75,7187.875,9821.0,14079.75,0.02499999999999999,1.0,1.0,0.92,0.09999999999999999,0.6,0.9500000000000001,0.3,1.0,1.0,200,0.8021,3
0.39157386243735487,0.010611702927034412,0.10480982293987548,0.4356212377156082,0.5834171712006393,95.0,24320.0,7220.0,13926.625,3173.375,7619.0,3345.0,16586.25,6406.625,7220.0,9135.0,13926.625,0.02454792921248144,1.0,1.0,0.92,0.09999999999999999,0.6,0.9500000000000001,0.3,1.0,1.0,201,0.7808,3
0.39626559313190607,0.010090173735845477,0.10892205484775139,0.44030205105480397,0.5710233845993092,95.0,24320.0,7220.0,13922.375,3177.625,7274.375,3018.625,16584.25,6354.75,7220.0,9539.0,13922.375,0.024098649531343497,1.0,1.0,0.92,0.09999999999999999,0.6,0.9500000000000001,0.3,1.0,1.0,202,0.7801,3
0.36818384735992077,0.0104835460389854,0.09875268628208066,0.40264277218007727,0.5762622890895919,95.0,24320.0,7216.625,14107.25,2996.125,6669.25,2792.25,17261.25,6551.625,7216.625,10038.625,14107.25,0.02365221022516612,1.0,1.0,0.92,0.09999999999999999,0.6,0.9500000000000001,0.3,1.0,1.0,203,0.7903,3
0.3936892745722281,0.011541462932655124,0.10425495082071345,0.4415750697255134,0.5710532613882894,95.0,24320.0,7220.0,13954.625,3145.375,8067.125,3710.125,16560.625,6133.375,7220.0,8985.5,13954.625,0.023208660251050176,1.0,1.0,0.92,0.09999999999999999,0.6,0.9500000000000001,0.3,1.0,1.0,204,0.7676,3
0.3998164630249927,0.01041881286563646,0.11171193661192727,0.44067517226856,0.5734812693768426,95.0,24320.0,7217.5,13791.375,3311.125,7903.625,3438.125,16394.0,6353.25,7217.5,8923.875,13791.375,0.022768048249248662,1.0,1.0,0.92,0.09999999999999999,0.6,0.9500000000000001,0.3,1.0,1.0,205,0.7623,3
0.38751852792736735,0.011646095945041837,0.10375452971600585,0.4305611611000801,0.5683732112771588,95.0,24320.0,7220.0,13907.625,3192.375,7739.0,3461.75,16623.875,6441.25,7220.0,9025.0,13907.625,0.022330422537832798,1.0,1.0,0.92,0.09999999999999999,0.6,0.9500000000000001,0.3,1.0,1.0,206,0.7876,3
0.36065309500615844,0.00808567426931021,0.09836808994081558,0.4007188487209772,0.5383990516395945,95.0,24320.0,7220.125,14114.625,2985.25,6552.75,2787.375,17176.875,6530.625,7220.125,10099.25,14114.625,0.021895831107393484,1.0,1.0,0.92,0.09999999999999999,0.6,0.9500000000000001,0.3,1.0,1.0,207,0.803,3
0.35955408905681807,0.007241634990465459,0.0996517461258918,0.3958935353120691,0.5471393939695861,95.0,24320.0,7220.0,14311.875,2788.125,5771.875,2363.125,17523.125,6869.875,7220.0,10577.75,14311.875,0.021464321615778423,1.0,1.0,0.92,0.09999999999999999,0.6,0.9500000000000001,0.3,1.0,1.0,208,0.7977,3
0.39859779665344636,0.009472762074361334,0.11053161520608948,0.4482439922462953,0.5447142262992106,95.0,24320.0,7220.0,13862.25,3237.75,7739.375,3378.875,16366.0,6198.625,7220.0,9186.25,13862.25,0.02103594138286605,1.0,1.0,0.92,0.09999999999999999,0.6,0.9500000000000001,0.3,1.0,1.0,209,0.7675,3
0.3794078271443907,0.008926644696207643,0.10131686013191939,0.4247532521815677,0.5678769602587348,95.0,24320.0,7220.0,14050.375,3049.625,6876.75,2997.0,17016.5,6745.25,7220.0,9527.625,14050.375,0.02061073738537635,1.0,1.0,0.92,0.09999999999999999,0.6,0.9500000000000001,0.3,1.0,1.0,210,0.7896,3
0.3903403040413793,0.00970449192314654,0.104121909795427,0.43867844541214013,0.5717467873112152,95.0,24320.0,7219.625,13840.0,3260.375,7978.375,3483.25,16511.375,6529.125,7219.625,8713.5,13840.0,0.020188756251719203,1.0,1.0,0.92,0.09999999999999999,0.6,0.9500000000000001,0.3,1.0,1.0,211,0.8105,3
0.36045779840726605,0.009236588752039672,0.09502874973266827,0.40314379999119987,0.5462055979590666,95.0,24320.0,7220.0,14161.875,2938.125,6379.375,2678.5,17283.0,6607.875,7220.0,10217.625,14161.875,0.019770044256881256,1.0,1.0,0.92,0.09999999999999999,0.6,0.9500000000000001,0.3,1.0,1.0,212,0.773,3
0.36747492875315646,0.009748725988519207,0.09600930310461032,0.41453283523258405,0.5445048229082634,95.0,24320.0,7220.0,14058.625,3041.375,6685.0,2816.875,16983.75,6550.0,7220.0,9921.375,14058.625,0.01935464731735119,1.0,1.0,0.92,0.09999999999999999,0.6,0.9500000000000001,0.3,1.0,1.0,213,0.7736,3
0.3677724794925828,0.009144346815638096,0.09598230130075919,0.41465811925499063,0.5531677156294648,95.0,24320.0,7219.875,13967.125,3133.0,7002.125,2946.625,16912.75,6622.875,7219.875,9558.25,13967.125,0.018942610986084487,1.0,1.0,0.92,0.09999999999999999,0.6,0.9500000000000001,0.3,1.0,1.0,214,0.795,3
0.37578045014095934,0.008781994185578937,0.10042432710699935,0.42699211626068545,0.5307807131817466,95.0,24320.0,7220.0,13963.125,3136.875,7632.0,3392.25,16680.25,6388.0,7220.0,9171.75,13963.125,0.018533980447508137,1.0,1.0,0.92,0.09999999999999999,0.6,0.9500000000000001,0.3,1.0,1.0,215,0.7649,3
0.3686293052607461,0.01222496437962706,0.09314165666919987,0.4176461396444785,0.544396142622358,95.0,24320.0,7220.0,14052.375,3047.625,6924.75,2965.125,17130.5,6586.875,7220.0,9698.0,14052.375,0.018128800512565515,1.0,1.0,0.92,0.09999999999999999,0.6,0.9500000000000001,0.3,1.0,1.0,216,0.7816,3
0.36349970161130557,0.010683991077454073,0.09499317977675482,0.41163851016838304,0.5200327564619089,95.0,24320.0,7220.0,14116.5,2983.5,6681.5,2820.125,17088.125,6520.375,7220.0,10003.625,14116.5,0.01772711561380248,1.0,1.0,0.92,0.09999999999999999,0.6,0.9500000000000001,0.3,1.0,1.0,217,0.7833,3
