loss,L_sup,L_A,L_B,L_proto,n_batches,cnt_u,cnt_a,cnt_b,cnt_c,hce_all,hce_hc,hce_den_hc,a_correct,a_total,round,acc,phase
0.7750470941004001,0.17996317450398286,0.42677618522000943,0.0,1.6830772944186863,95.0,24320.0,10441.5,0.0,13878.5,13870.375,4588.625,10441.5,5852.875,10441.5,23,0.5842,1
0.6790404346036283,0.12145799221593494,0.391991569709621,0.0,1.6559086876480205,95.0,24320.0,11999.25,0.0,12320.75,12789.25,4726.0,11999.25,7273.25,11999.25,24,0.5562,1
0.7281152849918918,0.15501370130989112,0.4049441024857132,0.0,1.6815747744158696,95.0,24320.0,11861.125,0.0,12458.875,10677.5,3106.0,11861.125,8755.125,11861.125,25,0.5923,1
0.6795732563263491,0.11120359162481404,0.40560360944976936,0.0,1.6276604997484307,95.0,24320.0,12026.25,0.0,12293.75,11995.625,4171.25,12026.25,7855.0,12026.25,26,0.6336,1
0.696397160699493,0.11874081031296795,0.41360573366676506,0.0,1.6405061254375857,95.0,24320.0,11726.25,0.0,12593.75,13025.0,4632.0,11726.25,7094.25,11726.25,27,0.5975,1
0.6701299440703894,0.12028844141903776,0.38884476907551285,0.0,1.6099672833555625,95.0,24320.0,12398.375,0.0,11921.625,13424.5,5379.0,12398.375,7019.375,12398.375,28,0.5983,1
0.690948432095741,0.12917403335205133,0.39682510730467346,0.0,1.649492863134334,95.0,24320.0,11960.625,0.0,12359.375,11566.875,3856.125,11960.625,8104.5,11960.625,29,0.525,1
0.6856046369593395,0.1258343146188724,0.402450358514723,0.0,1.5731996031183946,95.0,24320.0,11976.5,0.0,12343.5,13804.125,5343.875,11976.5,6632.625,11976.5,30,0.6004,1
0.6699885182474788,0.12105084775799983,0.39152310002399116,0.0,1.5741456604317616,95.0,24320.0,12327.25,0.0,11992.75,11795.375,4053.375,12327.25,8273.875,12327.25,31,0.5739,1
0.6929257459154253,0.12786555793503984,0.411297659595546,0.0,1.5376252230844998,95.0,24320.0,11473.875,0.0,12846.125,13744.375,5028.375,11473.875,6445.5,11473.875,32,0.6198,1
0.6383828308237227,0.09445559956978909,0.39223083877249765,0.0,1.5169638956847946,95.0,24320.0,12422.625,0.0,11897.375,11856.375,4286.25,12422.625,8136.375,12422.625,33,0.6407,1
0.6446902517033251,0.1037586969801372,0.3896735939148225,0.0,1.5125795704753775,95.0,24320.0,12538.0,0.0,11782.0,12979.375,5074.125,12538.0,7463.875,12538.0,34,0.59,1
0.6135739201385725,0.081378514993029,0.38292303191203825,0.0,1.4927236895812184,95.0,24320.0,12839.875,0.0,11480.125,12774.0,5306.75,12839.875,7533.125,12839.875,35,0.6187,1
0.6112808738492036,0.07890609385396698,0.38803330918675977,0.0,1.4434146622293875,95.0,24320.0,13056.5,0.0,11263.5,12051.5,4890.75,13056.5,8165.75,13056.5,36,0.6274,1
0.6298472393500177,0.08694101067590772,0.3980254465223927,0.0,1.44880779903186,95.0,24320.0,12554.125,0.0,11765.875,13179.5,5261.75,12554.125,7292.375,12554.125,37,0.6595,1
0.5860738511932524,0.07027458253831259,0.3719860524135201,0.0,1.4381321290605946,95.0,24320.0,13593.875,0.0,10726.125,9659.125,3457.0,13593.875,10136.875,13593.875,38,0.6687,1
0.5709572846167966,0.06336243478183046,0.36259098549030333,0.0,1.4500386100066334,95.0,24320.0,13812.0,0.0,10508.0,9975.5,3749.125,13812.0,10062.875,13812.0,39,0.6677,1
0.5737804872817115,0.06832755910949537,0.35613907691287366,0.0,1.4931384825392775,95.0,24320.0,14304.25,0.0,10015.75,10135.375,4148.875,14304.25,10155.375,14304.25,40,0.5788,1
0.5593031964411862,0.07232241859463484,0.3502597665708316,0.0,1.3672100780825867,95.0,24320.0,14647.5,0.0,9672.5,10077.125,4226.75,14647.5,10420.75,14647.5,41,0.6347,1
0.6090556747034976,0.08032646797088858,0.3884875604784802,0.0,1.4024164334723823,95.0,24320.0,13084.0,0.0,11236.0,12107.25,4815.0,13084.0,8269.0,13084.0,42,0.6331,1
0.5841890166072469,0.06908757220586076,0.379226196596497,0.0,1.3587524417199588,95.0,24320.0,13421.875,0.0,10898.125,12052.625,4911.25,13421.875,8510.625,13421.875,43,0.6345,1
0.5813872277736665,0.07297280653514654,0.3708268567135459,0.0,1.3758756080740377,95.0,24320.0,13341.625,0.0,10978.375,11898.875,4892.875,13341.625,8448.75,13341.625,44,0.5781,1
0.5841506060016782,0.07655431208213008,0.3772001416275376,0.0,1.3039615089956085,95.0,24320.0,13253.625,0.0,11066.375,13809.5,6191.375,13253.625,7062.25,13253.625,45,0.6425,1
0.5406975837914567,0.05928342791096504,0.35022130779137745,0.0,1.3119284479241622,95.0,24320.0,14087.75,0.0,10232.25,10524.125,4176.5,14087.75,9911.25,14087.75,46,0.6395,1
0.5812414472040376,0.0731521463796717,0.3754729730518241,0.0,1.3261632455022712,95.0,24320.0,13678.625,0.0,10641.375,10251.625,3829.5,13678.625,9849.125,13678.625,47,0.6907,1
0.5269293316100773,0.054517203071736735,0.34376628218512784,0.0,1.2864584295373214,95.0,24320.0,14606.75,0.0,9713.25,10083.875,4183.0,14606.75,10423.75,14606.75,48,0.5959,1
0.538511569680352,0.06294565429377957,0.3446541445623887,0.0,1.3091176794547783,95.0,24320.0,14321.25,0.0,9998.75,10550.875,4362.875,14321.25,9958.375,14321.25,49,0.6269,1
0.5446743688693172,0.0619277358039797,0.35581200622806425,0.0,1.2693462398491406,95.0,24320.0,13982.375,0.0,10337.625,11538.625,4925.625,13982.375,9056.75,13982.375,50,0.707,1
0.5454230041488222,0.059934141287445335,0.3585284010164047,0.0,1.2696045957113569,95.0,24320.0,14317.875,0.0,10002.125,9129.25,3170.625,14317.875,11147.25,14317.875,51,0.7073,1
0.5307991198018978,0.046654218571003235,0.3601357726870399,0.0,1.24009125413079,95.0,24320.0,13848.125,0.0,10471.875,10233.0,3727.5,13848.125,10120.625,13848.125,52,0.6855,1
0.5189785562455654,0.054499080282403155,0.3446730689194642,0.0,1.1980640564309923,95.0,24320.0,14530.625,0.0,9789.375,11539.0,5272.0,14530.625,9258.625,14530.625,53,0.6592,1
0.5404813716678243,0.0608433798752039,0.3603980873368288,0.0,1.1923990362568906,95.0,24320.0,14096.375,0.0,10223.625,11960.625,5307.625,14096.375,8788.75,14096.375,54,0.5902,1
0.5000091855659297,0.05602583916793504,0.3234926916266742,0.0,1.2049065208748768,95.0,24320.0,14961.125,0.0,9358.875,9955.5,4272.0,14961.125,10689.125,14961.125,55,0.6982,1
0.5121501320286801,0.04936131698900442,0.3453770832795846,0.0,1.1741172988163797,95.0,24320.0,14610.375,0.0,9709.625,10010.875,4210.875,14610.375,10399.5,14610.375,56,0.6854,1
0.5113331522596509,0.04648633431735155,0.34773726173137365,0.0,1.1710955439429533,95.0,24320.0,14497.625,0.0,9822.375,9865.75,3887.375,14497.625,10610.25,14497.625,57,0.7006,1
0.5413018670521283,0.046789891981078614,0.3755370109096954,0.0,1.189749618188331,95.0,24320.0,13864.625,0.0,10455.375,10970.5,4448.125,13864.625,9416.5,13864.625,58,0.7117,1
0.5114372987496225,0.04793835245164748,0.3483566617691203,0.0,1.1514228303181497,95.0,24320.0,14813.375,0.0,9506.625,10343.375,4414.0,14813.375,10399.375,14813.375,59,0.6589,1
0.5136570103074375,0.052834648109273984,0.3427652294110311,0.0,1.180571316888458,95.0,24320.0,14656.25,0.0,9663.75,11733.875,5395.75,14656.25,9260.5,14656.25,60,0.6741,1
0.6790838567442016,0.05862055161361288,0.22378715697283805,0.5702728375792504,1.1153972821016063,95.0,24320.0,8908.625,13028.375,2383.0,9892.0,3542.25,13922.375,6926.25,8908.625,61,0.6577,2
0.6451186839687197,0.050228950681201624,0.21593961649525323,0.5408001541307097,1.085500408081632,95.0,24320.0,9008.375,12826.75,2484.875,9458.125,3307.5,13963.25,7320.375,9008.375,62,0.746,2
0.6451395995130664,0.045698898826652255,0.21909837838458388,0.5360023718915488,1.1234113382665736,95.0,24320.0,8473.5,13406.0,2440.5,11134.625,4361.125,13681.875,6197.625,8473.5,63,0.7293,2
0.6755919263943245,0.04192004769697394,0.24889098353880018,0.5531659250196659,1.0819793306683239,95.0,24320.0,8632.75,13026.125,2661.125,10404.375,3759.375,13275.75,6727.25,8632.75,64,0.7186,2
0.6330405562723938,0.038160155628084835,0.22291249923015896,0.5342164436453267,1.0485967963149674,95.0,24320.0,9607.125,12377.75,2335.125,9352.375,3313.625,14190.375,7867.375,9607.125,65,0.6767,2
0.6638794461755376,0.05561263971919145,0.22569584683760216,0.5525865603826547,1.0627767831087112,95.0,24320.0,9140.625,12587.875,2591.5,9762.625,3476.375,13717.5,7321.375,9140.625,66,0.6957,2
0.6318229637255793,0.045829312231599986,0.2165757219258108,0.5321268356356181,1.0335451161390856,95.0,24320.0,9665.5,12342.5,2312.0,9139.25,3278.5,14261.375,8013.375,9665.5,67,0.6904,2
0.63560425556804,0.04451669683912769,0.2216389013944488,0.5380438242303698,1.004267443716526,95.0,24320.0,9541.0,12278.375,2500.625,11560.125,4661.375,13641.75,6744.25,9541.0,68,0.61,2
0.685677883695615,0.06445747891067233,0.2395402587852196,0.5577300968138794,1.0281509860565787,95.0,24320.0,9030.5,12441.375,2848.125,11296.625,4144.875,12899.125,6485.0,9030.5,69,0.6773,2
0.6251399486080597,0.049094127627138634,0.2061741441537283,0.5357454790096534,1.01998938384809,95.0,24320.0,10287.875,11637.625,2394.5,8429.125,2925.75,14351.5,8488.875,10287.875,70,0.6646,2
0.627926497200602,0.043393303121832254,0.21689432119264412,0.5362678436072249,0.9950494969361707,95.0,24320.0,10014.625,11898.0,2407.375,8851.5,3069.5,14152.25,8052.875,10014.625,71,0.7267,2
0.6472189993058379,0.038712354062743926,0.23627104066116242,0.5491008218966033,0.9768519358415353,95.0,24320.0,9990.625,11803.5,2525.875,9744.0,3421.75,13673.5,8033.125,9990.625,72,0.7527,2
0.6536394108282892,0.039997296012313055,0.24138614498078825,0.5455715556285883,0.9947019169205114,95.0,24320.0,10163.0,11553.0,2604.0,11018.0,4405.75,13547.75,7387.5,10163.0,73,0.7175,2
0.654278196629725,0.042565672479165526,0.23937175453297402,0.5496389538441834,0.9752129415932455,95.0,24320.0,10123.5,11693.0,2503.5,10782.125,4161.125,13766.5,7475.5,10123.5,74,0.7146,2
0.6279335900749031,0.037198850932212445,0.2245801448135784,0.5379421450589833,0.9718352071548764,95.0,24320.0,10741.125,11279.75,2299.125,9352.625,3660.5,14415.625,8375.75,10741.125,75,0.7204,2
0.6512043347092051,0.039431893786930135,0.2431772089906429,0.548523811721488,0.9433332783611197,95.0,24320.0,10401.125,11428.875,2490.0,11551.875,4844.75,13737.25,7199.5,10401.125,76,0.7279,2
0.6241779923046891,0.0400193386726498,0.22681949619007738,0.5277996567126951,0.9343932847443381,95.0,24320.0,11565.875,10466.125,2288.0,8745.125,3234.875,14732.5,9419.75,11565.875,77,0.7047,2
0.5990486157175742,0.03295984248979949,0.21490780591572586,0.5235560093663241,0.8940296278972375,95.0,24320.0,12323.875,9821.75,2174.375,8753.5,3389.5,15131.75,9826.5,12323.875,78,0.6655,2
0.6567779277892489,0.047703705676279864,0.23761282608305154,0.5557966431112665,0.9356307514403995,95.0,24320.0,11162.75,10625.25,2532.0,10178.875,3699.75,13946.0,8493.625,11162.75,79,0.7309,2
0.6199288939959126,0.03248988820552385,0.2364162957883979,0.5255449597380663,0.8825022957042645,95.0,24320.0,11848.375,10153.125,2318.5,10439.25,4379.0,14502.5,8678.875,11848.375,80,0.7019,2
0.6328839747921418,0.03982550532244587,0.23377115473543342,0.5432398201211504,0.8766740486810082,95.0,24320.0,11533.125,10284.125,2502.75,9667.625,3466.625,14135.125,9049.125,11533.125,81,0.7361,2
0.6521702417025441,0.04025740358200366,0.24555039861680644,0.5559654497394436,0.8837971409684733,95.0,24320.0,10242.375,11359.5,2718.125,12170.25,4980.125,13185.625,6817.875,10242.375,82,0.7188,2
0.6434094409017187,0.038998101854476296,0.23759076658048126,0.5535532445891908,0.9004395030831036,95.0,24320.0,11307.625,10502.25,2510.125,9825.125,3696.0,14024.5,8651.0,11307.625,83,0.6291,2
0.6475069558934161,0.04706496132850206,0.2405255436603176,0.5455557862786871,0.871385584144216,95.0,24320.0,11888.75,9991.875,2439.375,10249.375,4136.875,14270.75,8937.625,11888.75,84,0.7021,2
0.6113518527855999,0.03428415370535253,0.23405631656121265,0.5163867792408717,0.8481799339777546,95.0,24320.0,12073.125,10001.875,2245.0,9423.75,3673.5,14618.875,9666.5,12073.125,85,0.7305,2
0.6226361971152456,0.03269932299061972,0.23990069427772573,0.53336869733114,0.8335183050287397,95.0,24320.0,12346.0,9540.125,2433.875,8962.125,3161.875,14495.875,10053.75,12346.0,86,0.7064,2
0.6421816476473683,0.03967867773761482,0.2478240761513773,0.53714116129436,0.8610831239505818,95.0,24320.0,12036.75,9952.0,2331.25,10253.25,4254.875,14453.125,8944.375,12036.75,87,0.7017,2
0.6050951376165215,0.03591344673707346,0.22331970237979765,0.5246563767132006,0.8353380119330005,95.0,24320.0,12536.75,9614.5,2168.75,9108.125,3808.125,15074.125,9690.25,12536.75,88,0.7253,2
0.6501811878461586,0.039321036045255726,0.24886346223126898,0.5576289396144841,0.8318222077269304,95.0,24320.0,11605.0,10028.625,2686.375,10600.875,4023.625,13789.875,8556.0,11605.0,89,0.7235,2
0.6351987959915086,0.039353755195502584,0.2444199178759989,0.5393351290571062,0.817575570235127,95.0,24320.0,12215.75,9583.375,2520.875,8093.375,2459.0,14128.375,10393.5,12215.75,90,0.6976,2
0.6491270446855771,0.04158105891776933,0.2490012970507929,0.5530166618525982,0.8203635735731376,95.0,24320.0,11983.5,9773.125,2563.375,10718.375,4309.5,13988.75,8599.5,11983.5,91,0.7055,2
0.6204491009445565,0.034572263166161354,0.2377148158554184,0.53614537366911,0.8008933518277971,95.0,24320.0,12592.5,9369.0,2358.5,9481.625,3706.625,14633.0,9771.875,12592.5,92,0.7548,2
0.604583991044446,0.03098663080416277,0.23015398430196862,0.5307771214921223,0.7805481438574038,95.0,24320.0,13415.5,8662.375,2242.125,8896.375,3597.375,15202.625,10529.5,13415.5,93,0.668,2
0.6399180692669593,0.03807636463101708,0.24790503042504974,0.549629383259698,0.7912198112983452,95.0,24320.0,12354.5,9503.625,2461.875,10600.0,4445.625,14226.25,8884.625,12354.5,94,0.7088,2
0.6193335694309912,0.03204259021486474,0.24236282301380446,0.5331782699415558,0.7833902116668852,95.0,24320.0,12744.0,9306.875,2269.125,9091.75,3372.875,14623.75,10119.875,12744.0,95,0.7613,2
0.61275334201361,0.0286545631095865,0.24138291614424243,0.5307190751558855,0.7735632534089841,95.0,24320.0,13008.0,9078.5,2233.5,8870.875,3372.0,14805.125,10385.25,13008.0,96,0.7536,2
0.609169547220594,0.02869651040681148,0.2301724880345558,0.5451392552178157,0.777309222127262,95.0,24320.0,13652.25,8499.875,2167.875,7860.125,2899.875,15321.75,11396.25,13652.25,97,0.691,2
0.6248410993108624,0.03677112505477118,0.2407146131717845,0.539578614658431,0.7756605355363143,95.0,24320.0,12905.625,9109.0,2305.375,10381.75,4296.125,14664.125,9552.0,12905.625,98,0.7349,2
0.5954955414329705,0.03247701535920466,0.22813004619981114,0.5230098333797957,0.733835622511412,95.0,24320.0,13166.375,8904.625,2249.0,8978.25,3455.875,14950.0,10297.75,13166.375,99,0.7426,2
0.6069816949336152,0.02992741435821364,0.23604496860582577,0.5327639471935599,0.7462733795768337,95.0,24320.0,13231.0,8843.375,2245.625,9082.75,3440.25,14953.625,10616.0,13231.0,100,0.7762,2
0.5990858937956784,0.025582986871871216,0.232154842368082,0.5380949228609863,0.7230060419753979,95.0,24320.0,13651.25,8480.25,2188.5,8422.25,3218.125,15151.75,11071.375,13651.25,101,0.7362,2
0.6261770776227902,0.02993692898675554,0.24362980197919046,0.5615084032086949,0.7185614598424812,95.0,24320.0,13022.0,8862.875,2435.125,9606.875,3759.625,14506.375,9914.625,13022.0,102,0.7439,2
0.6028814325599293,0.028198077054970017,0.23507076959664885,0.5392317114103782,0.6999672939118587,95.0,24320.0,13776.875,8399.75,2143.375,8737.625,3681.125,15300.25,10635.625,13776.875,103,0.724,2
0.6198949010356477,0.0314151321465799,0.24428913256055426,0.5426646540823735,0.7285830860075196,95.0,24320.0,13101.25,8840.125,2378.625,9237.25,3478.625,14613.875,10275.375,13101.25,104,0.6931,2
0.6328438929037045,0.040000455250111894,0.2459954945860725,0.5488587402199444,0.724185726438698,95.0,24320.0,12893.5,8975.5,2451.0,11147.125,4733.625,14306.625,9060.875,12893.5,105,0.7424,2
0.6213556017922728,0.030238265879636038,0.24496110131669985,0.5479556703253797,0.7217839963342013,95.0,24320.0,13147.375,8825.125,2347.5,9078.625,3387.75,14668.875,10536.375,13147.375,106,0.7751,2
0.5989291383247626,0.031155014543267166,0.23385208659854376,0.531611526639838,0.6811627341728462,95.0,24320.0,13598.375,8444.625,2277.0,9447.125,3886.875,14908.5,10236.875,13598.375,107,0.7058,2
0.6145276405701512,0.035165545665413925,0.24368124465997282,0.5328847630635688,0.6923846866739424,95.0,24320.0,13888.875,8132.0,2299.125,9106.125,3697.625,14915.375,10749.625,13888.875,108,0.7859,2
0.5754871481343321,0.0249936711199361,0.2280391179221241,0.5135207227186153,0.6569399584672954,95.0,24320.0,14698.5,7610.625,2010.875,7291.5,2608.5,15778.0,12511.375,14698.5,109,0.7199,2
0.6165883395624789,0.03290792816643309,0.2468365868553519,0.5407226900521077,0.6648247896840698,95.0,24320.0,13682.0,8277.625,2360.375,11409.875,4982.5,14592.75,9220.25,13682.0,110,0.7215,2
0.6180672720466789,0.037123018895937616,0.2424761931853075,0.5359755232930183,0.7048029741174296,95.0,24320.0,12995.75,8886.5,2437.75,9493.375,3661.0,14542.75,10145.25,12995.75,111,0.7371,2
0.605427944268051,0.03554562450123118,0.23857152651211144,0.5231264008895347,0.6974759259506276,95.0,24320.0,14149.5,8045.375,2125.125,9181.125,3665.125,15144.75,11141.875,14149.5,112,0.75,2
0.616674734220693,0.031677351625464666,0.24719659284149348,0.5404483915551712,0.6757659435272216,95.0,24320.0,14228.0,7881.625,2210.375,8039.0,2892.875,15185.125,11717.375,14228.0,113,0.7098,2
0.6128380269988587,0.025941298373264116,0.2525679787718936,0.5376201150840835,0.6551869269264371,95.0,24320.0,13959.25,8085.375,2275.375,8531.875,3233.125,14955.25,11181.5,13959.25,114,0.7744,2
0.6033797926024387,0.027221868224717723,0.2407821402345833,0.540186565526222,0.652825017273426,95.0,24320.0,13959.875,8044.125,2316.0,8579.375,3239.375,15043.125,11128.75,13959.875,115,0.7615,2
0.6143561924366575,0.030188508954291277,0.24781907996849006,0.5388106070851024,0.6694330006053574,95.0,24320.0,14165.125,7939.5,2215.375,10176.25,4582.75,15032.375,10023.375,14165.125,116,0.7443,2
0.5786548371769881,0.025772697662652815,0.22694399613691,0.5241279992618059,0.638741442521936,95.0,24320.0,14486.125,7784.0,2049.875,9126.875,4003.375,15684.375,11071.5,14486.125,117,0.7115,2
0.6152197193158301,0.03139693249556187,0.2507549825663629,0.5340916369502482,0.6602198574103808,95.0,24320.0,13634.625,8415.125,2270.25,11121.125,5088.125,14835.625,9259.625,13634.625,118,0.7383,2
0.6036739655231175,0.03389846389442315,0.23827722911771976,0.5339039724516241,0.6454628577357845,95.0,24320.0,14309.625,7851.125,2159.25,9511.125,4053.125,15253.0,10743.125,14309.625,119,0.6638,2
0.619175241926783,0.041969431169625177,0.241754072041888,0.5408478687468329,0.6502780459429088,95.0,24320.0,13397.25,8410.375,2512.375,10607.0,4488.625,14466.125,9494.5,13397.25,120,0.738,2
0.5984705671668052,0.0251671430039048,0.24358518703007384,0.5344677102801046,0.6248438231647014,95.0,24320.0,14268.25,7753.625,2298.125,9035.5,3562.5,14988.875,11019.25,14268.25,121,0.7435,2
0.6291356502002791,0.03194442910914261,0.2592086691115248,0.5456118413100117,0.6517663234158566,95.0,24320.0,13354.5,8494.75,2470.75,10760.125,4452.625,14302.375,9379.75,13354.5,122,0.7984,2
0.5987598201161937,0.02791973854825636,0.2402349505769579,0.531772507452651,0.6471887833978002,95.0,24320.0,14251.5,7931.75,2136.75,8615.625,3496.75,15317.25,11252.375,14251.5,123,0.6785,2
0.6283054660809668,0.03705018737665868,0.25072171796897524,0.5541080874832053,0.6347951710616287,95.0,24320.0,13282.125,8405.0,2632.875,11553.875,4900.0,14271.125,8904.0,13282.125,124,0.7621,2
0.6025161954133134,0.02929143616730519,0.24222491280616898,0.5362483286936032,0.6287568109600168,95.0,24320.0,13756.375,8236.125,2327.5,8534.125,3210.125,14996.75,11101.875,13756.375,125,0.727,2
0.6263006901270465,0.02733929474703281,0.26416022781478726,0.5474898951226159,0.610562212843644,95.0,24320.0,13555.25,8202.875,2561.875,9892.5,3857.0,14385.125,10102.375,13555.25,126,0.7711,2
0.6093819270008488,0.027886456473558946,0.24867431982175298,0.5455255016684531,0.6005839986236472,95.0,24320.0,14185.0,7762.625,2372.375,9545.75,3836.375,14701.125,10692.25,14185.0,127,0.76,2
0.6141722259552855,0.026312495896892968,0.251037487211196,0.5524400338922676,0.6060222719452882,95.0,24320.0,13691.25,8204.0,2424.75,10870.875,4814.25,14497.25,9376.75,13691.25,128,0.7591,2
0.6050017409810895,0.026159980682055717,0.25191825436134085,0.535146019372501,0.5935049641681345,95.0,24320.0,14407.125,7621.125,2291.75,9990.625,4318.25,15071.125,10498.25,14407.125,129,0.7643,2
0.6103083732488908,0.03557020233711228,0.24304129563664134,0.5387295950792338,0.6233207609308393,95.0,24320.0,14021.625,8053.375,2245.0,9988.75,4312.375,15027.125,10248.0,14021.625,130,0.7134,2
0.5869281353526994,0.03056900501986475,0.23483522008908422,0.5246301099265877,0.592088562093283,95.0,24320.0,14178.5,7866.375,2275.125,11093.375,5005.25,15015.0,9685.125,14178.5,131,0.7463,2
0.5934660668827986,0.027515256859968713,0.2415379147780569,0.531692345597242,0.5856672269733328,95.0,24320.0,14090.125,7871.875,2358.0,10716.125,4683.375,14932.125,9883.0,14090.125,132,0.7643,2
0.5913011980292044,0.02443704744035035,0.24605541674322207,0.5252716794217888,0.5817289349279906,95.0,24320.0,14238.125,7714.0,2367.875,9518.5,3818.125,14896.0,10814.375,14238.125,133,0.7466,2
0.607286010290447,0.030229670637575177,0.25051890493027473,0.5353908942718255,0.5884198909527377,95.0,24320.0,14298.375,7707.5,2314.125,10287.0,4473.0,14928.625,10164.5,14298.375,134,0.6356,2
0.5894402143594465,0.029694286549439362,0.23929577295325305,0.5271215368846529,0.5688938585159027,95.0,24320.0,14439.625,7585.25,2295.125,10254.125,4363.375,15011.5,10351.125,14439.625,135,0.7535,2
0.5743444803906115,0.025078765391433416,0.23408626431697294,0.5155462845375662,0.5740630915290431,95.0,24320.0,13883.25,8272.125,2164.625,9703.375,4279.375,15316.75,10353.125,13883.25,136,0.8001,3
0.6011262365861942,0.02067974349759568,0.2540928520262241,0.539040755088392,0.5683326331800536,95.0,24320.0,13020.5,8735.5,2564.0,10431.5,4299.5,14398.625,9346.875,13020.5,137,0.7558,3
0.5943207165912578,0.0347258044976594,0.2376500427526863,0.5277844400782334,0.5805264935681693,95.0,24320.0,13764.125,8247.0,2308.875,9540.625,3868.5,14904.625,10508.0,13764.125,138,0.7616,3
0.5970296320946593,0.029656007211183586,0.24116967794926542,0.5365473930380846,0.5793024921103528,95.0,24320.0,14100.25,7851.5,2368.25,8793.375,3450.0,14973.375,11053.625,14100.25,139,0.7958,3
0.5641303667896673,0.024464998276303773,0.2212179210331095,0.5260565953819375,0.5541914839493601,95.0,24320.0,15076.875,7180.75,2062.375,8854.75,3869.875,15909.25,11506.375,15076.875,140,0.6593,3
0.5898282148728244,0.03037988825618461,0.23467336394088834,0.5363477538290776,0.5660108613340479,95.0,24320.0,13351.0,8473.875,2495.125,10447.375,4367.875,14765.375,9712.75,13351.0,141,0.7816,3
0.5841507069374386,0.02367993061305146,0.23898317801128874,0.5319045118203288,0.5553534281489096,95.0,24320.0,14307.5,7873.875,2138.625,9372.125,4027.125,15488.625,10810.125,14307.5,142,0.7827,3
0.5826979091685068,0.02601438803157132,0.2333759947532886,0.5345339679796445,0.5604054161200398,95.0,24320.0,14122.625,7971.0,2226.375,10550.75,4865.25,15265.5,9934.125,14122.625,143,0.7063,3
0.5972677879035473,0.027865936891574072,0.243236298476787,0.541873757698034,0.5522867413335725,95.0,24320.0,14160.75,7807.0,2352.25,10001.625,4301.375,14885.625,10313.0,14160.75,144,0.776,3
0.578633559455997,0.023618221346834233,0.23324254396322527,0.5346632369450832,0.5444117588824346,95.0,24320.0,14313.25,7796.5,2210.25,9277.875,4018.25,15384.75,10810.125,14313.25,145,0.7446,3
0.5886555693651501,0.03181249456691531,0.23918913653806637,0.5248150428266902,0.552464175812508,95.0,24320.0,14372.5,7730.125,2217.375,9619.75,4086.375,15160.875,10803.5,14372.5,146,0.7128,3
0.5743906672847898,0.030118748015803772,0.23025599769071528,0.5204944881169419,0.5376867698603555,95.0,24320.0,13755.0,8161.5,2403.5,9774.875,4047.25,14924.0,10250.125,13755.0,147,0.7679,3
0.5717411029887827,0.020779137410480823,0.23653762290548339,0.525432202886594,0.5170824154035042,95.0,24320.0,14289.25,7756.875,2273.875,9556.25,3967.875,15243.0,10783.375,14289.25,148,0.7886,3
0.5738904168731288,0.023748053064857808,0.23319867624852217,0.5284358259486526,0.5272577318313875,95.0,24320.0,14233.625,7778.25,2308.125,9258.75,3784.375,15219.0,10868.375,14233.625,149,0.8102,3
0.5662025718312514,0.01915962629810613,0.23044359319304164,0.5307774422592239,0.5121063226147702,95.0,24320.0,14847.0,7308.5,2164.5,8164.0,3281.875,15733.0,11947.875,14847.0,150,0.8018,3
0.5967084354083789,0.024331701216655538,0.2487697840815312,0.5415848586120104,0.5281452062882875,95.0,24320.0,14333.125,7594.125,2392.75,9354.875,3730.5,14996.5,10823.375,14333.125,151,0.7994,3
0.5695952767996412,0.021610436234531287,0.23106721461211382,0.5299028249555512,0.5196621227029122,95.0,24320.0,15477.625,6747.5,2094.875,6937.25,2578.375,16087.0,13104.5,15477.625,152,0.7965,3
0.5975285657534474,0.022234844886636556,0.2462793555306761,0.553198537191278,0.5241509741074161,95.0,24320.0,14768.0,7258.375,2293.625,7210.875,2501.0,15404.0,12496.75,14768.0,153,0.7732,3
0.5682154544089969,0.02356869665198151,0.23056351535610461,0.528687766900188,0.4973936047993208,95.0,24320.0,15114.375,7038.25,2167.375,8803.75,3667.25,15761.5,11692.0,15114.375,154,0.6913,3
0.5753413558398424,0.030189938152417252,0.2297071433577098,0.528668950792206,0.5110979829963885,95.0,24320.0,14879.5,7215.125,2225.375,9496.125,4081.625,15431.5,11240.125,14879.5,155,0.7552,3
0.5793102028730669,0.025871203656884303,0.2437743921715178,0.5162504850249542,0.5153936467280513,95.0,24320.0,14607.75,7439.75,2272.5,10023.375,4401.875,15129.625,10654.75,14607.75,156,0.7651,3
0.5743608768049039,0.021042887693099484,0.24009741805493828,0.524328288435936,0.5105642792425658,95.0,24320.0,14162.5,7774.125,2383.375,10169.125,4471.5,15018.0,10056.375,14162.5,157,0.7137,3
0.5772973994675435,0.026508211120534194,0.233412837864537,0.5322612550109624,0.512457239078848,95.0,24320.0,14962.375,7141.0,2216.625,8794.25,3558.25,15580.875,11734.125,14962.375,158,0.7635,3
0.5951959548420028,0.024690796160384228,0.24862301722168922,0.5414763945890101,0.511439439026933,95.0,24320.0,14686.25,7287.375,2346.375,9649.75,4195.375,15269.875,10739.5,14686.25,159,0.7437,3
0.594427579562915,0.02726304192313508,0.24464439445812453,0.5398655079109105,0.5258738884016088,95.0,24320.0,15156.125,6921.875,2242.0,8905.125,3701.125,15512.125,11680.75,15156.125,160,0.697,3
0.593461379251982,0.02663101198819564,0.25085775637509006,0.5285290427309902,0.5170809047002541,95.0,24320.0,14910.625,7232.5,2176.875,9696.5,4380.125,15423.875,10769.75,14910.625,161,0.6838,3
0.5634326972067356,0.02490701514685306,0.22768093659297414,0.5220177176751588,0.49835887002317536,95.0,24320.0,15249.75,7044.875,2025.375,10166.625,4960.125,15869.375,10623.125,15249.75,162,0.7926,3
0.583886404335499,0.02282412982588683,0.24171869808709934,0.5376181380921289,0.5053450611861128,95.0,24320.0,14529.25,7470.875,2319.875,9820.25,4317.875,15115.0,10620.25,14529.25,163,0.7655,3
0.5763256417685433,0.024878098436410687,0.23954857992694567,0.5232827626560864,0.5025758253116357,95.0,24320.0,14977.375,7175.25,2167.375,8881.0,3615.0,15594.5,11651.0,14977.375,164,0.7851,3
0.583942819543575,0.02235116189664328,0.24470683944068458,0.5350753138724126,0.49347160411508456,95.0,24320.0,15353.5,6806.875,2159.625,9383.75,4279.375,15632.5,11402.5,15353.5,165,0.7861,3
0.5790612731717134,0.023438889364172755,0.2441536948476967,0.525558211536784,0.4868958357525499,95.0,24320.0,14875.125,7062.625,2382.25,9649.875,4050.0,15068.0,10999.75,14875.125,166,0.7465,3
0.5873291600691645,0.023262935626247015,0.24978084570091025,0.5305461803745283,0.49012289078612076,95.0,24320.0,14577.125,7354.375,2388.5,8423.125,3212.875,15152.5,11625.125,14577.125,167,0.7898,3
0.5891070729807804,0.019434893272333092,0.2537783635682181,0.535482791889655,0.4815242049725432,95.0,24320.0,15445.5,6623.0,2251.5,8421.75,3401.625,15458.75,12122.5,15445.5,168,0.7644,3
0.5711702123676475,0.023710088203753053,0.23707077418895142,0.5224204635933826,0.49179117895270646,95.0,24320.0,15108.625,7102.5,2108.875,8749.25,3780.625,15839.125,11741.5,15108.625,169,0.775,3
0.5962181374430656,0.025600852790031287,0.25204211689139666,0.5385263850030145,0.493119735702088,95.0,24320.0,14752.75,7243.625,2323.625,9599.375,4038.125,15100.625,11026.5,14752.75,170,0.768,3
0.5859780505691704,0.02530545602509703,0.2439498782452,0.5364073375534071,0.48519048369244533,95.0,24320.0,15634.75,6567.625,2117.625,7127.25,2711.5,15899.875,13083.125,15634.75,171,0.7813,3
0.5563214838112656,0.020129060340542834,0.23092323639675189,0.5166532635688782,0.46942556253389317,95.0,24320.0,15643.5,6589.0,2087.5,9040.5,3983.75,16015.5,11767.5,15643.5,172,0.7354,3
0.5706841113143846,0.024042437552155828,0.23937877817569594,0.5210985327237531,0.4671362909439363,95.0,24320.0,15277.75,6805.75,2236.5,9796.875,4274.375,15438.25,11185.375,15277.75,173,0.7376,3
0.5964130009475508,0.032539998063676696,0.2503801589929744,0.527966434979125,0.495096264661927,95.0,24320.0,13958.0,7845.875,2516.125,11462.75,5179.25,14527.375,9108.5,13958.0,174,0.7031,3
0.6017408169806003,0.030922177204966397,0.2507848727957983,0.5377967699577934,0.5113538144058303,95.0,24320.0,14748.75,7265.875,2305.375,9066.75,3929.875,15243.75,11199.5,14748.75,175,0.794,3
0.5905940218191398,0.023346828802114986,0.2525053402114856,0.5311699916657648,0.4915685866224138,95.0,24320.0,14439.875,7431.375,2448.75,10416.375,4596.25,14884.75,10152.625,14439.875,176,0.7527,3
0.5957667227638395,0.02615949510271955,0.25218543208351263,0.5382990436334358,0.48272272991506676,95.0,24320.0,14805.875,7094.5,2419.625,9882.875,4222.875,14936.75,10667.875,14805.875,177,0.7198,3
0.5690368594699784,0.026790020819201968,0.23451048295552793,0.5188436901490939,0.4831451141128415,95.0,24320.0,15312.875,6787.125,2220.0,8449.625,3331.125,15582.875,12225.5,15312.875,178,0.7665,3
0.6045716484518427,0.026047601736162936,0.2550888498950946,0.5504426904414829,0.4821385124012044,95.0,24320.0,14055.125,7591.25,2673.625,9959.875,3882.625,14472.25,10472.0,14055.125,179,0.7665,3
0.5810670840897058,0.027744121466898117,0.23983315489205878,0.5279802324348375,0.4949969151302388,95.0,24320.0,15154.0,6994.25,2171.75,7911.0,3166.75,15734.0,12263.75,15154.0,180,0.7499,3
0.5423397072051701,0.02473124501227989,0.21534917216355864,0.5120333568242035,0.462426107925804,95.0,24320.0,15997.125,6385.25,1937.625,7497.75,3098.625,16394.0,13110.25,15997.125,181,0.7568,3
0.599585198885516,0.02952368688634842,0.2523165943003014,0.5401776743562597,0.4765608013068375,95.0,24320.0,14570.125,7210.0,2539.875,9726.875,3990.25,15009.625,10764.875,14570.125,182,0.729,3
0.5577642314920299,0.023329847090797936,0.22551189824742707,0.5254568109778982,0.46194081667222475,95.0,24320.0,15392.375,6793.0,2134.625,9244.625,4198.125,15835.625,11340.25,15392.375,183,0.7183,3
0.5670156034199815,0.027938178876234145,0.2316311798401569,0.5210691922197217,0.4691164713156851,95.0,24320.0,15251.75,6870.25,2198.0,9246.75,4070.125,15634.375,11337.75,15251.75,184,0.8,3
0.5941683306897941,0.02288054814899193,0.25796807170110314,0.5311274651241931,0.4775597804471066,95.0,24320.0,14886.25,6993.625,2440.125,8821.0,3521.375,15013.125,11461.375,14886.25,185,0.7234,3
0.576662439186322,0.025472372154227308,0.24335817884849875,0.5230986125375096,0.46282581832063824,95.0,24320.0,14874.875,7111.125,2334.0,10630.0,4891.75,15157.125,10138.125,14874.875,186,0.7877,3
0.5703013395400424,0.02138211089063828,0.2355541170231606,0.5338053728404798,0.46462423244589246,95.0,24320.0,15164.375,6898.5,2257.125,8570.875,3648.0,15632.0,11701.25,15164.375,187,0.8055,3
0.575147400090569,0.020987956618007862,0.24316571348003646,0.5290455075078889,0.46470975322942987,95.0,24320.0,14996.5,6942.75,2380.75,9309.375,4000.375,15212.375,11238.875,14996.5,188,0.7247,3
0.6001102595344969,0.02621597196067389,0.25767208593652435,0.5387810938844555,0.4683165430630508,95.0,24320.0,15042.5,6878.25,2399.25,10689.75,4734.875,14961.0,10243.25,15042.5,189,0.7964,3
0.5748055639235596,0.019389802451845944,0.24218519794705667,0.5354243242819058,0.45518400578906665,95.0,24320.0,15473.25,6639.5,2207.25,8458.25,3645.125,15810.625,11917.625,15473.25,190,0.7834,3
0.5783445686101915,0.022224838083830516,0.24272807226761392,0.5328470681843005,0.4696812570879334,95.0,24320.0,14650.25,7306.0,2363.75,10578.625,4987.5,15197.375,9926.5,14650.25,191,0.6354,3
0.5806448596872781,0.029966474777871843,0.23672921969310232,0.5304789329829969,0.4870969770770324,95.0,24320.0,15202.125,6968.125,2149.75,7536.125,2899.0,15905.5,12658.375,15202.125,192,0.7869,3
0.5773154224612211,0.022709319423914787,0.24112111638839306,0.5341886934089034,0.46390639465106154,95.0,24320.0,14772.75,7245.0,2302.25,9747.375,4166.875,15429.875,10899.0,14772.75,193,0.8022,3
0.5844743577665404,0.024188123843448824,0.25325061255379727,0.5236316726984163,0.45219784453511236,95.0,24320.0,15086.0,6890.25,2343.75,9872.625,4360.625,15141.75,10782.5,15086.0,194,0.7132,3
0.5869229706886567,0.02681082410915559,0.2506125141327319,0.5270758353565869,0.45961715347672766,95.0,24320.0,14792.125,7039.0,2488.875,9591.0,3721.625,14903.625,11137.5,14792.125,195,0.7954,3
0.5798234468620075,0.021939535979426612,0.24582771538315634,0.5312738958942262,0.4641924745550281,95.0,24320.0,15585.375,6595.5,2139.125,8301.125,3391.0,15878.125,12273.75,15585.375,196,0.7575,3
0.5524586773232409,0.019358017847039985,0.23384559103532843,0.5101481682767993,0.44180984642160565,95.0,24320.0,16045.625,6199.5,2074.875,8196.75,3561.5,16135.625,12478.875,16045.625,197,0.7188,3
0.5817932525747701,0.02794512193650007,0.24084200984553286,0.5342928634270242,0.4585968943802934,95.0,24320.0,15396.375,6658.0,2265.625,9091.375,4035.5,15562.25,11407.25,15396.375,198,0.7493,3
0.571546861450923,0.02614009569500157,0.2367659019796472,0.526970601846513,0.45155562934906857,95.0,24320.0,15681.75,6455.5,2182.75,9207.0,4133.0,15880.125,11606.375,15681.75,199,0.7574,3
0.5808970247052218,0.024904844202683307,0.24685242223112208,0.5280179555282781,0.45130780056903236,95.0,24320.0,15760.75,6387.375,2171.875,9058.25,3891.25,15802.25,11833.25,15760.75,200,0.7671,3
0.5767411672363156,0.022210499656533725,0.24217180796947918,0.5351279452835258,0.4479488780623988,95.0,24320.0,15224.75,6751.5,2343.75,8964.25,3810.125,15525.25,11535.875,15224.75,201,0.7808,3
0.5952829237439131,0.02055508673978406,0.25534886040381694,0.5485266280409536,0.45115661170137555,95.0,24320.0,15118.625,6703.125,2498.25,9301.75,3791.875,15079.875,11267.25,15118.625,202,0.7431,3
0.5752369992042842,0.025444487638857316,0.2390413558110595,0.531718684536846,0.4489181365621717,95.0,24320.0,15524.25,6530.0,2265.75,8701.75,3590.0,15648.875,11996.375,15524.25,203,0.7938,3
0.5828512775662698,0.021946376938936543,0.2527951435234986,0.5269633070810844,0.44628103528367846,95.0,24320.0,15223.875,6763.75,2332.375,9767.5,4362.875,15287.375,10852.5,15223.875,204,0.7449,3
0.5828018525713369,0.023363584452798885,0.2523919072002172,0.5256721907932507,0.4421026537685018,95.0,24320.0,15248.75,6701.5,2369.75,10163.875,4600.125,15219.875,10682.875,15248.75,205,0.7463,3
0.5776112075699004,0.025680972465412004,0.2426429370222123,0.5289099287437764,0.44832333569463934,95.0,24320.0,14435.375,7419.75,2464.875,10167.0,4413.625,14989.0,10265.375,14435.375,206,0.7792,3
0.5685036009863803,0.020953383295809064,0.24329657219350337,0.5230842620330421,0.42711515512905623,95.0,24320.0,16020.75,6120.625,2178.625,8654.75,3744.5,15803.625,12196.375,16020.75,207,0.7854,3
0.5706432814268689,0.01875034089331932,0.24502805697878724,0.5265750174067523,0.435773758629435,95.0,24320.0,15852.5,6357.125,2110.375,7767.375,3263.0,16049.375,12696.875,15852.5,208,0.7891,3
0.5977938995549554,0.021703453230867652,0.2616422846619236,0.5416385895719653,0.436288659941209,95.0,24320.0,15038.125,6804.375,2477.5,9903.875,4248.25,14921.375,10667.5,15038.125,209,0.7389,3
0.575094518967365,0.020258100584952015,0.2432523016082613,0.5339515495065011,0.44608340714322897,95.0,24320.0,15053.0,6966.625,2300.375,9108.25,4045.625,15609.25,11265.125,15053.0,210,0.766,3
0.5872661571753653,0.023727058004250897,0.2540579171067006,0.5297937285743262,0.4458431780338288,95.0,24320.0,14671.875,7209.875,2438.25,11178.25,5077.25,15022.625,9747.125,14671.875,211,0.7927,3
0.5706025940022971,0.021355407977611512,0.2421193585976174,0.5273072069804919,0.4347422376275063,95.0,24320.0,15756.75,6330.5,2232.75,8739.75,3626.375,15743.625,12145.75,15756.75,212,0.7519,3
0.5748408831263844,0.022082259026999392,0.2439388932170052,0.5291850405304056,0.442272109420676,95.0,24320.0,15127.25,6855.0,2337.75,9284.125,4026.75,15394.25,11234.5,15127.25,213,0.7491,3
0.5861390489104548,0.022673482941861854,0.25110116067685584,0.535474826826861,0.44626990674357664,95.0,24320.0,15482.5,6488.625,2348.875,9451.625,4023.0,15379.0,11444.5,15482.5,214,0.7734,3
0.5757085878205926,0.022031630766669925,0.24425671897632512,0.5326850178994631,0.430777291835923,95.0,24320.0,14987.0,6867.875,2465.125,10241.875,4620.125,15088.0,10369.625,14987.0,215,0.7508,3
0.5873414553309743,0.029304014696543545,0.24811632831237818,0.5317632451653481,0.4403948909357974,95.0,24320.0,15192.875,6740.75,2386.375,9316.125,3818.625,15286.375,11358.125,15192.875,216,0.7476,3
0.5770327023769679,0.02901242383461642,0.2441278820269202,0.5215991619386171,0.43092814844689864,95.0,24320.0,15452.625,6479.125,2388.25,9366.25,3860.75,15247.375,11425.0,15452.625,217,0.7545,3
0.5519321545174247,0.024083289633027128,0.2301173196517323,0.5079089304726375,0.4377708091155479,95.0,24320.0,15422.25,6704.75,2193.0,9719.0,4585.875,15813.5,10906.375,15422.25,218,0.6762,3
0.5739982979470177,0.027696064055597065,0.23598653092784316,0.5329033120682365,0.4386404542154387,95.0,24320.0,15536.0,6371.875,2412.125,8263.5,3216.625,15574.875,12359.5,15536.0,219,0.7493,3
0.5672402958336629,0.02160963671998807,0.24226617434699282,0.52026566074867,0.4323165516320028,95.0,24320.0,15609.875,6463.25,2246.875,9366.875,4199.5,15737.0,11463.25,15609.875,220,0.7374,3
0.5791373109739077,0.02127955022120946,0.2513561988151387,0.5269097629738482,0.4304667881052745,95.0,24320.0,16059.625,6020.75,2239.625,6858.75,2375.25,15800.25,13625.25,16059.625,221,0.7776,3
0.5757247650309614,0.020737098711604056,0.24892934412744483,0.5277549836980668,0.4218082900894315,95.0,24320.0,15562.625,6462.25,2295.125,9835.25,4360.625,15432.5,11109.875,15562.625,222,0.809,3
0.5934392949468211,0.021081743589571773,0.26090907615266345,0.5370510409144978,0.4292295450442716,95.0,24320.0,15209.125,6695.75,2415.125,8991.375,3608.625,15285.5,11575.625,15209.125,223,0.8194,3
0.5660858518983188,0.021039507777650693,0.2392173696701464,0.5255884983821919,0.4303472560095159,95.0,24320.0,15146.875,6860.625,2312.5,9665.375,4250.0,15493.875,10997.0,15146.875,224,0.7434,3
0.5736759661843902,0.019686445092022616,0.25000033130575167,0.5233640515882717,0.4230716352007891,95.0,24320.0,15224.125,6724.875,2371.0,10027.375,4614.25,15438.125,10565.25,15224.125,225,0.7719,3
0.5655817431838889,0.02184053696707308,0.24018113066099195,0.5230059188055365,0.42057116204186495,95.0,24320.0,16030.75,6169.5,2119.75,7362.0,2930.375,16206.875,13151.5,16030.75,226,0.7718,3
0.5796152141533399,0.024098800459729605,0.24904205997131373,0.5280348117218207,0.4245694735332539,95.0,24320.0,15495.875,6420.875,2403.25,8923.875,3695.625,15353.625,11700.625,15495.875,227,0.789,3
0.582741126574968,0.021296242206498346,0.2511176752220643,0.534728343980877,0.4296303875744343,95.0,24320.0,15421.375,6558.75,2339.875,9622.75,4364.0,15501.0,11064.25,15421.375,228,0.6736,3
0.5949202151282837,0.029073977890105816,0.25465785461036783,0.536371407814716,0.4300267667362564,95.0,24320.0,15720.75,6213.5,2385.75,9181.125,3730.0,15421.25,11931.125,15720.75,229,0.792,3
0.569632530722179,0.022605698654814134,0.24210729418616544,0.525054571228592,0.42392252413065806,95.0,24320.0,15904.5,6172.125,2243.375,7899.375,3187.5,15823.625,12622.375,15904.5,230,0.7594,3
0.5692350241306582,0.02008777355007815,0.2404302865070732,0.5332139070096769,0.4211001190700029,95.0,24320.0,15969.75,6122.125,2228.125,7849.5,3266.125,16027.0,12755.375,15969.75,231,0.75,3
0.5581204291237029,0.020653055598469156,0.23781752856938465,0.5160178891922298,0.416408996284008,95.0,24320.0,16310.625,5906.25,2103.125,8266.5,3641.375,16164.0,12565.375,16310.625,232,0.7284,3
0.558471926184077,0.026186919799166437,0.23233119745395686,0.5159150253981352,0.41996295863860533,95.0,24320.0,16012.5,6215.0,2092.5,8337.875,3592.625,16178.25,12456.625,16012.5,233,0.7984,3
0.5820638213502732,0.02180131222458409,0.2496087040065935,0.5357357042008324,0.42785952934309057,95.0,24320.0,15608.0,6392.375,2319.625,9047.625,3809.75,15546.375,11780.875,15608.0,234,0.8157,3
0.5495257465855071,0.020541078890490002,0.2353923055392347,0.5039798611088803,0.41602432323913824,95.0,24320.0,16320.25,5936.25,2063.5,8900.0,4010.75,16144.875,12274.375,16320.25,235,0.7526,3
0.5928697885259202,0.02218491520677497,0.26223714470275133,0.5321235588506649,0.42385949072869195,95.0,24320.0,15498.5,6398.125,2423.375,9441.0,4073.625,15300.375,11332.25,15498.5,236,0.8147,3
0.5512391653892241,0.019519588829012047,0.23204244325231566,0.5168746934909569,0.4123978537556372,95.0,24320.0,15570.125,6480.625,2269.25,9820.875,4479.0,15747.25,11190.25,15570.125,237,0.7588,3
0.5725876879535223,0.023161431424638352,0.24353660379389397,0.5287222555397373,0.4152852634850302,95.0,24320.0,15899.875,6127.25,2292.875,7698.25,3025.5,15934.25,12832.125,15899.875,238,0.7789,3
0.5744734066489495,0.020730045871766235,0.24634027049729698,0.5321124746611244,0.41346852822523367,95.0,24320.0,15431.75,6488.25,2400.0,9207.75,3894.0,15556.0,11564.625,15431.75,239,0.7278,3
0.5635468675509879,0.019810828487358153,0.24506762901223023,0.5166029487001268,0.4036693615740852,95.0,24320.0,15299.75,6674.875,2345.375,10815.25,5127.375,15291.875,10041.125,15299.75,240,0.809,3
0.56276456643092,0.01887209416063821,0.23812941923541456,0.5279182081159793,0.4180394991055915,95.0,24320.0,16547.25,5729.625,2043.125,7334.5,2957.875,16453.125,13524.875,16547.25,241,0.7608,3
0.5633241969503855,0.020221149637118765,0.2397578432861912,0.5258518785630402,0.4041926477300493,95.0,24320.0,16344.125,5840.625,2135.25,8629.5,3903.875,16128.75,12315.875,16344.125,242,0.7984,3
0.5736372615553831,0.020992298530702676,0.24219515823612087,0.5385206595455345,0.411894739027086,95.0,24320.0,15902.125,6117.0,2300.875,8224.0,3407.125,15966.0,12513.5,15902.125,243,0.7898,3
0.5831749754908838,0.0289994332844416,0.2496349612741094,0.5256349930245625,0.4172308442623991,95.0,24320.0,15158.375,6619.125,2542.5,10366.75,4568.5,15032.5,10426.125,15158.375,244,0.739,3
0.5525280844224126,0.023953320805632852,0.22752712222894558,0.5203663451106925,0.4086446846394162,95.0,24320.0,15744.625,6299.75,2275.625,8390.25,3517.5,15932.0,12235.25,15744.625,245,0.8108,3
0.5716764459484501,0.02015504054112458,0.24866831830065506,0.5247435880334754,0.40481292503444777,95.0,24320.0,15277.75,6617.5,2424.75,10543.875,4790.25,15329.5,10472.5,15277.75,246,0.7917,3
0.5662836867727732,0.019548857714260903,0.23972944271211563,0.5319688288789046,0.4102097348947274,95.0,24320.0,16213.375,5912.625,2194.0,6538.75,2330.25,16167.5,13929.0,16213.375,247,0.7813,3
0.5701798021793365,0.019563002250996712,0.2451609310645022,0.5267447620630263,0.42083487142073484,95.0,24320.0,15250.625,6689.875,2379.5,9458.875,4308.875,15516.75,11037.375,15250.625,248,0.8177,3
0.549572156291259,0.018107859174549382,0.2300535736801593,0.5216639924598367,0.4057872552620737,95.0,24320.0,16355.25,5890.625,2074.125,7559.0,3162.0,16472.25,13311.75,16355.25,249,0.8071,3
0.5552209310233593,0.0185679346408793,0.23394474916552244,0.5233224742310612,0.4104701223342041,95.0,24320.0,16368.875,5827.25,2123.875,7346.0,3077.125,16472.75,13345.75,16368.875,250,0.7605,3
0.5926086683806621,0.019100194023830182,0.25990301598059506,0.5436155226277677,0.4179769804995311,95.0,24320.0,15459.0,6390.375,2470.625,9195.375,3939.0,15351.75,11426.0,15459.0,251,0.7327,3
0.5760909909872632,0.021718591265839915,0.24427611912159544,0.5380071247486691,0.4109271823575622,95.0,24320.0,17061.375,5275.125,1983.5,6124.75,2243.625,16662.375,14689.25,17061.375,252,0.7893,3
0.563359842135718,0.01840808333271477,0.2414146177568718,0.5285163937626701,0.39278943954329737,95.0,24320.0,15806.375,6153.125,2360.5,9848.875,4485.25,15686.5,11244.5,15806.375,253,0.7659,3
0.5853375695253673,0.028205785869565597,0.24786350151621986,0.5348791880827201,0.41828686967492107,95.0,24320.0,15934.25,6135.375,2250.375,8420.75,3578.625,15860.625,12315.625,15934.25,254,0.7119,3
0.5806393700210672,0.02333913763194639,0.2567226445988605,0.519580022206432,0.4078757680168277,95.0,24320.0,16128.0,5801.5,2390.5,8259.125,3071.125,15394.375,12752.25,16128.0,255,0.8008,3
0.5393770822176808,0.021142007908967666,0.225820246976065,0.5058204919688012,0.395045817643404,95.0,24320.0,15605.125,6365.875,2349.0,10079.875,4606.125,15777.375,11010.625,15605.125,256,0.7764,3
0.5481276615277717,0.021760232627428575,0.23370321080284684,0.5060486200020501,0.3963990853805291,95.0,24320.0,16322.75,5817.25,2180.0,9059.375,4151.125,16102.625,12026.5,16322.75,257,0.7416,3
0.5943217123417478,0.02385868195438218,0.2622215443437821,0.5331200171065957,0.4168147890191329,95.0,24320.0,15078.0,6620.0,2622.0,9793.5,4015.125,14870.875,10987.625,15078.0,258,0.7934,3
0.5443456004324712,0.020887616173192663,0.23017940881024848,0.5053345485737449,0.40611301915426,95.0,24320.0,15993.375,6164.375,2162.25,7670.625,3065.5,16272.25,13099.0,15993.375,259,0.7501,3
0.5612585042260195,0.0207185689306291,0.24183078881745274,0.5168181132329137,0.40300090622745066,95.0,24320.0,15405.75,6449.125,2465.125,9840.5,4307.875,15333.75,11029.25,15405.75,260,0.8056,3
0.5756011235870813,0.019644103923928926,0.25198346099963315,0.5273245786169641,0.40311269736603683,95.0,24320.0,15612.25,6235.125,2472.625,9089.625,3913.875,15468.125,11577.375,15612.25,261,0.7472,3
0.5687673228351693,0.025879176391601123,0.23865641732945253,0.5263550045066758,0.41054225234608904,95.0,24320.0,16074.75,5988.875,2256.375,8845.625,3845.625,16050.75,12203.875,16074.75,262,0.8223,3
0.580861063889767,0.01926466240899907,0.2558690423439992,0.5302127352474552,0.4062099067004103,95.0,24320.0,16027.875,5862.5,2429.625,7975.125,3007.25,15448.5,12785.25,16027.875,263,0.7359,3
0.5758856001261033,0.020122600141008945,0.253328395644693,0.5234642545643605,0.40702477560231554,95.0,24320.0,16078.5,5904.875,2336.625,8712.75,3697.5,15587.875,12118.375,16078.5,264,0.723,3
0.5638032220696149,0.025223717518689993,0.2325973026062313,0.5307976427439012,0.40583381386179673,95.0,24320.0,15208.875,6676.125,2435.0,9760.5,4465.0,15654.25,10946.125,15208.875,265,0.7828,3
0.5528905681481486,0.021634049694157987,0.23701999260014606,0.5111347391809288,0.3866915610667906,95.0,24320.0,15680.125,6280.875,2359.0,10104.0,4704.375,15624.125,10898.375,15680.125,266,0.7929,3
0.5544742321497516,0.01764357596632755,0.24057946023776344,0.513803477467675,0.3934945653143682,95.0,24320.0,16689.125,5522.75,2108.125,6917.0,2629.5,16328.75,13816.0,16689.125,267,0.792,3
0.572288107048524,0.018153047670248747,0.245078936160395,0.5367549855850245,0.4067863091434303,95.0,24320.0,15701.625,6279.25,2339.125,7412.625,2776.375,15940.5,12934.0,15701.625,268,0.7798,3
0.5826497883781007,0.022720919224114993,0.2507802364857573,0.5348855059005712,0.4170587989844774,95.0,24320.0,15686.5,6290.25,2343.25,8255.625,3365.125,15772.0,12268.875,15686.5,269,0.7448,3
0.5643164599412366,0.024606835962683704,0.23966936144585674,0.5181172297189109,0.4098164690560416,95.0,24320.0,16023.5,6031.25,2265.25,8343.875,3455.25,16010.125,12568.125,16023.5,270,0.8011,3
0.5545118718947235,0.018029397379110666,0.23457764924356814,0.5254121148664701,0.39198768036930187,95.0,24320.0,16523.875,5662.875,2133.25,6604.125,2447.625,16511.125,14054.25,16523.875,271,0.7747,3
0.5895152775472715,0.020959210625120534,0.26014193710135786,0.536686051284012,0.40071103917924983,95.0,24320.0,15711.25,6169.5,2439.25,9230.625,4018.875,15510.125,11522.75,15711.25,272,0.7726,3
0.5765284206130001,0.022455817365277506,0.24739967311095248,0.5314787690184618,0.4093354424755824,95.0,24320.0,15438.375,6436.75,2444.875,9789.125,4346.625,15517.125,11104.375,15438.375,273,0.7301,3
0.5554264074093417,0.018928501619742938,0.24121959523150793,0.51220442074302,0.391761011316588,95.0,24320.0,16355.875,5751.25,2212.875,8982.0,4031.875,16013.625,12129.0,16355.875,274,0.7702,3
0.5630127413100319,0.021525809079665986,0.24178495056142932,0.5191724475669234,0.40115756882648723,95.0,24320.0,15558.125,6366.875,2395.0,9264.25,4183.0,15621.0,11353.25,15558.125,275,0.7835,3
0.5575253701131595,0.01796745585176579,0.23661009479118023,0.5259764800730504,0.39959578859178646,95.0,24320.0,16087.125,6007.25,2225.625,7137.5,2710.125,16343.125,13450.75,16087.125,276,0.8027,3
0.5328204631021148,0.014748798948283747,0.22392374982959345,0.5120717258829819,0.38112049687065574,95.0,24320.0,16161.0,5994.0,2165.0,7523.125,3087.0,16385.5,13104.0,16161.0,277,0.7443,3
0.5566053753228564,0.02468463515121441,0.23516096805075282,0.5153592160461765,0.3908016330317447,95.0,24320.0,16271.125,5819.75,2229.125,9519.25,4406.125,15930.75,11620.25,16271.125,278,0.718,3
0.5773261799231956,0.02053562917081811,0.24898717117152716,0.5346562333797154,0.40475261968217396,95.0,24320.0,15303.625,6560.125,2456.25,10027.0,4688.0,15485.5,10654.875,15303.625,279,0.7352,3
0.5788968719542026,0.021714219131574376,0.25114454323131785,0.5313773568915694,0.40349432222153014,95.0,24320.0,16597.625,5542.625,2179.75,7803.0,3304.75,16213.375,13081.75,16597.625,280,0.8248,3
0.5592349782193962,0.018547132169202854,0.24085222808154008,0.5212644233515389,0.3920340561553052,95.0,24320.0,16136.25,5889.25,2294.5,8911.0,4091.125,15920.25,11862.25,16136.25,281,0.7003,3
0.5951442598904434,0.02421839111990075,0.2644860984463441,0.5315674353587,0.4065605353760092,95.0,24320.0,15404.125,6289.875,2626.0,10038.875,4343.125,15013.0,10755.375,15404.125,282,0.7856,3
0.5705039614909574,0.018604637727165887,0.24669948691796315,0.5310096345841885,0.39695019600422754,95.0,24320.0,15692.5,6200.625,2426.875,9063.125,4071.5,15851.75,11566.25,15692.5,283,0.7919,3
0.5673007770588523,0.02090667988247189,0.24982620953141077,0.514694384681551,0.3922069424861356,95.0,24320.0,15903.875,6044.875,2371.25,9435.5,4107.25,15626.5,11540.125,15903.875,284,0.7266,3
0.5596936320787982,0.020081113338298897,0.24535279247517647,0.5114010067166467,0.38559223707569273,95.0,24320.0,15964.625,5914.125,2441.25,8685.25,3488.25,15572.375,12138.625,15964.625,285,0.7654,3
0.56702719750373,0.022107727839274477,0.24242184595449973,0.5255041581235435,0.3974554531276226,95.0,24320.0,16485.625,5581.875,2252.5,8638.625,3723.25,16055.0,12534.25,16485.625,286,0.7189,3
0.5672247066309577,0.020938800384388553,0.2453360648139527,0.5237031733519153,0.39098254552013,95.0,24320.0,15932.375,6009.375,2378.25,9424.75,4422.125,15875.375,11396.0,15932.375,287,0.7855,3
0.5493211254085365,0.020106408132797744,0.2353944128967429,0.5095273182972482,0.3905664468674283,95.0,24320.0,16744.375,5464.75,2110.875,7021.625,2746.375,16531.25,13850.75,16744.375,288,0.8089,3
0.5834393178161822,0.020173714558232428,0.25990074930810614,0.5273198108924063,0.39704947851990396,95.0,24320.0,15458.625,6205.375,2656.0,10393.875,4617.625,15015.125,10542.0,15458.625,289,0.7594,3
0.5744588021385042,0.021780155886479313,0.2535093905306176,0.5190044767370349,0.3966701797356731,95.0,24320.0,16542.875,5437.25,2339.875,8216.625,3360.75,15767.25,12840.125,16542.875,290,0.8071,3
0.5802143325931147,0.020305379944865736,0.25520277055666635,0.5314277271691121,0.3899231820906464,95.0,24320.0,16587.125,5437.0,2295.875,9542.375,4486.625,15859.625,11741.875,16587.125,291,0.6924,3
0.5601071756529181,0.024621665866365414,0.2365422002971172,0.5202327012231476,0.3882695979585773,95.0,24320.0,16078.75,5884.0,2357.25,9275.0,4212.25,15940.75,11745.25,16078.75,292,0.8071,3
0.575343837157676,0.01802392990211956,0.25504122629369563,0.5285212813239348,0.3801804148837139,95.0,24320.0,16452.25,5533.75,2334.0,8375.375,3387.5,15729.625,12624.875,16452.25,293,0.7881,3
0.5542551453960569,0.016445283910051282,0.24273527743981071,0.5148521432751104,0.3764851223089193,95.0,24320.0,16079.5,5799.75,2440.75,9474.375,4199.0,15575.0,11553.375,16079.5,294,0.7691,3
0.5685892834083031,0.021391713366335212,0.24465819588421206,0.5268109321594239,0.391339089839082,95.0,24320.0,16252.5,5686.75,2380.75,7601.875,2897.125,15995.375,13197.0,16252.5,295,0.7987,3
0.5503197196674974,0.023254364359155785,0.2281373221917372,0.5177309293103846,0.40062569097468725,95.0,24320.0,15667.125,6273.375,2379.5,7854.375,3188.625,16034.25,12650.375,15667.125,296,0.8172,3
0.554220279345387,0.019911038219365046,0.23535318844216435,0.5201163615247136,0.3889787424159677,95.0,24320.0,16298.75,5715.625,2305.625,8659.25,3798.0,16076.75,12335.125,16298.75,297,0.7195,3
0.55467622829111,0.019919876026075433,0.23743406321461266,0.516376649921662,0.3913396279278554,95.0,24320.0,15634.0,6294.875,2391.125,9633.125,4431.75,15728.0,11216.625,15634.0,298,0.7187,3
0.5812941804920372,0.025235386620318566,0.24842818747029494,0.535966287965053,0.39647461540604895,95.0,24320.0,15630.75,6159.375,2529.875,9571.25,4277.625,15625.75,11220.0,15630.75,299,0.7946,3
0.568226856267766,0.022425063292183425,0.246821683311933,0.51970614879147,0.39127034976294167,95.0,24320.0,15703.0,6169.375,2447.625,9662.75,4357.0,15656.5,11206.625,15703.0,300,0.7307,3
