round,phase,gate,lr,acc,delta_acc,client,fedavg_weight,params_update_norm,params_update_relative,params_distance_to_fused,params_cos_to_fused,bn_mean_update_norm,bn_mean_update_relative,bn_mean_distance_to_fused,bn_mean_cos_to_fused,bn_var_update_norm,bn_var_update_relative,bn_var_distance_to_fused,bn_var_cos_to_fused,local_steps,a_ratio,a_prec
226,3,1.0,0.02141454902753976,0.8475,-0.005299999999999971,9,0.125,1.8813777192436447,0.04426295571085221,1.7651898242390387,0.3469204580133235,0.9669904719521133,0.06714564886276243,0.8880705716929883,0.3966775770000465,0.7233197212215529,0.037293163191688704,0.6595182240612559,0.4118152250966195,95,0.6969572368421053,0.8605309734513275
226,3,1.0,0.02141454902753976,0.8475,-0.005299999999999971,17,0.125,2.0907779463507383,0.049189490602532485,1.9048272341480679,0.421133681913561,1.0175926262629762,0.0706593489286973,0.9264400723473745,0.413803797333346,0.6862172105553992,0.03538021937929344,0.5690073347859841,0.5680742507773302,95,0.6657072368421053,0.8621988882025942
226,3,1.0,0.02141454902753976,0.8475,-0.005299999999999971,4,0.125,1.986396743460456,0.046733726130932664,1.8297846402766131,0.3910660406939864,1.1094738266099946,0.0770393733390056,0.9765193452180823,0.48941880954120004,1.0453693257933623,0.053897505789775514,1.121769333201419,-0.09407360728675884,95,0.6959292763157895,0.875096011816839
226,3,1.0,0.02141454902753976,0.8475,-0.005299999999999971,0,0.125,1.94820299015732,0.04583514612033938,1.8250872398859452,0.34998601525729894,1.3940668418890723,0.09680087381599277,1.2961888189171693,0.37725762534374246,1.8826576069765568,0.09706669859972678,1.7379236079798042,0.5195932355597237,95,0.8262746710526315,0.9723811893505847
226,3,1.0,0.02141454902753976,0.8475,-0.005299999999999971,11,0.125,1.8106030180625328,0.04259784751286219,1.692657493107413,0.35634644507029073,1.1236761810185916,0.07802555296518021,0.986453437507486,0.49646800896744836,1.34902283563114,0.06955337630438671,1.19080607132393,0.5837394530258709,95,0.8153371710526316,0.9621261788289879
226,3,1.0,0.02141454902753976,0.8475,-0.005299999999999971,12,0.125,1.9845141216508397,0.0466894339056517,1.851012238821527,0.3606587450115979,1.0205806844136862,0.07086683298276875,0.926654827359963,0.4193825021808157,0.7735822139360502,0.03988461381611966,0.6689446066281831,0.5116231522236796,95,0.71640625,0.8206393847213453
226,3,1.0,0.02141454902753976,0.8475,-0.005299999999999971,10,0.125,1.8239545627605103,0.04291196775867632,1.7611346956875003,0.28020727765658027,1.0273066670310105,0.07133387012551141,1.080890598594881,0.06601493415641056,0.9561735341693788,0.049298718952569674,0.9912288431099712,0.05601786927484749,95,0.7561266447368421,0.9402903909946163
226,3,1.0,0.02141454902753976,0.8475,-0.005299999999999971,1,0.125,2.040625392200838,0.04800955726941339,1.9011782800317947,0.363895891268853,1.3385998661166514,0.09294937146232866,1.290829509161308,0.2676450884366658,1.9020168116541403,0.09806482703189942,1.9685976346857814,-0.12733082496519715,95,0.6696134868421053,0.9255142769419712
227,3,1.0,0.02086798289262284,0.852,0.0044999999999999485,15,0.125,2.2323501129729553,0.0525679215935432,2.0573923068023574,0.3921626709549731,1.410209212172378,0.09843627072585909,1.2926558400874206,0.42377030011551664,1.3188333979826399,0.0678269639020181,1.2656347373545913,0.2819870045786378,95,0.6024259868421052,0.7886833663231179
227,3,1.0,0.02086798289262284,0.852,0.0044999999999999485,9,0.125,1.8179783383834056,0.04281019459963922,1.780222832612891,0.25597271086884515,0.9159673083893128,0.06393690040199904,0.9031354932199686,0.24978798664714333,0.5891070284355259,0.03029748959439647,0.6716094068278626,0.034301753719364836,95,0.7056332236842106,0.8568265252607656
227,3,1.0,0.02086798289262284,0.852,0.0044999999999999485,4,0.125,1.876289513463484,0.04418332028535645,1.8252703059321511,0.2668629129355666,0.9528455325831137,0.06651109636476528,0.9968924998487144,0.09651594659636221,1.0532776744032428,0.054169561454714334,1.2421993635965785,-0.43658801306961736,95,0.6863075657894737,0.8862261098795758
227,3,1.0,0.02086798289262284,0.852,0.0044999999999999485,3,0.125,2.1970623409513945,0.05173695658404036,1.9738075373443043,0.45331626118648444,1.1738619617755317,0.08193861794883799,1.0177787187882519,0.5350774619556781,0.9874531526850482,0.050784238133908984,0.8380852775707782,0.5759853595909931,95,0.7168174342105263,0.8275110422761429
227,3,1.0,0.02086798289262284,0.852,0.0044999999999999485,1,0.125,1.9812924688053741,0.046655955331008754,1.8537419457303923,0.3538449331048832,1.2931715487589996,0.0902667374243896,1.204212033950921,0.36954262858355597,1.7342261145258464,0.08919041043987125,1.6786251319799173,0.2583332935265794,95,0.6716282894736842,0.9201665238153545
227,3,1.0,0.02086798289262284,0.852,0.0044999999999999485,5,0.125,2.04812548013358,0.04822975528243424,1.8742484172595746,0.4051189420450307,1.1032009358273829,0.07700629456025081,0.9464134402682082,0.5458150246362236,0.9830495430424988,0.05055776261947277,0.7878834649673092,0.6866291898084697,95,0.7257401315789473,0.8573937677053824
227,3,1.0,0.02086798289262284,0.852,0.0044999999999999485,18,0.125,2.011428538635391,0.04736560680850576,1.8614829136510533,0.37891486077486836,1.1603986268457551,0.080998842154877,1.108166231111098,0.2998977064086649,1.2794388523445854,0.06580092147011125,1.1478655446084844,0.4976815036332454,95,0.7837171052631579,0.9511542497376705
227,3,1.0,0.02086798289262284,0.852,0.0044999999999999485,14,0.125,2.1721303434459096,0.05114985186313558,1.9958073203465927,0.39823705789905484,1.3447469903071965,0.09386683738347529,1.3391507550872226,0.16238821989750413,1.6016305175335415,0.08237108300661042,1.532760445205778,0.30345810234007653,95,0.6838404605263158,0.8251458120377608
228,3,1.0,0.02032735294339415,0.8425,-0.009499999999999953,7,0.125,1.9048027374524426,0.04489836386574723,1.7484624929166785,0.39684633704502514,1.0644053815214902,0.07443053876205911,0.9272504387570839,0.49291430241757395,0.9366099954931618,0.04818428833273478,0.8322517311919422,0.46163531928023865,95,0.7597861842105263,0.9111375690009741
228,3,1.0,0.02032735294339415,0.8425,-0.009499999999999953,12,0.125,1.9227624522178999,0.045321694740178345,1.7799431890085604,0.37826257502860133,1.0514381071725434,0.07352377782978356,0.87827637309208,0.5595654782891303,0.624047256621561,0.032104369044740746,0.532499320471582,0.5285633717571917,95,0.6958881578947368,0.8404632474592295
228,3,1.0,0.02032735294339415,0.8425,-0.009499999999999953,10,0.125,1.8577327002221131,0.04378886962931616,1.720663685325892,0.37756227490621,1.1144182046358613,0.07792777903727567,1.0822779166971845,0.2809788883947039,1.1023064673521867,0.05670861181229392,0.9818732400401354,0.47071032891767295,95,0.7438322368421053,0.9347705914870094
228,3,1.0,0.02032735294339415,0.8425,-0.009499999999999953,4,0.125,1.8634703886919872,0.04392411346302319,1.7822455292162664,0.3059241571194399,1.0525476756091188,0.07360136647971093,0.9609886086847786,0.4103569102617939,1.0758025208392794,0.05534510532946925,0.9478284400161322,0.49195344336892555,95,0.6721628289473685,0.8707408087110785
228,3,1.0,0.02032735294339415,0.8425,-0.009499999999999953,15,0.125,2.060654147976933,0.04857195861712668,1.9056346277014173,0.3811611429514084,1.2675556135143158,0.08863619901083532,1.2708379797924279,0.18200252834302666,1.3385076437883738,0.06886007895944918,1.4082117873029745,-0.04289787499835946,95,0.6194490131578947,0.8282110852970461
228,3,1.0,0.02032735294339415,0.8425,-0.009499999999999953,18,0.125,1.8054241618779023,0.0425558979721015,1.7305810941251074,0.3039794707257437,1.066722387566749,0.07459255974697471,0.964234876663851,0.4281938022102111,1.2176569407372566,0.06264286459162402,1.20461452414336,0.1914274591058065,95,0.7753700657894737,0.9536511640239699
228,3,1.0,0.02032735294339415,0.8425,-0.009499999999999953,8,0.125,2.0604090468814684,0.04856618130593761,1.849542188995526,0.449950980521205,1.1229375036968905,0.07852350697138392,0.9618785441375184,0.525448696863167,1.008443712940503,0.05187980361673771,0.8268161079316074,0.6208548263918964,95,0.6534128289473684,0.8261909256812032
228,3,1.0,0.02032735294339415,0.8425,-0.009499999999999953,16,0.125,2.107317200396395,0.04967185975934024,1.9106710373966753,0.42891903156219896,1.1521983367674649,0.0805696254971625,0.9441662588572226,0.6030399645255607,0.7658614158455953,0.0394000570798842,0.6176465626310401,0.5993536858856923,95,0.696875,0.8799858390370545
229,3,1.0,0.01979271846601995,0.8506,0.008099999999999996,19,0.125,2.182753525153442,0.05149323400432333,1.9740058679922132,0.43953925202808514,1.2714288693390858,0.08936208652232742,1.1071275377602836,0.5267182944485644,1.307230072125045,0.06807940004401677,1.2880470964530872,0.17085718921780155,95,0.6712582236842105,0.9106278713629403
229,3,1.0,0.01979271846601995,0.8506,0.008099999999999996,7,0.125,1.6652782133721775,0.03928549867646965,1.6028422668787476,0.30306001214280853,0.9391312305141938,0.06600662317873426,0.8687348187290062,0.38643270788502826,0.7686933191050467,0.04003287646025757,0.6757903978252261,0.525855692590564,95,0.76171875,0.9230229419703104
229,3,1.0,0.01979271846601995,0.8506,0.008099999999999996,18,0.125,1.76838417046357,0.04171786637834913,1.7178534535314218,0.27458535202921397,0.9304827662566844,0.06539876785162772,0.9620995830675981,0.1559466743733683,1.2716632465131135,0.0662271108404841,1.234990952244596,0.24664067709835447,95,0.7831003289473685,0.9542137043843528
229,3,1.0,0.01979271846601995,0.8506,0.008099999999999996,17,0.125,2.127595137394904,0.05019199511710085,1.9041657064686695,0.46159406606509934,1.1227550551417025,0.07891258158477064,0.9495231411828596,0.5634793143088572,0.6964840984702926,0.03627228333798594,0.627897574909498,0.44697107099164485,95,0.6606907894736842,0.8559870550161812
229,3,1.0,0.01979271846601995,0.8506,0.008099999999999996,15,0.125,1.8543213991279164,0.04374520742913733,1.7633872839528202,0.318323780314175,1.2269456845074729,0.08623559607715008,1.166942451937378,0.3113189269407307,1.3839393271026248,0.07207435102323323,1.4502669290752035,-0.20675195394363155,95,0.6315378289473684,0.8456279705710007
229,3,1.0,0.01979271846601995,0.8506,0.008099999999999996,13,0.125,2.2219478993298374,0.052417866610735574,1.9823950884637491,0.4747871502281684,1.2276046800074527,0.08628191342474785,1.045736942675634,0.5669972025549723,0.9565140728960119,0.049814417220804555,0.9845036067899411,0.0002738519167256114,95,0.6930509868421053,0.8414713734796796
229,3,1.0,0.01979271846601995,0.8506,0.008099999999999996,4,0.125,1.9012110814763494,0.04485137968254671,1.7674090309552504,0.3688182854187731,0.9671258436421187,0.06797421814281364,0.9070112385160327,0.35766849602521256,1.2352391459694414,0.06433017550749787,1.218246861047988,0.16677304763716957,95,0.6704769736842106,0.869434563964185
229,3,1.0,0.01979271846601995,0.8506,0.008099999999999996,0,0.125,1.7646834568486776,0.041630563020476304,1.6821627775093078,0.31720077389291396,1.1990101598673348,0.08427215413388486,1.203608215823073,0.16839002071426723,1.842811651789395,0.09597202078131566,1.7681822447281073,0.37665925618032287,95,0.8240953947368421,0.9703123440774374
230,3,1.0,0.01926413808919542,0.8553,0.0046999999999999265,14,0.125,1.9955542803947723,0.04711612396774457,1.843780085064021,0.38515326140859096,1.3255199635042576,0.09314513514143485,1.3293160074510546,0.13751324325907854,1.342819710136881,0.06971330205184917,1.5579653009268921,-0.5658783443795719,95,0.6996299342105263,0.8687628563032618
230,3,1.0,0.01926413808919542,0.8553,0.0046999999999999265,19,0.125,1.8558905325170085,0.04381858677546796,1.7509759222181767,0.33307761075970155,1.0771395907787984,0.07569128757898089,1.0153363901989667,0.3349843196624636,1.3697647758836404,0.0711121715300305,1.2235904281486378,0.5342588013115557,95,0.6888157894736842,0.9151743075453678
230,3,1.0,0.01926413808919542,0.8553,0.0046999999999999265,18,0.125,1.7954733162022836,0.042392103376024934,1.695756058092717,0.33186821416858203,1.0893719618216369,0.07655086411140306,1.0412759860100969,0.2996582857947142,1.2926831205511564,0.06711043050680539,1.4041590132537554,-0.21575444479257927,95,0.7887746710526315,0.9555335453265913
230,3,1.0,0.01926413808919542,0.8553,0.0046999999999999265,10,0.125,1.7838927919337055,0.04211868088764148,1.669691779379803,0.3531209795929225,1.0459760357509529,0.07350140464663915,0.9451661949980414,0.432402977625938,1.0610846417325832,0.05508685460398953,0.9270682978846797,0.5318348481051467,95,0.742516447368421,0.9369808395171115
230,3,1.0,0.01926413808919542,0.8553,0.0046999999999999265,5,0.125,1.9027659785877984,0.04492534160033684,1.7519743426070298,0.39170318023029854,1.0662824838590998,0.07492835173559548,0.9463136847751937,0.4730842658659028,1.0124944518105323,0.052564265338117526,0.8601116552877502,0.5851264069740215,95,0.72265625,0.8638406827880513
230,3,1.0,0.01926413808919542,0.8553,0.0046999999999999265,1,0.125,1.8892442868297392,0.044606087089755296,1.7539773434368926,0.37178448826112565,1.2345366676340774,0.08675168078180623,1.1251065640170763,0.426004042909611,1.837928883937188,0.0954171959709099,1.6045284580195,0.7415192851816981,95,0.6662006578947368,0.9264288359461795
230,3,1.0,0.01926413808919542,0.8553,0.0046999999999999265,9,0.125,1.8500391015735596,0.04368043130236016,1.752549834110163,0.3233050631848196,0.9287657865438288,0.06526496551108948,0.8785634558619937,0.3352813774337152,0.800014909303892,0.04153326064345587,0.7371237869544217,0.3898379452467491,95,0.7057154605263158,0.8538134358795082
230,3,1.0,0.01926413808919542,0.8553,0.0046999999999999265,8,0.125,2.0214931475704048,0.04772855475624118,1.8699680675858181,0.3827399337477983,1.127964752270643,0.07926280416574553,1.032493029530906,0.4072589482425258,0.9557111506992847,0.049616325721215424,0.9566292973299273,0.17318734680793765,95,0.6592516447368421,0.7919291461360943
